site_id,site_name,state,latitude,longitude,observation_date,rainfall_1d,rainfall_3d,rainfall_7d,soil_moisture,soil_moisture_quality,soil_moisture_observation_time,soil_moisture_source,rainfall_data_status,soil_moisture_data_status,overall_alignment_status,smap_matched_date,smap_date_offset_days,rainfall_source_file,smap_source_file,rainfall_units,soil_moisture_units,dynamic_trigger_score,dynamic_trigger_level,major_trigger_factors,calibration_disclaimer
NER_PILOT_01,"Gangtok, Sikkim",Sikkim,27.33,88.61,2025-05-04,10.039999961853027,,,,INVALID,N/A,INVALID_RETRIEVAL,INSUFFICIENT_HISTORY,INVALID_RETRIEVAL,PARTIAL_RAINFALL_ONLY,2025-05-04,0,3B-DAY.MS.MRG.3IMERG.20250504-S000000-E235959.V07B.nc4,SMAP_L3_SM_P_20250504_R19240_001.h5,mm/day,cm^3/cm^3,,INSUFFICIENT_DATA,"[""Missing or insufficient rainfall history""]",PROTOTYPE OPERATIONAL TRIGGER PARAMETERS — REQUIRES REGIONAL SCIENTIFIC CALIBRATION
NER_PILOT_02,"Guwahati, Assam",Assam,26.14,91.73,2025-05-04,6.119999885559082,,,0.1746077984571457,WARNING,AM_6AM,AM_NON_RECOMMENDED,INSUFFICIENT_HISTORY,VALID,COMPLETE,2025-05-04,0,3B-DAY.MS.MRG.3IMERG.20250504-S000000-E235959.V07B.nc4,SMAP_L3_SM_P_20250504_R19240_001.h5,mm/day,cm^3/cm^3,,INSUFFICIENT_DATA,"[""Missing or insufficient rainfall history""]",PROTOTYPE OPERATIONAL TRIGGER PARAMETERS — REQUIRES REGIONAL SCIENTIFIC CALIBRATION
NER_PILOT_03,"Shillong, Meghalaya",Meghalaya,25.57,91.88,2025-05-04,1.9999998807907104,,,0.13351760804653168,RECOMMENDED,AM_6AM,AM_RECOMMENDED,INSUFFICIENT_HISTORY,VALID,COMPLETE,2025-05-04,0,3B-DAY.MS.MRG.3IMERG.20250504-S000000-E235959.V07B.nc4,SMAP_L3_SM_P_20250504_R19240_001.h5,mm/day,cm^3/cm^3,,INSUFFICIENT_DATA,"[""Missing or insufficient rainfall history""]",PROTOTYPE OPERATIONAL TRIGGER PARAMETERS — REQUIRES REGIONAL SCIENTIFIC CALIBRATION
NER_PILOT_04,"Aizawl, Mizoram",Mizoram,23.73,92.71,2025-05-04,2.7099997997283936,,,,INVALID,N/A,INVALID_RETRIEVAL,INSUFFICIENT_HISTORY,INVALID_RETRIEVAL,PARTIAL_RAINFALL_ONLY,2025-05-04,0,3B-DAY.MS.MRG.3IMERG.20250504-S000000-E235959.V07B.nc4,SMAP_L3_SM_P_20250504_R19240_001.h5,mm/day,cm^3/cm^3,,INSUFFICIENT_DATA,"[""Missing or insufficient rainfall history""]",PROTOTYPE OPERATIONAL TRIGGER PARAMETERS — REQUIRES REGIONAL SCIENTIFIC CALIBRATION
NER_PILOT_05,"Kohima, Nagaland",Nagaland,25.67,94.11,2025-05-04,0.0,,,,INVALID,N/A,INVALID_RETRIEVAL,INSUFFICIENT_HISTORY,INVALID_RETRIEVAL,PARTIAL_RAINFALL_ONLY,2025-05-04,0,3B-DAY.MS.MRG.3IMERG.20250504-S000000-E235959.V07B.nc4,SMAP_L3_SM_P_20250504_R19240_001.h5,mm/day,cm^3/cm^3,,INSUFFICIENT_DATA,"[""Missing or insufficient rainfall history""]",PROTOTYPE OPERATIONAL TRIGGER PARAMETERS — REQUIRES REGIONAL SCIENTIFIC CALIBRATION
NER_PILOT_06,"Imphal, Manipur",Manipur,24.81,93.94,2025-05-04,0.014999999664723873,,,,INVALID,N/A,INVALID_RETRIEVAL,INSUFFICIENT_HISTORY,INVALID_RETRIEVAL,PARTIAL_RAINFALL_ONLY,2025-05-04,0,3B-DAY.MS.MRG.3IMERG.20250504-S000000-E235959.V07B.nc4,SMAP_L3_SM_P_20250504_R19240_001.h5,mm/day,cm^3/cm^3,,INSUFFICIENT_DATA,"[""Missing or insufficient rainfall history""]",PROTOTYPE OPERATIONAL TRIGGER PARAMETERS — REQUIRES REGIONAL SCIENTIFIC CALIBRATION
NER_PILOT_07,"Itanagar, Arunachal Pradesh",Arunachal Pradesh,27.08,93.61,2025-05-04,0.38999998569488525,,,,INVALID,N/A,INVALID_RETRIEVAL,INSUFFICIENT_HISTORY,INVALID_RETRIEVAL,PARTIAL_RAINFALL_ONLY,2025-05-04,0,3B-DAY.MS.MRG.3IMERG.20250504-S000000-E235959.V07B.nc4,SMAP_L3_SM_P_20250504_R19240_001.h5,mm/day,cm^3/cm^3,,INSUFFICIENT_DATA,"[""Missing or insufficient rainfall history""]",PROTOTYPE OPERATIONAL TRIGGER PARAMETERS — REQUIRES REGIONAL SCIENTIFIC CALIBRATION
NER_PILOT_08,"Agartala, Tripura",Tripura,23.83,91.28,2025-05-04,0.8700000047683716,,,0.21730054914951324,RECOMMENDED,AM_6AM,AM_RECOMMENDED,INSUFFICIENT_HISTORY,VALID,COMPLETE,2025-05-04,0,3B-DAY.MS.MRG.3IMERG.20250504-S000000-E235959.V07B.nc4,SMAP_L3_SM_P_20250504_R19240_001.h5,mm/day,cm^3/cm^3,,INSUFFICIENT_DATA,"[""Missing or insufficient rainfall history""]",PROTOTYPE OPERATIONAL TRIGGER PARAMETERS — REQUIRES REGIONAL SCIENTIFIC CALIBRATION
GSI_SITE_01,Kukinala slide (Hailakandi),Assam,24.27,92.5,2025-05-04,1.8700000047683716,,,0.21730054914951324,RECOMMENDED,AM_6AM,AM_RECOMMENDED,INSUFFICIENT_HISTORY,VALID,COMPLETE,2025-05-04,0,3B-DAY.MS.MRG.3IMERG.20250504-S000000-E235959.V07B.nc4,SMAP_L3_SM_P_20250504_R19240_001.h5,mm/day,cm^3/cm^3,,INSUFFICIENT_DATA,"[""Missing or insufficient rainfall history""]",PROTOTYPE OPERATIONAL TRIGGER PARAMETERS — REQUIRES REGIONAL SCIENTIFIC CALIBRATION
GSI_SITE_02,Jalnachaura slide (Hailakandi),Assam,24.31,92.56,2025-05-04,0.20500001311302185,,,0.21730054914951324,RECOMMENDED,AM_6AM,AM_RECOMMENDED,INSUFFICIENT_HISTORY,VALID,COMPLETE,2025-05-04,0,3B-DAY.MS.MRG.3IMERG.20250504-S000000-E235959.V07B.nc4,SMAP_L3_SM_P_20250504_R19240_001.h5,mm/day,cm^3/cm^3,,INSUFFICIENT_DATA,"[""Missing or insufficient rainfall history""]",PROTOTYPE OPERATIONAL TRIGGER PARAMETERS — REQUIRES REGIONAL SCIENTIFIC CALIBRATION
GSI_SITE_03,Nandagram slide (Hailakandi),Assam,24.32,92.51,2025-05-04,0.20500001311302185,,,0.21730054914951324,RECOMMENDED,AM_6AM,AM_RECOMMENDED,INSUFFICIENT_HISTORY,VALID,COMPLETE,2025-05-04,0,3B-DAY.MS.MRG.3IMERG.20250504-S000000-E235959.V07B.nc4,SMAP_L3_SM_P_20250504_R19240_001.h5,mm/day,cm^3/cm^3,,INSUFFICIENT_DATA,"[""Missing or insufficient rainfall history""]",PROTOTYPE OPERATIONAL TRIGGER PARAMETERS — REQUIRES REGIONAL SCIENTIFIC CALIBRATION
GSI_SITE_04,Nishkar slide (Hailakandi),Assam,24.43,92.55,2025-05-04,1.549999713897705,,,0.21730054914951324,RECOMMENDED,AM_6AM,AM_RECOMMENDED,INSUFFICIENT_HISTORY,VALID,COMPLETE,2025-05-04,0,3B-DAY.MS.MRG.3IMERG.20250504-S000000-E235959.V07B.nc4,SMAP_L3_SM_P_20250504_R19240_001.h5,mm/day,cm^3/cm^3,,INSUFFICIENT_DATA,"[""Missing or insufficient rainfall history""]",PROTOTYPE OPERATIONAL TRIGGER PARAMETERS — REQUIRES REGIONAL SCIENTIFIC CALIBRATION
GSI_SITE_05,Paglacherra slide (Karimganj),Assam,24.44,92.5,2025-05-04,4.359999656677246,,,0.21730054914951324,RECOMMENDED,AM_6AM,AM_RECOMMENDED,INSUFFICIENT_HISTORY,VALID,COMPLETE,2025-05-04,0,3B-DAY.MS.MRG.3IMERG.20250504-S000000-E235959.V07B.nc4,SMAP_L3_SM_P_20250504_R19240_001.h5,mm/day,cm^3/cm^3,,INSUFFICIENT_DATA,"[""Missing or insufficient rainfall history""]",PROTOTYPE OPERATIONAL TRIGGER PARAMETERS — REQUIRES REGIONAL SCIENTIFIC CALIBRATION
GSI_SITE_06,Lalpani slide (Hailakandi),Assam,24.44,92.56,2025-05-04,1.549999713897705,,,0.21730054914951324,RECOMMENDED,AM_6AM,AM_RECOMMENDED,INSUFFICIENT_HISTORY,VALID,COMPLETE,2025-05-04,0,3B-DAY.MS.MRG.3IMERG.20250504-S000000-E235959.V07B.nc4,SMAP_L3_SM_P_20250504_R19240_001.h5,mm/day,cm^3/cm^3,,INSUFFICIENT_DATA,"[""Missing or insufficient rainfall history""]",PROTOTYPE OPERATIONAL TRIGGER PARAMETERS — REQUIRES REGIONAL SCIENTIFIC CALIBRATION
GSI_SITE_07,Garapunjislide (Hailakandi),Assam,24.46,92.52,2025-05-04,1.549999713897705,,,,INVALID,N/A,INVALID_RETRIEVAL,INSUFFICIENT_HISTORY,INVALID_RETRIEVAL,PARTIAL_RAINFALL_ONLY,2025-05-04,0,3B-DAY.MS.MRG.3IMERG.20250504-S000000-E235959.V07B.nc4,SMAP_L3_SM_P_20250504_R19240_001.h5,mm/day,cm^3/cm^3,,INSUFFICIENT_DATA,"[""Missing or insufficient rainfall history""]",PROTOTYPE OPERATIONAL TRIGGER PARAMETERS — REQUIRES REGIONAL SCIENTIFIC CALIBRATION
NER_PILOT_01,"Gangtok, Sikkim",Sikkim,27.33,88.61,2025-05-05,8.244998931884766,,,0.12367115914821625,WARNING,PM_6PM,PM_NON_RECOMMENDED,INSUFFICIENT_HISTORY,VALID,COMPLETE,2025-05-05,0,3B-DAY.MS.MRG.3IMERG.20250505-S000000-E235959.V07B.nc4,SMAP_L3_SM_P_20250505_R19240_001.h5,mm/day,cm^3/cm^3,,INSUFFICIENT_DATA,"[""Missing or insufficient rainfall history""]",PROTOTYPE OPERATIONAL TRIGGER PARAMETERS — REQUIRES REGIONAL SCIENTIFIC CALIBRATION
NER_PILOT_02,"Guwahati, Assam",Assam,26.14,91.73,2025-05-05,1.2149999141693115,,,0.23135990649461746,WARNING,AM_PM_MEAN,AM_PM_NON_RECOMMENDED_MEAN,INSUFFICIENT_HISTORY,VALID,COMPLETE,2025-05-05,0,3B-DAY.MS.MRG.3IMERG.20250505-S000000-E235959.V07B.nc4,SMAP_L3_SM_P_20250505_R19240_001.h5,mm/day,cm^3/cm^3,,INSUFFICIENT_DATA,"[""Missing or insufficient rainfall history""]",PROTOTYPE OPERATIONAL TRIGGER PARAMETERS — REQUIRES REGIONAL SCIENTIFIC CALIBRATION
NER_PILOT_03,"Shillong, Meghalaya",Meghalaya,25.57,91.88,2025-05-05,5.729999542236328,,,0.28707632422447205,HIGH,AM_PM_MEAN,AM_PM_RECOMMENDED_MEAN,INSUFFICIENT_HISTORY,VALID,COMPLETE,2025-05-05,0,3B-DAY.MS.MRG.3IMERG.20250505-S000000-E235959.V07B.nc4,SMAP_L3_SM_P_20250505_R19240_001.h5,mm/day,cm^3/cm^3,,INSUFFICIENT_DATA,"[""Missing or insufficient rainfall history""]",PROTOTYPE OPERATIONAL TRIGGER PARAMETERS — REQUIRES REGIONAL SCIENTIFIC CALIBRATION
NER_PILOT_04,"Aizawl, Mizoram",Mizoram,23.73,92.71,2025-05-05,0.0,,,,INVALID,N/A,INVALID_RETRIEVAL,INSUFFICIENT_HISTORY,INVALID_RETRIEVAL,PARTIAL_RAINFALL_ONLY,2025-05-05,0,3B-DAY.MS.MRG.3IMERG.20250505-S000000-E235959.V07B.nc4,SMAP_L3_SM_P_20250505_R19240_001.h5,mm/day,cm^3/cm^3,,INSUFFICIENT_DATA,"[""Missing or insufficient rainfall history""]",PROTOTYPE OPERATIONAL TRIGGER PARAMETERS — REQUIRES REGIONAL SCIENTIFIC CALIBRATION
NER_PILOT_05,"Kohima, Nagaland",Nagaland,25.67,94.11,2025-05-05,0.0,,,,INVALID,N/A,INVALID_RETRIEVAL,INSUFFICIENT_HISTORY,INVALID_RETRIEVAL,PARTIAL_RAINFALL_ONLY,2025-05-05,0,3B-DAY.MS.MRG.3IMERG.20250505-S000000-E235959.V07B.nc4,SMAP_L3_SM_P_20250505_R19240_001.h5,mm/day,cm^3/cm^3,,INSUFFICIENT_DATA,"[""Missing or insufficient rainfall history""]",PROTOTYPE OPERATIONAL TRIGGER PARAMETERS — REQUIRES REGIONAL SCIENTIFIC CALIBRATION
NER_PILOT_06,"Imphal, Manipur",Manipur,24.81,93.94,2025-05-05,0.7049999833106995,,,,INVALID,N/A,INVALID_RETRIEVAL,INSUFFICIENT_HISTORY,INVALID_RETRIEVAL,PARTIAL_RAINFALL_ONLY,2025-05-05,0,3B-DAY.MS.MRG.3IMERG.20250505-S000000-E235959.V07B.nc4,SMAP_L3_SM_P_20250505_R19240_001.h5,mm/day,cm^3/cm^3,,INSUFFICIENT_DATA,"[""Missing or insufficient rainfall history""]",PROTOTYPE OPERATIONAL TRIGGER PARAMETERS — REQUIRES REGIONAL SCIENTIFIC CALIBRATION
NER_PILOT_07,"Itanagar, Arunachal Pradesh",Arunachal Pradesh,27.08,93.61,2025-05-05,7.080000400543213,,,,INVALID,N/A,INVALID_RETRIEVAL,INSUFFICIENT_HISTORY,INVALID_RETRIEVAL,PARTIAL_RAINFALL_ONLY,2025-05-05,0,3B-DAY.MS.MRG.3IMERG.20250505-S000000-E235959.V07B.nc4,SMAP_L3_SM_P_20250505_R19240_001.h5,mm/day,cm^3/cm^3,,INSUFFICIENT_DATA,"[""Missing or insufficient rainfall history""]",PROTOTYPE OPERATIONAL TRIGGER PARAMETERS — REQUIRES REGIONAL SCIENTIFIC CALIBRATION
NER_PILOT_08,"Agartala, Tripura",Tripura,23.83,91.28,2025-05-05,0.0,,,0.23541560024023056,HIGH,AM_PM_MEAN,AM_PM_RECOMMENDED_MEAN,INSUFFICIENT_HISTORY,VALID,COMPLETE,2025-05-05,0,3B-DAY.MS.MRG.3IMERG.20250505-S000000-E235959.V07B.nc4,SMAP_L3_SM_P_20250505_R19240_001.h5,mm/day,cm^3/cm^3,,INSUFFICIENT_DATA,"[""Missing or insufficient rainfall history""]",PROTOTYPE OPERATIONAL TRIGGER PARAMETERS — REQUIRES REGIONAL SCIENTIFIC CALIBRATION
GSI_SITE_01,Kukinala slide (Hailakandi),Assam,24.27,92.5,2025-05-05,0.0,,,0.23541560024023056,HIGH,AM_PM_MEAN,AM_PM_RECOMMENDED_MEAN,INSUFFICIENT_HISTORY,VALID,COMPLETE,2025-05-05,0,3B-DAY.MS.MRG.3IMERG.20250505-S000000-E235959.V07B.nc4,SMAP_L3_SM_P_20250505_R19240_001.h5,mm/day,cm^3/cm^3,,INSUFFICIENT_DATA,"[""Missing or insufficient rainfall history""]",PROTOTYPE OPERATIONAL TRIGGER PARAMETERS — REQUIRES REGIONAL SCIENTIFIC CALIBRATION
GSI_SITE_02,Jalnachaura slide (Hailakandi),Assam,24.31,92.56,2025-05-05,0.0,,,0.23541560024023056,HIGH,AM_PM_MEAN,AM_PM_RECOMMENDED_MEAN,INSUFFICIENT_HISTORY,VALID,COMPLETE,2025-05-05,0,3B-DAY.MS.MRG.3IMERG.20250505-S000000-E235959.V07B.nc4,SMAP_L3_SM_P_20250505_R19240_001.h5,mm/day,cm^3/cm^3,,INSUFFICIENT_DATA,"[""Missing or insufficient rainfall history""]",PROTOTYPE OPERATIONAL TRIGGER PARAMETERS — REQUIRES REGIONAL SCIENTIFIC CALIBRATION
GSI_SITE_03,Nandagram slide (Hailakandi),Assam,24.32,92.51,2025-05-05,0.0,,,0.23541560024023056,HIGH,AM_PM_MEAN,AM_PM_RECOMMENDED_MEAN,INSUFFICIENT_HISTORY,VALID,COMPLETE,2025-05-05,0,3B-DAY.MS.MRG.3IMERG.20250505-S000000-E235959.V07B.nc4,SMAP_L3_SM_P_20250505_R19240_001.h5,mm/day,cm^3/cm^3,,INSUFFICIENT_DATA,"[""Missing or insufficient rainfall history""]",PROTOTYPE OPERATIONAL TRIGGER PARAMETERS — REQUIRES REGIONAL SCIENTIFIC CALIBRATION
GSI_SITE_04,Nishkar slide (Hailakandi),Assam,24.43,92.55,2025-05-05,0.14499999582767487,,,0.23541560024023056,HIGH,AM_PM_MEAN,AM_PM_RECOMMENDED_MEAN,INSUFFICIENT_HISTORY,VALID,COMPLETE,2025-05-05,0,3B-DAY.MS.MRG.3IMERG.20250505-S000000-E235959.V07B.nc4,SMAP_L3_SM_P_20250505_R19240_001.h5,mm/day,cm^3/cm^3,,INSUFFICIENT_DATA,"[""Missing or insufficient rainfall history""]",PROTOTYPE OPERATIONAL TRIGGER PARAMETERS — REQUIRES REGIONAL SCIENTIFIC CALIBRATION
GSI_SITE_05,Paglacherra slide (Karimganj),Assam,24.44,92.5,2025-05-05,0.0,,,0.23541560024023056,HIGH,AM_PM_MEAN,AM_PM_RECOMMENDED_MEAN,INSUFFICIENT_HISTORY,VALID,COMPLETE,2025-05-05,0,3B-DAY.MS.MRG.3IMERG.20250505-S000000-E235959.V07B.nc4,SMAP_L3_SM_P_20250505_R19240_001.h5,mm/day,cm^3/cm^3,,INSUFFICIENT_DATA,"[""Missing or insufficient rainfall history""]",PROTOTYPE OPERATIONAL TRIGGER PARAMETERS — REQUIRES REGIONAL SCIENTIFIC CALIBRATION
GSI_SITE_06,Lalpani slide (Hailakandi),Assam,24.44,92.56,2025-05-05,0.14499999582767487,,,0.23541560024023056,HIGH,AM_PM_MEAN,AM_PM_RECOMMENDED_MEAN,INSUFFICIENT_HISTORY,VALID,COMPLETE,2025-05-05,0,3B-DAY.MS.MRG.3IMERG.20250505-S000000-E235959.V07B.nc4,SMAP_L3_SM_P_20250505_R19240_001.h5,mm/day,cm^3/cm^3,,INSUFFICIENT_DATA,"[""Missing or insufficient rainfall history""]",PROTOTYPE OPERATIONAL TRIGGER PARAMETERS — REQUIRES REGIONAL SCIENTIFIC CALIBRATION
GSI_SITE_07,Garapunjislide (Hailakandi),Assam,24.46,92.52,2025-05-05,0.14499999582767487,,,0.24187569320201874,HIGH,AM_PM_MEAN,AM_PM_RECOMMENDED_MEAN,INSUFFICIENT_HISTORY,VALID,COMPLETE,2025-05-05,0,3B-DAY.MS.MRG.3IMERG.20250505-S000000-E235959.V07B.nc4,SMAP_L3_SM_P_20250505_R19240_001.h5,mm/day,cm^3/cm^3,,INSUFFICIENT_DATA,"[""Missing or insufficient rainfall history""]",PROTOTYPE OPERATIONAL TRIGGER PARAMETERS — REQUIRES REGIONAL SCIENTIFIC CALIBRATION
NER_PILOT_01,"Gangtok, Sikkim",Sikkim,27.33,88.61,2025-06-23,17.0,,,,INVALID,N/A,INVALID_RETRIEVAL,INSUFFICIENT_HISTORY,INVALID_RETRIEVAL,PARTIAL_RAINFALL_ONLY,2025-06-23,0,3B-DAY.MS.MRG.3IMERG.20250623-S000000-E235959.V07B.nc4,SMAP_L3_SM_P_20250623_R19240_001.h5,mm/day,cm^3/cm^3,,INSUFFICIENT_DATA,"[""Missing or insufficient rainfall history""]",PROTOTYPE OPERATIONAL TRIGGER PARAMETERS — REQUIRES REGIONAL SCIENTIFIC CALIBRATION
NER_PILOT_02,"Guwahati, Assam",Assam,26.14,91.73,2025-06-23,26.025001525878906,,,,INVALID,N/A,INVALID_RETRIEVAL,INSUFFICIENT_HISTORY,INVALID_RETRIEVAL,PARTIAL_RAINFALL_ONLY,2025-06-23,0,3B-DAY.MS.MRG.3IMERG.20250623-S000000-E235959.V07B.nc4,SMAP_L3_SM_P_20250623_R19240_001.h5,mm/day,cm^3/cm^3,,INSUFFICIENT_DATA,"[""Missing or insufficient rainfall history""]",PROTOTYPE OPERATIONAL TRIGGER PARAMETERS — REQUIRES REGIONAL SCIENTIFIC CALIBRATION
NER_PILOT_03,"Shillong, Meghalaya",Meghalaya,25.57,91.88,2025-06-23,26.554996490478516,,,,INVALID,N/A,INVALID_RETRIEVAL,INSUFFICIENT_HISTORY,INVALID_RETRIEVAL,PARTIAL_RAINFALL_ONLY,2025-06-23,0,3B-DAY.MS.MRG.3IMERG.20250623-S000000-E235959.V07B.nc4,SMAP_L3_SM_P_20250623_R19240_001.h5,mm/day,cm^3/cm^3,,INSUFFICIENT_DATA,"[""Missing or insufficient rainfall history""]",PROTOTYPE OPERATIONAL TRIGGER PARAMETERS — REQUIRES REGIONAL SCIENTIFIC CALIBRATION
NER_PILOT_04,"Aizawl, Mizoram",Mizoram,23.73,92.71,2025-06-23,8.190000534057617,,,,INVALID,N/A,INVALID_RETRIEVAL,INSUFFICIENT_HISTORY,INVALID_RETRIEVAL,PARTIAL_RAINFALL_ONLY,2025-06-23,0,3B-DAY.MS.MRG.3IMERG.20250623-S000000-E235959.V07B.nc4,SMAP_L3_SM_P_20250623_R19240_001.h5,mm/day,cm^3/cm^3,,INSUFFICIENT_DATA,"[""Missing or insufficient rainfall history""]",PROTOTYPE OPERATIONAL TRIGGER PARAMETERS — REQUIRES REGIONAL SCIENTIFIC CALIBRATION
NER_PILOT_05,"Kohima, Nagaland",Nagaland,25.67,94.11,2025-06-23,30.709997177124023,,,,INVALID,N/A,INVALID_RETRIEVAL,INSUFFICIENT_HISTORY,INVALID_RETRIEVAL,PARTIAL_RAINFALL_ONLY,2025-06-23,0,3B-DAY.MS.MRG.3IMERG.20250623-S000000-E235959.V07B.nc4,SMAP_L3_SM_P_20250623_R19240_001.h5,mm/day,cm^3/cm^3,,INSUFFICIENT_DATA,"[""Missing or insufficient rainfall history""]",PROTOTYPE OPERATIONAL TRIGGER PARAMETERS — REQUIRES REGIONAL SCIENTIFIC CALIBRATION
NER_PILOT_06,"Imphal, Manipur",Manipur,24.81,93.94,2025-06-23,58.41500473022461,,,,INVALID,N/A,INVALID_RETRIEVAL,INSUFFICIENT_HISTORY,INVALID_RETRIEVAL,PARTIAL_RAINFALL_ONLY,2025-06-23,0,3B-DAY.MS.MRG.3IMERG.20250623-S000000-E235959.V07B.nc4,SMAP_L3_SM_P_20250623_R19240_001.h5,mm/day,cm^3/cm^3,,INSUFFICIENT_DATA,"[""Missing or insufficient rainfall history""]",PROTOTYPE OPERATIONAL TRIGGER PARAMETERS — REQUIRES REGIONAL SCIENTIFIC CALIBRATION
NER_PILOT_07,"Itanagar, Arunachal Pradesh",Arunachal Pradesh,27.08,93.61,2025-06-23,30.334999084472656,,,,INVALID,N/A,INVALID_RETRIEVAL,INSUFFICIENT_HISTORY,INVALID_RETRIEVAL,PARTIAL_RAINFALL_ONLY,2025-06-23,0,3B-DAY.MS.MRG.3IMERG.20250623-S000000-E235959.V07B.nc4,SMAP_L3_SM_P_20250623_R19240_001.h5,mm/day,cm^3/cm^3,,INSUFFICIENT_DATA,"[""Missing or insufficient rainfall history""]",PROTOTYPE OPERATIONAL TRIGGER PARAMETERS — REQUIRES REGIONAL SCIENTIFIC CALIBRATION
NER_PILOT_08,"Agartala, Tripura",Tripura,23.83,91.28,2025-06-23,15.00999927520752,,,,INVALID,N/A,INVALID_RETRIEVAL,INSUFFICIENT_HISTORY,INVALID_RETRIEVAL,PARTIAL_RAINFALL_ONLY,2025-06-23,0,3B-DAY.MS.MRG.3IMERG.20250623-S000000-E235959.V07B.nc4,SMAP_L3_SM_P_20250623_R19240_001.h5,mm/day,cm^3/cm^3,,INSUFFICIENT_DATA,"[""Missing or insufficient rainfall history""]",PROTOTYPE OPERATIONAL TRIGGER PARAMETERS — REQUIRES REGIONAL SCIENTIFIC CALIBRATION
GSI_SITE_01,Kukinala slide (Hailakandi),Assam,24.27,92.5,2025-06-23,17.549999237060547,,,,INVALID,N/A,INVALID_RETRIEVAL,INSUFFICIENT_HISTORY,INVALID_RETRIEVAL,PARTIAL_RAINFALL_ONLY,2025-06-23,0,3B-DAY.MS.MRG.3IMERG.20250623-S000000-E235959.V07B.nc4,SMAP_L3_SM_P_20250623_R19240_001.h5,mm/day,cm^3/cm^3,,INSUFFICIENT_DATA,"[""Missing or insufficient rainfall history""]",PROTOTYPE OPERATIONAL TRIGGER PARAMETERS — REQUIRES REGIONAL SCIENTIFIC CALIBRATION
GSI_SITE_02,Jalnachaura slide (Hailakandi),Assam,24.31,92.56,2025-06-23,19.969999313354492,,,,INVALID,N/A,INVALID_RETRIEVAL,INSUFFICIENT_HISTORY,INVALID_RETRIEVAL,PARTIAL_RAINFALL_ONLY,2025-06-23,0,3B-DAY.MS.MRG.3IMERG.20250623-S000000-E235959.V07B.nc4,SMAP_L3_SM_P_20250623_R19240_001.h5,mm/day,cm^3/cm^3,,INSUFFICIENT_DATA,"[""Missing or insufficient rainfall history""]",PROTOTYPE OPERATIONAL TRIGGER PARAMETERS — REQUIRES REGIONAL SCIENTIFIC CALIBRATION
GSI_SITE_03,Nandagram slide (Hailakandi),Assam,24.32,92.51,2025-06-23,19.969999313354492,,,,INVALID,N/A,INVALID_RETRIEVAL,INSUFFICIENT_HISTORY,INVALID_RETRIEVAL,PARTIAL_RAINFALL_ONLY,2025-06-23,0,3B-DAY.MS.MRG.3IMERG.20250623-S000000-E235959.V07B.nc4,SMAP_L3_SM_P_20250623_R19240_001.h5,mm/day,cm^3/cm^3,,INSUFFICIENT_DATA,"[""Missing or insufficient rainfall history""]",PROTOTYPE OPERATIONAL TRIGGER PARAMETERS — REQUIRES REGIONAL SCIENTIFIC CALIBRATION
GSI_SITE_04,Nishkar slide (Hailakandi),Assam,24.43,92.55,2025-06-23,20.5049991607666,,,,INVALID,N/A,INVALID_RETRIEVAL,INSUFFICIENT_HISTORY,INVALID_RETRIEVAL,PARTIAL_RAINFALL_ONLY,2025-06-23,0,3B-DAY.MS.MRG.3IMERG.20250623-S000000-E235959.V07B.nc4,SMAP_L3_SM_P_20250623_R19240_001.h5,mm/day,cm^3/cm^3,,INSUFFICIENT_DATA,"[""Missing or insufficient rainfall history""]",PROTOTYPE OPERATIONAL TRIGGER PARAMETERS — REQUIRES REGIONAL SCIENTIFIC CALIBRATION
GSI_SITE_05,Paglacherra slide (Karimganj),Assam,24.44,92.5,2025-06-23,16.889999389648438,,,,INVALID,N/A,INVALID_RETRIEVAL,INSUFFICIENT_HISTORY,INVALID_RETRIEVAL,PARTIAL_RAINFALL_ONLY,2025-06-23,0,3B-DAY.MS.MRG.3IMERG.20250623-S000000-E235959.V07B.nc4,SMAP_L3_SM_P_20250623_R19240_001.h5,mm/day,cm^3/cm^3,,INSUFFICIENT_DATA,"[""Missing or insufficient rainfall history""]",PROTOTYPE OPERATIONAL TRIGGER PARAMETERS — REQUIRES REGIONAL SCIENTIFIC CALIBRATION
GSI_SITE_06,Lalpani slide (Hailakandi),Assam,24.44,92.56,2025-06-23,20.5049991607666,,,,INVALID,N/A,INVALID_RETRIEVAL,INSUFFICIENT_HISTORY,INVALID_RETRIEVAL,PARTIAL_RAINFALL_ONLY,2025-06-23,0,3B-DAY.MS.MRG.3IMERG.20250623-S000000-E235959.V07B.nc4,SMAP_L3_SM_P_20250623_R19240_001.h5,mm/day,cm^3/cm^3,,INSUFFICIENT_DATA,"[""Missing or insufficient rainfall history""]",PROTOTYPE OPERATIONAL TRIGGER PARAMETERS — REQUIRES REGIONAL SCIENTIFIC CALIBRATION
GSI_SITE_07,Garapunjislide (Hailakandi),Assam,24.46,92.52,2025-06-23,20.5049991607666,,,,INVALID,N/A,INVALID_RETRIEVAL,INSUFFICIENT_HISTORY,INVALID_RETRIEVAL,PARTIAL_RAINFALL_ONLY,2025-06-23,0,3B-DAY.MS.MRG.3IMERG.20250623-S000000-E235959.V07B.nc4,SMAP_L3_SM_P_20250623_R19240_001.h5,mm/day,cm^3/cm^3,,INSUFFICIENT_DATA,"[""Missing or insufficient rainfall history""]",PROTOTYPE OPERATIONAL TRIGGER PARAMETERS — REQUIRES REGIONAL SCIENTIFIC CALIBRATION
NER_PILOT_01,"Gangtok, Sikkim",Sikkim,27.33,88.61,2025-06-24,3.6649999618530273,,,0.2103690356016159,WARNING,AM_PM_MEAN,AM_PM_NON_RECOMMENDED_MEAN,INSUFFICIENT_HISTORY,VALID,COMPLETE,2025-06-24,0,3B-DAY.MS.MRG.3IMERG.20250624-S000000-E235959.V07B.nc4,SMAP_L3_SM_P_20250624_R19240_002.h5,mm/day,cm^3/cm^3,,INSUFFICIENT_DATA,"[""Missing or insufficient rainfall history""]",PROTOTYPE OPERATIONAL TRIGGER PARAMETERS — REQUIRES REGIONAL SCIENTIFIC CALIBRATION
NER_PILOT_02,"Guwahati, Assam",Assam,26.14,91.73,2025-06-24,34.87999725341797,,,0.3230903446674347,WARNING,AM_PM_MEAN,AM_PM_NON_RECOMMENDED_MEAN,INSUFFICIENT_HISTORY,VALID,COMPLETE,2025-06-24,0,3B-DAY.MS.MRG.3IMERG.20250624-S000000-E235959.V07B.nc4,SMAP_L3_SM_P_20250624_R19240_002.h5,mm/day,cm^3/cm^3,,INSUFFICIENT_DATA,"[""Missing or insufficient rainfall history""]",PROTOTYPE OPERATIONAL TRIGGER PARAMETERS — REQUIRES REGIONAL SCIENTIFIC CALIBRATION
NER_PILOT_03,"Shillong, Meghalaya",Meghalaya,25.57,91.88,2025-06-24,6.029999732971191,,,0.195773646235466,HIGH,AM_PM_MEAN,AM_PM_RECOMMENDED_MEAN,INSUFFICIENT_HISTORY,VALID,COMPLETE,2025-06-24,0,3B-DAY.MS.MRG.3IMERG.20250624-S000000-E235959.V07B.nc4,SMAP_L3_SM_P_20250624_R19240_002.h5,mm/day,cm^3/cm^3,,INSUFFICIENT_DATA,"[""Missing or insufficient rainfall history""]",PROTOTYPE OPERATIONAL TRIGGER PARAMETERS — REQUIRES REGIONAL SCIENTIFIC CALIBRATION
NER_PILOT_04,"Aizawl, Mizoram",Mizoram,23.73,92.71,2025-06-24,22.89000129699707,,,,INVALID,N/A,INVALID_RETRIEVAL,INSUFFICIENT_HISTORY,INVALID_RETRIEVAL,PARTIAL_RAINFALL_ONLY,2025-06-24,0,3B-DAY.MS.MRG.3IMERG.20250624-S000000-E235959.V07B.nc4,SMAP_L3_SM_P_20250624_R19240_002.h5,mm/day,cm^3/cm^3,,INSUFFICIENT_DATA,"[""Missing or insufficient rainfall history""]",PROTOTYPE OPERATIONAL TRIGGER PARAMETERS — REQUIRES REGIONAL SCIENTIFIC CALIBRATION
NER_PILOT_05,"Kohima, Nagaland",Nagaland,25.67,94.11,2025-06-24,22.125,,,,INVALID,N/A,INVALID_RETRIEVAL,INSUFFICIENT_HISTORY,INVALID_RETRIEVAL,PARTIAL_RAINFALL_ONLY,2025-06-24,0,3B-DAY.MS.MRG.3IMERG.20250624-S000000-E235959.V07B.nc4,SMAP_L3_SM_P_20250624_R19240_002.h5,mm/day,cm^3/cm^3,,INSUFFICIENT_DATA,"[""Missing or insufficient rainfall history""]",PROTOTYPE OPERATIONAL TRIGGER PARAMETERS — REQUIRES REGIONAL SCIENTIFIC CALIBRATION
NER_PILOT_06,"Imphal, Manipur",Manipur,24.81,93.94,2025-06-24,37.60499954223633,,,,INVALID,N/A,INVALID_RETRIEVAL,INSUFFICIENT_HISTORY,INVALID_RETRIEVAL,PARTIAL_RAINFALL_ONLY,2025-06-24,0,3B-DAY.MS.MRG.3IMERG.20250624-S000000-E235959.V07B.nc4,SMAP_L3_SM_P_20250624_R19240_002.h5,mm/day,cm^3/cm^3,,INSUFFICIENT_DATA,"[""Missing or insufficient rainfall history""]",PROTOTYPE OPERATIONAL TRIGGER PARAMETERS — REQUIRES REGIONAL SCIENTIFIC CALIBRATION
NER_PILOT_07,"Itanagar, Arunachal Pradesh",Arunachal Pradesh,27.08,93.61,2025-06-24,51.23500061035156,,,0.12177963554859161,WARNING,PM_6PM,PM_NON_RECOMMENDED,INSUFFICIENT_HISTORY,VALID,COMPLETE,2025-06-24,0,3B-DAY.MS.MRG.3IMERG.20250624-S000000-E235959.V07B.nc4,SMAP_L3_SM_P_20250624_R19240_002.h5,mm/day,cm^3/cm^3,,INSUFFICIENT_DATA,"[""Missing or insufficient rainfall history""]",PROTOTYPE OPERATIONAL TRIGGER PARAMETERS — REQUIRES REGIONAL SCIENTIFIC CALIBRATION
NER_PILOT_08,"Agartala, Tripura",Tripura,23.83,91.28,2025-06-24,29.525001525878906,,,0.3705669939517975,HIGH,AM_PM_MEAN,AM_PM_RECOMMENDED_MEAN,INSUFFICIENT_HISTORY,VALID,COMPLETE,2025-06-24,0,3B-DAY.MS.MRG.3IMERG.20250624-S000000-E235959.V07B.nc4,SMAP_L3_SM_P_20250624_R19240_002.h5,mm/day,cm^3/cm^3,,INSUFFICIENT_DATA,"[""Missing or insufficient rainfall history""]",PROTOTYPE OPERATIONAL TRIGGER PARAMETERS — REQUIRES REGIONAL SCIENTIFIC CALIBRATION
GSI_SITE_01,Kukinala slide (Hailakandi),Assam,24.27,92.5,2025-06-24,35.72500228881836,,,0.3705669939517975,HIGH,AM_PM_MEAN,AM_PM_RECOMMENDED_MEAN,INSUFFICIENT_HISTORY,VALID,COMPLETE,2025-06-24,0,3B-DAY.MS.MRG.3IMERG.20250624-S000000-E235959.V07B.nc4,SMAP_L3_SM_P_20250624_R19240_002.h5,mm/day,cm^3/cm^3,,INSUFFICIENT_DATA,"[""Missing or insufficient rainfall history""]",PROTOTYPE OPERATIONAL TRIGGER PARAMETERS — REQUIRES REGIONAL SCIENTIFIC CALIBRATION
GSI_SITE_02,Jalnachaura slide (Hailakandi),Assam,24.31,92.56,2025-06-24,24.09000015258789,,,0.3705669939517975,HIGH,AM_PM_MEAN,AM_PM_RECOMMENDED_MEAN,INSUFFICIENT_HISTORY,VALID,COMPLETE,2025-06-24,0,3B-DAY.MS.MRG.3IMERG.20250624-S000000-E235959.V07B.nc4,SMAP_L3_SM_P_20250624_R19240_002.h5,mm/day,cm^3/cm^3,,INSUFFICIENT_DATA,"[""Missing or insufficient rainfall history""]",PROTOTYPE OPERATIONAL TRIGGER PARAMETERS — REQUIRES REGIONAL SCIENTIFIC CALIBRATION
GSI_SITE_03,Nandagram slide (Hailakandi),Assam,24.32,92.51,2025-06-24,24.09000015258789,,,0.3705669939517975,HIGH,AM_PM_MEAN,AM_PM_RECOMMENDED_MEAN,INSUFFICIENT_HISTORY,VALID,COMPLETE,2025-06-24,0,3B-DAY.MS.MRG.3IMERG.20250624-S000000-E235959.V07B.nc4,SMAP_L3_SM_P_20250624_R19240_002.h5,mm/day,cm^3/cm^3,,INSUFFICIENT_DATA,"[""Missing or insufficient rainfall history""]",PROTOTYPE OPERATIONAL TRIGGER PARAMETERS — REQUIRES REGIONAL SCIENTIFIC CALIBRATION
GSI_SITE_04,Nishkar slide (Hailakandi),Assam,24.43,92.55,2025-06-24,20.599998474121094,,,0.3705669939517975,HIGH,AM_PM_MEAN,AM_PM_RECOMMENDED_MEAN,INSUFFICIENT_HISTORY,VALID,COMPLETE,2025-06-24,0,3B-DAY.MS.MRG.3IMERG.20250624-S000000-E235959.V07B.nc4,SMAP_L3_SM_P_20250624_R19240_002.h5,mm/day,cm^3/cm^3,,INSUFFICIENT_DATA,"[""Missing or insufficient rainfall history""]",PROTOTYPE OPERATIONAL TRIGGER PARAMETERS — REQUIRES REGIONAL SCIENTIFIC CALIBRATION
GSI_SITE_05,Paglacherra slide (Karimganj),Assam,24.44,92.5,2025-06-24,24.46500015258789,,,0.3705669939517975,HIGH,AM_PM_MEAN,AM_PM_RECOMMENDED_MEAN,INSUFFICIENT_HISTORY,VALID,COMPLETE,2025-06-24,0,3B-DAY.MS.MRG.3IMERG.20250624-S000000-E235959.V07B.nc4,SMAP_L3_SM_P_20250624_R19240_002.h5,mm/day,cm^3/cm^3,,INSUFFICIENT_DATA,"[""Missing or insufficient rainfall history""]",PROTOTYPE OPERATIONAL TRIGGER PARAMETERS — REQUIRES REGIONAL SCIENTIFIC CALIBRATION
GSI_SITE_06,Lalpani slide (Hailakandi),Assam,24.44,92.56,2025-06-24,20.599998474121094,,,0.3705669939517975,HIGH,AM_PM_MEAN,AM_PM_RECOMMENDED_MEAN,INSUFFICIENT_HISTORY,VALID,COMPLETE,2025-06-24,0,3B-DAY.MS.MRG.3IMERG.20250624-S000000-E235959.V07B.nc4,SMAP_L3_SM_P_20250624_R19240_002.h5,mm/day,cm^3/cm^3,,INSUFFICIENT_DATA,"[""Missing or insufficient rainfall history""]",PROTOTYPE OPERATIONAL TRIGGER PARAMETERS — REQUIRES REGIONAL SCIENTIFIC CALIBRATION
GSI_SITE_07,Garapunjislide (Hailakandi),Assam,24.46,92.52,2025-06-24,20.599998474121094,,,0.4036337286233902,HIGH,AM_PM_MEAN,AM_PM_RECOMMENDED_MEAN,INSUFFICIENT_HISTORY,VALID,COMPLETE,2025-06-24,0,3B-DAY.MS.MRG.3IMERG.20250624-S000000-E235959.V07B.nc4,SMAP_L3_SM_P_20250624_R19240_002.h5,mm/day,cm^3/cm^3,,INSUFFICIENT_DATA,"[""Missing or insufficient rainfall history""]",PROTOTYPE OPERATIONAL TRIGGER PARAMETERS — REQUIRES REGIONAL SCIENTIFIC CALIBRATION
NER_PILOT_01,"Gangtok, Sikkim",Sikkim,27.33,88.61,2025-06-25,3.2350006103515625,23.90000057220459,,0.17457765340805054,WARNING,PM_6PM,PM_NON_RECOMMENDED,INSUFFICIENT_HISTORY,VALID,COMPLETE,2025-06-25,0,3B-DAY.MS.MRG.3IMERG.20250625-S000000-E235959.V07B.nc4,SMAP_L3_SM_P_20250625_R19240_001.h5,mm/day,cm^3/cm^3,,INSUFFICIENT_DATA,"[""Missing or insufficient rainfall history""]",PROTOTYPE OPERATIONAL TRIGGER PARAMETERS — REQUIRES REGIONAL SCIENTIFIC CALIBRATION
NER_PILOT_02,"Guwahati, Assam",Assam,26.14,91.73,2025-06-25,0.5799999833106995,61.484998762607574,,,INVALID,N/A,INVALID_RETRIEVAL,INSUFFICIENT_HISTORY,INVALID_RETRIEVAL,PARTIAL_RAINFALL_ONLY,2025-06-25,0,3B-DAY.MS.MRG.3IMERG.20250625-S000000-E235959.V07B.nc4,SMAP_L3_SM_P_20250625_R19240_001.h5,mm/day,cm^3/cm^3,,INSUFFICIENT_DATA,"[""Missing or insufficient rainfall history""]",PROTOTYPE OPERATIONAL TRIGGER PARAMETERS — REQUIRES REGIONAL SCIENTIFIC CALIBRATION
NER_PILOT_03,"Shillong, Meghalaya",Meghalaya,25.57,91.88,2025-06-25,7.744999885559082,40.32999610900879,,,INVALID,N/A,INVALID_RETRIEVAL,INSUFFICIENT_HISTORY,INVALID_RETRIEVAL,PARTIAL_RAINFALL_ONLY,2025-06-25,0,3B-DAY.MS.MRG.3IMERG.20250625-S000000-E235959.V07B.nc4,SMAP_L3_SM_P_20250625_R19240_001.h5,mm/day,cm^3/cm^3,,INSUFFICIENT_DATA,"[""Missing or insufficient rainfall history""]",PROTOTYPE OPERATIONAL TRIGGER PARAMETERS — REQUIRES REGIONAL SCIENTIFIC CALIBRATION
NER_PILOT_04,"Aizawl, Mizoram",Mizoram,23.73,92.71,2025-06-25,38.480003356933594,69.56000518798828,,,INVALID,N/A,INVALID_RETRIEVAL,INSUFFICIENT_HISTORY,INVALID_RETRIEVAL,PARTIAL_RAINFALL_ONLY,2025-06-25,0,3B-DAY.MS.MRG.3IMERG.20250625-S000000-E235959.V07B.nc4,SMAP_L3_SM_P_20250625_R19240_001.h5,mm/day,cm^3/cm^3,,INSUFFICIENT_DATA,"[""Missing or insufficient rainfall history""]",PROTOTYPE OPERATIONAL TRIGGER PARAMETERS — REQUIRES REGIONAL SCIENTIFIC CALIBRATION
NER_PILOT_05,"Kohima, Nagaland",Nagaland,25.67,94.11,2025-06-25,8.769999504089355,61.60499668121338,,,INVALID,N/A,INVALID_RETRIEVAL,INSUFFICIENT_HISTORY,INVALID_RETRIEVAL,PARTIAL_RAINFALL_ONLY,2025-06-25,0,3B-DAY.MS.MRG.3IMERG.20250625-S000000-E235959.V07B.nc4,SMAP_L3_SM_P_20250625_R19240_001.h5,mm/day,cm^3/cm^3,,INSUFFICIENT_DATA,"[""Missing or insufficient rainfall history""]",PROTOTYPE OPERATIONAL TRIGGER PARAMETERS — REQUIRES REGIONAL SCIENTIFIC CALIBRATION
NER_PILOT_06,"Imphal, Manipur",Manipur,24.81,93.94,2025-06-25,25.139997482299805,121.16000175476074,,,INVALID,N/A,INVALID_RETRIEVAL,INSUFFICIENT_HISTORY,INVALID_RETRIEVAL,PARTIAL_RAINFALL_ONLY,2025-06-25,0,3B-DAY.MS.MRG.3IMERG.20250625-S000000-E235959.V07B.nc4,SMAP_L3_SM_P_20250625_R19240_001.h5,mm/day,cm^3/cm^3,,INSUFFICIENT_DATA,"[""Missing or insufficient rainfall history""]",PROTOTYPE OPERATIONAL TRIGGER PARAMETERS — REQUIRES REGIONAL SCIENTIFIC CALIBRATION
NER_PILOT_07,"Itanagar, Arunachal Pradesh",Arunachal Pradesh,27.08,93.61,2025-06-25,3.8249998092651367,85.39499950408936,,,INVALID,N/A,INVALID_RETRIEVAL,INSUFFICIENT_HISTORY,INVALID_RETRIEVAL,PARTIAL_RAINFALL_ONLY,2025-06-25,0,3B-DAY.MS.MRG.3IMERG.20250625-S000000-E235959.V07B.nc4,SMAP_L3_SM_P_20250625_R19240_001.h5,mm/day,cm^3/cm^3,,INSUFFICIENT_DATA,"[""Missing or insufficient rainfall history""]",PROTOTYPE OPERATIONAL TRIGGER PARAMETERS — REQUIRES REGIONAL SCIENTIFIC CALIBRATION
NER_PILOT_08,"Agartala, Tripura",Tripura,23.83,91.28,2025-06-25,8.46500015258789,53.000000953674316,,0.2632232904434204,RECOMMENDED,PM_6PM,PM_RECOMMENDED,INSUFFICIENT_HISTORY,VALID,COMPLETE,2025-06-25,0,3B-DAY.MS.MRG.3IMERG.20250625-S000000-E235959.V07B.nc4,SMAP_L3_SM_P_20250625_R19240_001.h5,mm/day,cm^3/cm^3,,INSUFFICIENT_DATA,"[""Missing or insufficient rainfall history""]",PROTOTYPE OPERATIONAL TRIGGER PARAMETERS — REQUIRES REGIONAL SCIENTIFIC CALIBRATION
GSI_SITE_01,Kukinala slide (Hailakandi),Assam,24.27,92.5,2025-06-25,36.39500045776367,89.67000198364258,,0.2632232904434204,RECOMMENDED,PM_6PM,PM_RECOMMENDED,INSUFFICIENT_HISTORY,VALID,COMPLETE,2025-06-25,0,3B-DAY.MS.MRG.3IMERG.20250625-S000000-E235959.V07B.nc4,SMAP_L3_SM_P_20250625_R19240_001.h5,mm/day,cm^3/cm^3,,INSUFFICIENT_DATA,"[""Missing or insufficient rainfall history""]",PROTOTYPE OPERATIONAL TRIGGER PARAMETERS — REQUIRES REGIONAL SCIENTIFIC CALIBRATION
GSI_SITE_02,Jalnachaura slide (Hailakandi),Assam,24.31,92.56,2025-06-25,41.83000183105469,85.89000129699707,,0.2632232904434204,RECOMMENDED,PM_6PM,PM_RECOMMENDED,INSUFFICIENT_HISTORY,VALID,COMPLETE,2025-06-25,0,3B-DAY.MS.MRG.3IMERG.20250625-S000000-E235959.V07B.nc4,SMAP_L3_SM_P_20250625_R19240_001.h5,mm/day,cm^3/cm^3,,INSUFFICIENT_DATA,"[""Missing or insufficient rainfall history""]",PROTOTYPE OPERATIONAL TRIGGER PARAMETERS — REQUIRES REGIONAL SCIENTIFIC CALIBRATION
GSI_SITE_03,Nandagram slide (Hailakandi),Assam,24.32,92.51,2025-06-25,41.83000183105469,85.89000129699707,,0.2632232904434204,RECOMMENDED,PM_6PM,PM_RECOMMENDED,INSUFFICIENT_HISTORY,VALID,COMPLETE,2025-06-25,0,3B-DAY.MS.MRG.3IMERG.20250625-S000000-E235959.V07B.nc4,SMAP_L3_SM_P_20250625_R19240_001.h5,mm/day,cm^3/cm^3,,INSUFFICIENT_DATA,"[""Missing or insufficient rainfall history""]",PROTOTYPE OPERATIONAL TRIGGER PARAMETERS — REQUIRES REGIONAL SCIENTIFIC CALIBRATION
GSI_SITE_04,Nishkar slide (Hailakandi),Assam,24.43,92.55,2025-06-25,39.15999984741211,80.2649974822998,,0.2632232904434204,RECOMMENDED,PM_6PM,PM_RECOMMENDED,INSUFFICIENT_HISTORY,VALID,COMPLETE,2025-06-25,0,3B-DAY.MS.MRG.3IMERG.20250625-S000000-E235959.V07B.nc4,SMAP_L3_SM_P_20250625_R19240_001.h5,mm/day,cm^3/cm^3,,INSUFFICIENT_DATA,"[""Missing or insufficient rainfall history""]",PROTOTYPE OPERATIONAL TRIGGER PARAMETERS — REQUIRES REGIONAL SCIENTIFIC CALIBRATION
GSI_SITE_05,Paglacherra slide (Karimganj),Assam,24.44,92.5,2025-06-25,35.93500518798828,77.29000473022461,,0.2632232904434204,RECOMMENDED,PM_6PM,PM_RECOMMENDED,INSUFFICIENT_HISTORY,VALID,COMPLETE,2025-06-25,0,3B-DAY.MS.MRG.3IMERG.20250625-S000000-E235959.V07B.nc4,SMAP_L3_SM_P_20250625_R19240_001.h5,mm/day,cm^3/cm^3,,INSUFFICIENT_DATA,"[""Missing or insufficient rainfall history""]",PROTOTYPE OPERATIONAL TRIGGER PARAMETERS — REQUIRES REGIONAL SCIENTIFIC CALIBRATION
GSI_SITE_06,Lalpani slide (Hailakandi),Assam,24.44,92.56,2025-06-25,39.15999984741211,80.2649974822998,,0.2632232904434204,RECOMMENDED,PM_6PM,PM_RECOMMENDED,INSUFFICIENT_HISTORY,VALID,COMPLETE,2025-06-25,0,3B-DAY.MS.MRG.3IMERG.20250625-S000000-E235959.V07B.nc4,SMAP_L3_SM_P_20250625_R19240_001.h5,mm/day,cm^3/cm^3,,INSUFFICIENT_DATA,"[""Missing or insufficient rainfall history""]",PROTOTYPE OPERATIONAL TRIGGER PARAMETERS — REQUIRES REGIONAL SCIENTIFIC CALIBRATION
GSI_SITE_07,Garapunjislide (Hailakandi),Assam,24.46,92.52,2025-06-25,39.15999984741211,80.2649974822998,,0.33940616250038147,RECOMMENDED,PM_6PM,PM_RECOMMENDED,INSUFFICIENT_HISTORY,VALID,COMPLETE,2025-06-25,0,3B-DAY.MS.MRG.3IMERG.20250625-S000000-E235959.V07B.nc4,SMAP_L3_SM_P_20250625_R19240_001.h5,mm/day,cm^3/cm^3,,INSUFFICIENT_DATA,"[""Missing or insufficient rainfall history""]",PROTOTYPE OPERATIONAL TRIGGER PARAMETERS — REQUIRES REGIONAL SCIENTIFIC CALIBRATION
NER_PILOT_01,"Gangtok, Sikkim",Sikkim,27.33,88.61,2025-06-26,3.549999713897705,10.450000286102295,,0.2533004581928253,WARNING,AM_6AM,AM_NON_RECOMMENDED,INSUFFICIENT_HISTORY,VALID,COMPLETE,2025-06-26,0,3B-DAY.MS.MRG.3IMERG.20250626-S000000-E235959.V07B.nc4,SMAP_L3_SM_P_20250626_R19240_001.h5,mm/day,cm^3/cm^3,,INSUFFICIENT_DATA,"[""Missing or insufficient rainfall history""]",PROTOTYPE OPERATIONAL TRIGGER PARAMETERS — REQUIRES REGIONAL SCIENTIFIC CALIBRATION
NER_PILOT_02,"Guwahati, Assam",Assam,26.14,91.73,2025-06-26,1.3899999856948853,36.84999722242355,,,INVALID,N/A,INVALID_RETRIEVAL,INSUFFICIENT_HISTORY,INVALID_RETRIEVAL,PARTIAL_RAINFALL_ONLY,2025-06-26,0,3B-DAY.MS.MRG.3IMERG.20250626-S000000-E235959.V07B.nc4,SMAP_L3_SM_P_20250626_R19240_001.h5,mm/day,cm^3/cm^3,,INSUFFICIENT_DATA,"[""Missing or insufficient rainfall history""]",PROTOTYPE OPERATIONAL TRIGGER PARAMETERS — REQUIRES REGIONAL SCIENTIFIC CALIBRATION
NER_PILOT_03,"Shillong, Meghalaya",Meghalaya,25.57,91.88,2025-06-26,3.3899998664855957,17.16499948501587,,,INVALID,N/A,INVALID_RETRIEVAL,INSUFFICIENT_HISTORY,INVALID_RETRIEVAL,PARTIAL_RAINFALL_ONLY,2025-06-26,0,3B-DAY.MS.MRG.3IMERG.20250626-S000000-E235959.V07B.nc4,SMAP_L3_SM_P_20250626_R19240_001.h5,mm/day,cm^3/cm^3,,INSUFFICIENT_DATA,"[""Missing or insufficient rainfall history""]",PROTOTYPE OPERATIONAL TRIGGER PARAMETERS — REQUIRES REGIONAL SCIENTIFIC CALIBRATION
NER_PILOT_04,"Aizawl, Mizoram",Mizoram,23.73,92.71,2025-06-26,1.4800000190734863,62.85000467300415,,,INVALID,N/A,INVALID_RETRIEVAL,INSUFFICIENT_HISTORY,INVALID_RETRIEVAL,PARTIAL_RAINFALL_ONLY,2025-06-26,0,3B-DAY.MS.MRG.3IMERG.20250626-S000000-E235959.V07B.nc4,SMAP_L3_SM_P_20250626_R19240_001.h5,mm/day,cm^3/cm^3,,INSUFFICIENT_DATA,"[""Missing or insufficient rainfall history""]",PROTOTYPE OPERATIONAL TRIGGER PARAMETERS — REQUIRES REGIONAL SCIENTIFIC CALIBRATION
NER_PILOT_05,"Kohima, Nagaland",Nagaland,25.67,94.11,2025-06-26,4.335000038146973,35.22999954223633,,0.039964791387319565,WARNING,AM_6AM,AM_NON_RECOMMENDED,INSUFFICIENT_HISTORY,VALID,COMPLETE,2025-06-26,0,3B-DAY.MS.MRG.3IMERG.20250626-S000000-E235959.V07B.nc4,SMAP_L3_SM_P_20250626_R19240_001.h5,mm/day,cm^3/cm^3,,INSUFFICIENT_DATA,"[""Missing or insufficient rainfall history""]",PROTOTYPE OPERATIONAL TRIGGER PARAMETERS — REQUIRES REGIONAL SCIENTIFIC CALIBRATION
NER_PILOT_06,"Imphal, Manipur",Manipur,24.81,93.94,2025-06-26,16.53499984741211,79.27999687194824,,,INVALID,N/A,INVALID_RETRIEVAL,INSUFFICIENT_HISTORY,INVALID_RETRIEVAL,PARTIAL_RAINFALL_ONLY,2025-06-26,0,3B-DAY.MS.MRG.3IMERG.20250626-S000000-E235959.V07B.nc4,SMAP_L3_SM_P_20250626_R19240_001.h5,mm/day,cm^3/cm^3,,INSUFFICIENT_DATA,"[""Missing or insufficient rainfall history""]",PROTOTYPE OPERATIONAL TRIGGER PARAMETERS — REQUIRES REGIONAL SCIENTIFIC CALIBRATION
NER_PILOT_07,"Itanagar, Arunachal Pradesh",Arunachal Pradesh,27.08,93.61,2025-06-26,2.989999771118164,58.05000019073486,,0.10364674404263496,WARNING,AM_PM_MEAN,AM_PM_NON_RECOMMENDED_MEAN,INSUFFICIENT_HISTORY,VALID,COMPLETE,2025-06-26,0,3B-DAY.MS.MRG.3IMERG.20250626-S000000-E235959.V07B.nc4,SMAP_L3_SM_P_20250626_R19240_001.h5,mm/day,cm^3/cm^3,,INSUFFICIENT_DATA,"[""Missing or insufficient rainfall history""]",PROTOTYPE OPERATIONAL TRIGGER PARAMETERS — REQUIRES REGIONAL SCIENTIFIC CALIBRATION
NER_PILOT_08,"Agartala, Tripura",Tripura,23.83,91.28,2025-06-26,2.43500018119812,40.42500185966492,,0.42589694261550903,RECOMMENDED,AM_6AM,AM_RECOMMENDED,INSUFFICIENT_HISTORY,VALID,COMPLETE,2025-06-26,0,3B-DAY.MS.MRG.3IMERG.20250626-S000000-E235959.V07B.nc4,SMAP_L3_SM_P_20250626_R19240_001.h5,mm/day,cm^3/cm^3,,INSUFFICIENT_DATA,"[""Missing or insufficient rainfall history""]",PROTOTYPE OPERATIONAL TRIGGER PARAMETERS — REQUIRES REGIONAL SCIENTIFIC CALIBRATION
GSI_SITE_01,Kukinala slide (Hailakandi),Assam,24.27,92.5,2025-06-26,3.575000286102295,75.69500303268433,,0.42589694261550903,RECOMMENDED,AM_6AM,AM_RECOMMENDED,INSUFFICIENT_HISTORY,VALID,COMPLETE,2025-06-26,0,3B-DAY.MS.MRG.3IMERG.20250626-S000000-E235959.V07B.nc4,SMAP_L3_SM_P_20250626_R19240_001.h5,mm/day,cm^3/cm^3,,INSUFFICIENT_DATA,"[""Missing or insufficient rainfall history""]",PROTOTYPE OPERATIONAL TRIGGER PARAMETERS — REQUIRES REGIONAL SCIENTIFIC CALIBRATION
GSI_SITE_02,Jalnachaura slide (Hailakandi),Assam,24.31,92.56,2025-06-26,6.309999465942383,72.23000144958496,,0.42589694261550903,RECOMMENDED,AM_6AM,AM_RECOMMENDED,INSUFFICIENT_HISTORY,VALID,COMPLETE,2025-06-26,0,3B-DAY.MS.MRG.3IMERG.20250626-S000000-E235959.V07B.nc4,SMAP_L3_SM_P_20250626_R19240_001.h5,mm/day,cm^3/cm^3,,INSUFFICIENT_DATA,"[""Missing or insufficient rainfall history""]",PROTOTYPE OPERATIONAL TRIGGER PARAMETERS — REQUIRES REGIONAL SCIENTIFIC CALIBRATION
GSI_SITE_03,Nandagram slide (Hailakandi),Assam,24.32,92.51,2025-06-26,6.309999465942383,72.23000144958496,,0.42589694261550903,RECOMMENDED,AM_6AM,AM_RECOMMENDED,INSUFFICIENT_HISTORY,VALID,COMPLETE,2025-06-26,0,3B-DAY.MS.MRG.3IMERG.20250626-S000000-E235959.V07B.nc4,SMAP_L3_SM_P_20250626_R19240_001.h5,mm/day,cm^3/cm^3,,INSUFFICIENT_DATA,"[""Missing or insufficient rainfall history""]",PROTOTYPE OPERATIONAL TRIGGER PARAMETERS — REQUIRES REGIONAL SCIENTIFIC CALIBRATION
GSI_SITE_04,Nishkar slide (Hailakandi),Assam,24.43,92.55,2025-06-26,9.540000915527344,69.29999923706055,,0.42589694261550903,RECOMMENDED,AM_6AM,AM_RECOMMENDED,INSUFFICIENT_HISTORY,VALID,COMPLETE,2025-06-26,0,3B-DAY.MS.MRG.3IMERG.20250626-S000000-E235959.V07B.nc4,SMAP_L3_SM_P_20250626_R19240_001.h5,mm/day,cm^3/cm^3,,INSUFFICIENT_DATA,"[""Missing or insufficient rainfall history""]",PROTOTYPE OPERATIONAL TRIGGER PARAMETERS — REQUIRES REGIONAL SCIENTIFIC CALIBRATION
GSI_SITE_05,Paglacherra slide (Karimganj),Assam,24.44,92.5,2025-06-26,3.4449996948242188,63.84500503540039,,0.42589694261550903,RECOMMENDED,AM_6AM,AM_RECOMMENDED,INSUFFICIENT_HISTORY,VALID,COMPLETE,2025-06-26,0,3B-DAY.MS.MRG.3IMERG.20250626-S000000-E235959.V07B.nc4,SMAP_L3_SM_P_20250626_R19240_001.h5,mm/day,cm^3/cm^3,,INSUFFICIENT_DATA,"[""Missing or insufficient rainfall history""]",PROTOTYPE OPERATIONAL TRIGGER PARAMETERS — REQUIRES REGIONAL SCIENTIFIC CALIBRATION
GSI_SITE_06,Lalpani slide (Hailakandi),Assam,24.44,92.56,2025-06-26,9.540000915527344,69.29999923706055,,0.42589694261550903,RECOMMENDED,AM_6AM,AM_RECOMMENDED,INSUFFICIENT_HISTORY,VALID,COMPLETE,2025-06-26,0,3B-DAY.MS.MRG.3IMERG.20250626-S000000-E235959.V07B.nc4,SMAP_L3_SM_P_20250626_R19240_001.h5,mm/day,cm^3/cm^3,,INSUFFICIENT_DATA,"[""Missing or insufficient rainfall history""]",PROTOTYPE OPERATIONAL TRIGGER PARAMETERS — REQUIRES REGIONAL SCIENTIFIC CALIBRATION
GSI_SITE_07,Garapunjislide (Hailakandi),Assam,24.46,92.52,2025-06-26,9.540000915527344,69.29999923706055,,0.4984129071235657,RECOMMENDED,AM_6AM,AM_RECOMMENDED,INSUFFICIENT_HISTORY,VALID,COMPLETE,2025-06-26,0,3B-DAY.MS.MRG.3IMERG.20250626-S000000-E235959.V07B.nc4,SMAP_L3_SM_P_20250626_R19240_001.h5,mm/day,cm^3/cm^3,,INSUFFICIENT_DATA,"[""Missing or insufficient rainfall history""]",PROTOTYPE OPERATIONAL TRIGGER PARAMETERS — REQUIRES REGIONAL SCIENTIFIC CALIBRATION
NER_PILOT_01,"Gangtok, Sikkim",Sikkim,27.33,88.61,2025-06-27,20.924997329711914,27.70999765396118,,0.25472089648246765,WARNING,PM_6PM,PM_NON_RECOMMENDED,INSUFFICIENT_HISTORY,VALID,COMPLETE,2025-06-27,0,3B-DAY.MS.MRG.3IMERG.20250627-S000000-E235959.V07B.nc4,SMAP_L3_SM_P_20250627_R19240_001.h5,mm/day,cm^3/cm^3,,INSUFFICIENT_DATA,"[""Missing or insufficient rainfall history""]",PROTOTYPE OPERATIONAL TRIGGER PARAMETERS — REQUIRES REGIONAL SCIENTIFIC CALIBRATION
NER_PILOT_02,"Guwahati, Assam",Assam,26.14,91.73,2025-06-27,13.0600004196167,15.030000388622284,,0.21704111993312836,WARNING,PM_6PM,PM_NON_RECOMMENDED,INSUFFICIENT_HISTORY,VALID,COMPLETE,2025-06-27,0,3B-DAY.MS.MRG.3IMERG.20250627-S000000-E235959.V07B.nc4,SMAP_L3_SM_P_20250627_R19240_001.h5,mm/day,cm^3/cm^3,,INSUFFICIENT_DATA,"[""Missing or insufficient rainfall history""]",PROTOTYPE OPERATIONAL TRIGGER PARAMETERS — REQUIRES REGIONAL SCIENTIFIC CALIBRATION
NER_PILOT_03,"Shillong, Meghalaya",Meghalaya,25.57,91.88,2025-06-27,3.9649996757507324,15.09999942779541,,0.2886492609977722,RECOMMENDED,PM_6PM,PM_RECOMMENDED,INSUFFICIENT_HISTORY,VALID,COMPLETE,2025-06-27,0,3B-DAY.MS.MRG.3IMERG.20250627-S000000-E235959.V07B.nc4,SMAP_L3_SM_P_20250627_R19240_001.h5,mm/day,cm^3/cm^3,,INSUFFICIENT_DATA,"[""Missing or insufficient rainfall history""]",PROTOTYPE OPERATIONAL TRIGGER PARAMETERS — REQUIRES REGIONAL SCIENTIFIC CALIBRATION
NER_PILOT_04,"Aizawl, Mizoram",Mizoram,23.73,92.71,2025-06-27,0.5999999642372131,40.56000334024429,,,INVALID,N/A,INVALID_RETRIEVAL,INSUFFICIENT_HISTORY,INVALID_RETRIEVAL,PARTIAL_RAINFALL_ONLY,2025-06-27,0,3B-DAY.MS.MRG.3IMERG.20250627-S000000-E235959.V07B.nc4,SMAP_L3_SM_P_20250627_R19240_001.h5,mm/day,cm^3/cm^3,,INSUFFICIENT_DATA,"[""Missing or insufficient rainfall history""]",PROTOTYPE OPERATIONAL TRIGGER PARAMETERS — REQUIRES REGIONAL SCIENTIFIC CALIBRATION
NER_PILOT_05,"Kohima, Nagaland",Nagaland,25.67,94.11,2025-06-27,0.9599999785423279,14.064999520778656,,,INVALID,N/A,INVALID_RETRIEVAL,INSUFFICIENT_HISTORY,INVALID_RETRIEVAL,PARTIAL_RAINFALL_ONLY,2025-06-27,0,3B-DAY.MS.MRG.3IMERG.20250627-S000000-E235959.V07B.nc4,SMAP_L3_SM_P_20250627_R19240_001.h5,mm/day,cm^3/cm^3,,INSUFFICIENT_DATA,"[""Missing or insufficient rainfall history""]",PROTOTYPE OPERATIONAL TRIGGER PARAMETERS — REQUIRES REGIONAL SCIENTIFIC CALIBRATION
NER_PILOT_06,"Imphal, Manipur",Manipur,24.81,93.94,2025-06-27,2.440000057220459,44.11499738693237,,,INVALID,N/A,INVALID_RETRIEVAL,INSUFFICIENT_HISTORY,INVALID_RETRIEVAL,PARTIAL_RAINFALL_ONLY,2025-06-27,0,3B-DAY.MS.MRG.3IMERG.20250627-S000000-E235959.V07B.nc4,SMAP_L3_SM_P_20250627_R19240_001.h5,mm/day,cm^3/cm^3,,INSUFFICIENT_DATA,"[""Missing or insufficient rainfall history""]",PROTOTYPE OPERATIONAL TRIGGER PARAMETERS — REQUIRES REGIONAL SCIENTIFIC CALIBRATION
NER_PILOT_07,"Itanagar, Arunachal Pradesh",Arunachal Pradesh,27.08,93.61,2025-06-27,2.330000162124634,9.144999742507935,,0.1099376454949379,WARNING,AM_6AM,AM_NON_RECOMMENDED,INSUFFICIENT_HISTORY,VALID,COMPLETE,2025-06-27,0,3B-DAY.MS.MRG.3IMERG.20250627-S000000-E235959.V07B.nc4,SMAP_L3_SM_P_20250627_R19240_001.h5,mm/day,cm^3/cm^3,,INSUFFICIENT_DATA,"[""Missing or insufficient rainfall history""]",PROTOTYPE OPERATIONAL TRIGGER PARAMETERS — REQUIRES REGIONAL SCIENTIFIC CALIBRATION
NER_PILOT_08,"Agartala, Tripura",Tripura,23.83,91.28,2025-06-27,0.0,10.90000033378601,,0.3625835180282593,RECOMMENDED,PM_6PM,PM_RECOMMENDED,INSUFFICIENT_HISTORY,VALID,COMPLETE,2025-06-27,0,3B-DAY.MS.MRG.3IMERG.20250627-S000000-E235959.V07B.nc4,SMAP_L3_SM_P_20250627_R19240_001.h5,mm/day,cm^3/cm^3,,INSUFFICIENT_DATA,"[""Missing or insufficient rainfall history""]",PROTOTYPE OPERATIONAL TRIGGER PARAMETERS — REQUIRES REGIONAL SCIENTIFIC CALIBRATION
GSI_SITE_01,Kukinala slide (Hailakandi),Assam,24.27,92.5,2025-06-27,7.710000038146973,47.68000078201294,,0.3625835180282593,RECOMMENDED,PM_6PM,PM_RECOMMENDED,INSUFFICIENT_HISTORY,VALID,COMPLETE,2025-06-27,0,3B-DAY.MS.MRG.3IMERG.20250627-S000000-E235959.V07B.nc4,SMAP_L3_SM_P_20250627_R19240_001.h5,mm/day,cm^3/cm^3,,INSUFFICIENT_DATA,"[""Missing or insufficient rainfall history""]",PROTOTYPE OPERATIONAL TRIGGER PARAMETERS — REQUIRES REGIONAL SCIENTIFIC CALIBRATION
GSI_SITE_02,Jalnachaura slide (Hailakandi),Assam,24.31,92.56,2025-06-27,35.034996032714844,83.17499732971191,,0.3625835180282593,RECOMMENDED,PM_6PM,PM_RECOMMENDED,INSUFFICIENT_HISTORY,VALID,COMPLETE,2025-06-27,0,3B-DAY.MS.MRG.3IMERG.20250627-S000000-E235959.V07B.nc4,SMAP_L3_SM_P_20250627_R19240_001.h5,mm/day,cm^3/cm^3,,INSUFFICIENT_DATA,"[""Missing or insufficient rainfall history""]",PROTOTYPE OPERATIONAL TRIGGER PARAMETERS — REQUIRES REGIONAL SCIENTIFIC CALIBRATION
GSI_SITE_03,Nandagram slide (Hailakandi),Assam,24.32,92.51,2025-06-27,35.034996032714844,83.17499732971191,,0.3625835180282593,RECOMMENDED,PM_6PM,PM_RECOMMENDED,INSUFFICIENT_HISTORY,VALID,COMPLETE,2025-06-27,0,3B-DAY.MS.MRG.3IMERG.20250627-S000000-E235959.V07B.nc4,SMAP_L3_SM_P_20250627_R19240_001.h5,mm/day,cm^3/cm^3,,INSUFFICIENT_DATA,"[""Missing or insufficient rainfall history""]",PROTOTYPE OPERATIONAL TRIGGER PARAMETERS — REQUIRES REGIONAL SCIENTIFIC CALIBRATION
GSI_SITE_04,Nishkar slide (Hailakandi),Assam,24.43,92.55,2025-06-27,6.375000953674316,55.07500171661377,,0.3625835180282593,RECOMMENDED,PM_6PM,PM_RECOMMENDED,INSUFFICIENT_HISTORY,VALID,COMPLETE,2025-06-27,0,3B-DAY.MS.MRG.3IMERG.20250627-S000000-E235959.V07B.nc4,SMAP_L3_SM_P_20250627_R19240_001.h5,mm/day,cm^3/cm^3,,INSUFFICIENT_DATA,"[""Missing or insufficient rainfall history""]",PROTOTYPE OPERATIONAL TRIGGER PARAMETERS — REQUIRES REGIONAL SCIENTIFIC CALIBRATION
GSI_SITE_05,Paglacherra slide (Karimganj),Assam,24.44,92.5,2025-06-27,10.854998588562012,50.23500347137451,,0.3625835180282593,RECOMMENDED,PM_6PM,PM_RECOMMENDED,INSUFFICIENT_HISTORY,VALID,COMPLETE,2025-06-27,0,3B-DAY.MS.MRG.3IMERG.20250627-S000000-E235959.V07B.nc4,SMAP_L3_SM_P_20250627_R19240_001.h5,mm/day,cm^3/cm^3,,INSUFFICIENT_DATA,"[""Missing or insufficient rainfall history""]",PROTOTYPE OPERATIONAL TRIGGER PARAMETERS — REQUIRES REGIONAL SCIENTIFIC CALIBRATION
GSI_SITE_06,Lalpani slide (Hailakandi),Assam,24.44,92.56,2025-06-27,6.375000953674316,55.07500171661377,,0.3625835180282593,RECOMMENDED,PM_6PM,PM_RECOMMENDED,INSUFFICIENT_HISTORY,VALID,COMPLETE,2025-06-27,0,3B-DAY.MS.MRG.3IMERG.20250627-S000000-E235959.V07B.nc4,SMAP_L3_SM_P_20250627_R19240_001.h5,mm/day,cm^3/cm^3,,INSUFFICIENT_DATA,"[""Missing or insufficient rainfall history""]",PROTOTYPE OPERATIONAL TRIGGER PARAMETERS — REQUIRES REGIONAL SCIENTIFIC CALIBRATION
GSI_SITE_07,Garapunjislide (Hailakandi),Assam,24.46,92.52,2025-06-27,6.375000953674316,55.07500171661377,,0.4950225055217743,RECOMMENDED,PM_6PM,PM_RECOMMENDED,INSUFFICIENT_HISTORY,VALID,COMPLETE,2025-06-27,0,3B-DAY.MS.MRG.3IMERG.20250627-S000000-E235959.V07B.nc4,SMAP_L3_SM_P_20250627_R19240_001.h5,mm/day,cm^3/cm^3,,INSUFFICIENT_DATA,"[""Missing or insufficient rainfall history""]",PROTOTYPE OPERATIONAL TRIGGER PARAMETERS — REQUIRES REGIONAL SCIENTIFIC CALIBRATION
NER_PILOT_01,"Gangtok, Sikkim",Sikkim,27.33,88.61,2025-06-28,15.610000610351562,40.08499765396118,,,INVALID,N/A,INVALID_RETRIEVAL,INSUFFICIENT_HISTORY,INVALID_RETRIEVAL,PARTIAL_RAINFALL_ONLY,2025-06-28,0,3B-DAY.MS.MRG.3IMERG.20250628-S000000-E235959.V07B.nc4,SMAP_L3_SM_P_20250628_R19240_001.h5,mm/day,cm^3/cm^3,,INSUFFICIENT_DATA,"[""Missing or insufficient rainfall history""]",PROTOTYPE OPERATIONAL TRIGGER PARAMETERS — REQUIRES REGIONAL SCIENTIFIC CALIBRATION
NER_PILOT_02,"Guwahati, Assam",Assam,26.14,91.73,2025-06-28,1.6749998331069946,16.12500023841858,,,INVALID,N/A,INVALID_RETRIEVAL,INSUFFICIENT_HISTORY,INVALID_RETRIEVAL,PARTIAL_RAINFALL_ONLY,2025-06-28,0,3B-DAY.MS.MRG.3IMERG.20250628-S000000-E235959.V07B.nc4,SMAP_L3_SM_P_20250628_R19240_001.h5,mm/day,cm^3/cm^3,,INSUFFICIENT_DATA,"[""Missing or insufficient rainfall history""]",PROTOTYPE OPERATIONAL TRIGGER PARAMETERS — REQUIRES REGIONAL SCIENTIFIC CALIBRATION
NER_PILOT_03,"Shillong, Meghalaya",Meghalaya,25.57,91.88,2025-06-28,3.244999885559082,10.59999942779541,,,INVALID,N/A,INVALID_RETRIEVAL,INSUFFICIENT_HISTORY,INVALID_RETRIEVAL,PARTIAL_RAINFALL_ONLY,2025-06-28,0,3B-DAY.MS.MRG.3IMERG.20250628-S000000-E235959.V07B.nc4,SMAP_L3_SM_P_20250628_R19240_001.h5,mm/day,cm^3/cm^3,,INSUFFICIENT_DATA,"[""Missing or insufficient rainfall history""]",PROTOTYPE OPERATIONAL TRIGGER PARAMETERS — REQUIRES REGIONAL SCIENTIFIC CALIBRATION
NER_PILOT_04,"Aizawl, Mizoram",Mizoram,23.73,92.71,2025-06-28,2.950000047683716,5.030000030994415,,,INVALID,N/A,INVALID_RETRIEVAL,INSUFFICIENT_HISTORY,INVALID_RETRIEVAL,PARTIAL_RAINFALL_ONLY,2025-06-28,0,3B-DAY.MS.MRG.3IMERG.20250628-S000000-E235959.V07B.nc4,SMAP_L3_SM_P_20250628_R19240_001.h5,mm/day,cm^3/cm^3,,INSUFFICIENT_DATA,"[""Missing or insufficient rainfall history""]",PROTOTYPE OPERATIONAL TRIGGER PARAMETERS — REQUIRES REGIONAL SCIENTIFIC CALIBRATION
NER_PILOT_05,"Kohima, Nagaland",Nagaland,25.67,94.11,2025-06-28,11.664999008178711,16.95999902486801,,,INVALID,N/A,INVALID_RETRIEVAL,INSUFFICIENT_HISTORY,INVALID_RETRIEVAL,PARTIAL_RAINFALL_ONLY,2025-06-28,0,3B-DAY.MS.MRG.3IMERG.20250628-S000000-E235959.V07B.nc4,SMAP_L3_SM_P_20250628_R19240_001.h5,mm/day,cm^3/cm^3,,INSUFFICIENT_DATA,"[""Missing or insufficient rainfall history""]",PROTOTYPE OPERATIONAL TRIGGER PARAMETERS — REQUIRES REGIONAL SCIENTIFIC CALIBRATION
NER_PILOT_06,"Imphal, Manipur",Manipur,24.81,93.94,2025-06-28,15.139999389648438,34.114999294281006,,,INVALID,N/A,INVALID_RETRIEVAL,INSUFFICIENT_HISTORY,INVALID_RETRIEVAL,PARTIAL_RAINFALL_ONLY,2025-06-28,0,3B-DAY.MS.MRG.3IMERG.20250628-S000000-E235959.V07B.nc4,SMAP_L3_SM_P_20250628_R19240_001.h5,mm/day,cm^3/cm^3,,INSUFFICIENT_DATA,"[""Missing or insufficient rainfall history""]",PROTOTYPE OPERATIONAL TRIGGER PARAMETERS — REQUIRES REGIONAL SCIENTIFIC CALIBRATION
NER_PILOT_07,"Itanagar, Arunachal Pradesh",Arunachal Pradesh,27.08,93.61,2025-06-28,9.220000267028809,14.540000200271606,,,INVALID,N/A,INVALID_RETRIEVAL,INSUFFICIENT_HISTORY,INVALID_RETRIEVAL,PARTIAL_RAINFALL_ONLY,2025-06-28,0,3B-DAY.MS.MRG.3IMERG.20250628-S000000-E235959.V07B.nc4,SMAP_L3_SM_P_20250628_R19240_001.h5,mm/day,cm^3/cm^3,,INSUFFICIENT_DATA,"[""Missing or insufficient rainfall history""]",PROTOTYPE OPERATIONAL TRIGGER PARAMETERS — REQUIRES REGIONAL SCIENTIFIC CALIBRATION
NER_PILOT_08,"Agartala, Tripura",Tripura,23.83,91.28,2025-06-28,0.21000000834465027,2.6450001895427704,,,INVALID,N/A,INVALID_RETRIEVAL,INSUFFICIENT_HISTORY,INVALID_RETRIEVAL,PARTIAL_RAINFALL_ONLY,2025-06-28,0,3B-DAY.MS.MRG.3IMERG.20250628-S000000-E235959.V07B.nc4,SMAP_L3_SM_P_20250628_R19240_001.h5,mm/day,cm^3/cm^3,,INSUFFICIENT_DATA,"[""Missing or insufficient rainfall history""]",PROTOTYPE OPERATIONAL TRIGGER PARAMETERS — REQUIRES REGIONAL SCIENTIFIC CALIBRATION
GSI_SITE_01,Kukinala slide (Hailakandi),Assam,24.27,92.5,2025-06-28,9.554999351501465,20.839999675750732,,,INVALID,N/A,INVALID_RETRIEVAL,INSUFFICIENT_HISTORY,INVALID_RETRIEVAL,PARTIAL_RAINFALL_ONLY,2025-06-28,0,3B-DAY.MS.MRG.3IMERG.20250628-S000000-E235959.V07B.nc4,SMAP_L3_SM_P_20250628_R19240_001.h5,mm/day,cm^3/cm^3,,INSUFFICIENT_DATA,"[""Missing or insufficient rainfall history""]",PROTOTYPE OPERATIONAL TRIGGER PARAMETERS — REQUIRES REGIONAL SCIENTIFIC CALIBRATION
GSI_SITE_02,Jalnachaura slide (Hailakandi),Assam,24.31,92.56,2025-06-28,12.295000076293945,53.63999557495117,,,INVALID,N/A,INVALID_RETRIEVAL,INSUFFICIENT_HISTORY,INVALID_RETRIEVAL,PARTIAL_RAINFALL_ONLY,2025-06-28,0,3B-DAY.MS.MRG.3IMERG.20250628-S000000-E235959.V07B.nc4,SMAP_L3_SM_P_20250628_R19240_001.h5,mm/day,cm^3/cm^3,,INSUFFICIENT_DATA,"[""Missing or insufficient rainfall history""]",PROTOTYPE OPERATIONAL TRIGGER PARAMETERS — REQUIRES REGIONAL SCIENTIFIC CALIBRATION
GSI_SITE_03,Nandagram slide (Hailakandi),Assam,24.32,92.51,2025-06-28,12.295000076293945,53.63999557495117,,,INVALID,N/A,INVALID_RETRIEVAL,INSUFFICIENT_HISTORY,INVALID_RETRIEVAL,PARTIAL_RAINFALL_ONLY,2025-06-28,0,3B-DAY.MS.MRG.3IMERG.20250628-S000000-E235959.V07B.nc4,SMAP_L3_SM_P_20250628_R19240_001.h5,mm/day,cm^3/cm^3,,INSUFFICIENT_DATA,"[""Missing or insufficient rainfall history""]",PROTOTYPE OPERATIONAL TRIGGER PARAMETERS — REQUIRES REGIONAL SCIENTIFIC CALIBRATION
GSI_SITE_04,Nishkar slide (Hailakandi),Assam,24.43,92.55,2025-06-28,7.639999866485596,23.555001735687256,,,INVALID,N/A,INVALID_RETRIEVAL,INSUFFICIENT_HISTORY,INVALID_RETRIEVAL,PARTIAL_RAINFALL_ONLY,2025-06-28,0,3B-DAY.MS.MRG.3IMERG.20250628-S000000-E235959.V07B.nc4,SMAP_L3_SM_P_20250628_R19240_001.h5,mm/day,cm^3/cm^3,,INSUFFICIENT_DATA,"[""Missing or insufficient rainfall history""]",PROTOTYPE OPERATIONAL TRIGGER PARAMETERS — REQUIRES REGIONAL SCIENTIFIC CALIBRATION
GSI_SITE_05,Paglacherra slide (Karimganj),Assam,24.44,92.5,2025-06-28,3.0699996948242188,17.36999797821045,,,INVALID,N/A,INVALID_RETRIEVAL,INSUFFICIENT_HISTORY,INVALID_RETRIEVAL,PARTIAL_RAINFALL_ONLY,2025-06-28,0,3B-DAY.MS.MRG.3IMERG.20250628-S000000-E235959.V07B.nc4,SMAP_L3_SM_P_20250628_R19240_001.h5,mm/day,cm^3/cm^3,,INSUFFICIENT_DATA,"[""Missing or insufficient rainfall history""]",PROTOTYPE OPERATIONAL TRIGGER PARAMETERS — REQUIRES REGIONAL SCIENTIFIC CALIBRATION
GSI_SITE_06,Lalpani slide (Hailakandi),Assam,24.44,92.56,2025-06-28,7.639999866485596,23.555001735687256,,,INVALID,N/A,INVALID_RETRIEVAL,INSUFFICIENT_HISTORY,INVALID_RETRIEVAL,PARTIAL_RAINFALL_ONLY,2025-06-28,0,3B-DAY.MS.MRG.3IMERG.20250628-S000000-E235959.V07B.nc4,SMAP_L3_SM_P_20250628_R19240_001.h5,mm/day,cm^3/cm^3,,INSUFFICIENT_DATA,"[""Missing or insufficient rainfall history""]",PROTOTYPE OPERATIONAL TRIGGER PARAMETERS — REQUIRES REGIONAL SCIENTIFIC CALIBRATION
GSI_SITE_07,Garapunjislide (Hailakandi),Assam,24.46,92.52,2025-06-28,7.639999866485596,23.555001735687256,,,INVALID,N/A,INVALID_RETRIEVAL,INSUFFICIENT_HISTORY,INVALID_RETRIEVAL,PARTIAL_RAINFALL_ONLY,2025-06-28,0,3B-DAY.MS.MRG.3IMERG.20250628-S000000-E235959.V07B.nc4,SMAP_L3_SM_P_20250628_R19240_001.h5,mm/day,cm^3/cm^3,,INSUFFICIENT_DATA,"[""Missing or insufficient rainfall history""]",PROTOTYPE OPERATIONAL TRIGGER PARAMETERS — REQUIRES REGIONAL SCIENTIFIC CALIBRATION
NER_PILOT_01,"Gangtok, Sikkim",Sikkim,27.33,88.61,2025-06-29,9.774999618530273,46.30999755859375,73.75999784469604,,INVALID,N/A,INVALID_RETRIEVAL,VALID,INVALID_RETRIEVAL,PARTIAL_RAINFALL_ONLY,2025-06-29,0,3B-DAY.MS.MRG.3IMERG.20250629-S000000-E235959.V07B.nc4,SMAP_L3_SM_P_20250629_R19240_001.h5,mm/day,cm^3/cm^3,22.62,LOW,"[""Low overall dynamic environmental triggering pressure""]",PROTOTYPE OPERATIONAL TRIGGER PARAMETERS — REQUIRES REGIONAL SCIENTIFIC CALIBRATION
NER_PILOT_02,"Guwahati, Assam",Assam,26.14,91.73,2025-06-29,0.8849999904632568,15.62000024318695,78.49499899148941,0.25792187452316284,WARNING,AM_6AM,AM_NON_RECOMMENDED,VALID,VALID,COMPLETE,2025-06-29,0,3B-DAY.MS.MRG.3IMERG.20250629-S000000-E235959.V07B.nc4,SMAP_L3_SM_P_20250629_R19240_001.h5,mm/day,cm^3/cm^3,21.13,LOW,"[""Low overall dynamic environmental triggering pressure""]",PROTOTYPE OPERATIONAL TRIGGER PARAMETERS — REQUIRES REGIONAL SCIENTIFIC CALIBRATION
NER_PILOT_03,"Shillong, Meghalaya",Meghalaya,25.57,91.88,2025-06-29,12.479999542236328,19.689999103546143,63.40999507904053,0.2007625848054886,RECOMMENDED,AM_6AM,AM_RECOMMENDED,VALID,VALID,COMPLETE,2025-06-29,0,3B-DAY.MS.MRG.3IMERG.20250629-S000000-E235959.V07B.nc4,SMAP_L3_SM_P_20250629_R19240_001.h5,mm/day,cm^3/cm^3,21.68,LOW,"[""Low overall dynamic environmental triggering pressure""]",PROTOTYPE OPERATIONAL TRIGGER PARAMETERS — REQUIRES REGIONAL SCIENTIFIC CALIBRATION
NER_PILOT_04,"Aizawl, Mizoram",Mizoram,23.73,92.71,2025-06-29,28.664997100830078,32.21499711275101,103.25500231981277,,INVALID,N/A,INVALID_RETRIEVAL,VALID,INVALID_RETRIEVAL,PARTIAL_RAINFALL_ONLY,2025-06-29,0,3B-DAY.MS.MRG.3IMERG.20250629-S000000-E235959.V07B.nc4,SMAP_L3_SM_P_20250629_R19240_001.h5,mm/day,cm^3/cm^3,29.13,LOW,"[""Low overall dynamic environmental triggering pressure""]",PROTOTYPE OPERATIONAL TRIGGER PARAMETERS — REQUIRES REGIONAL SCIENTIFIC CALIBRATION
NER_PILOT_05,"Kohima, Nagaland",Nagaland,25.67,94.11,2025-06-29,6.600000381469727,19.224999368190765,85.16499608755112,,INVALID,N/A,INVALID_RETRIEVAL,VALID,INVALID_RETRIEVAL,PARTIAL_RAINFALL_ONLY,2025-06-29,0,3B-DAY.MS.MRG.3IMERG.20250629-S000000-E235959.V07B.nc4,SMAP_L3_SM_P_20250629_R19240_001.h5,mm/day,cm^3/cm^3,15.8,LOW,"[""Low overall dynamic environmental triggering pressure""]",PROTOTYPE OPERATIONAL TRIGGER PARAMETERS — REQUIRES REGIONAL SCIENTIFIC CALIBRATION
NER_PILOT_06,"Imphal, Manipur",Manipur,24.81,93.94,2025-06-29,4.695000171661377,22.274999618530273,159.97000122070312,,INVALID,N/A,INVALID_RETRIEVAL,VALID,INVALID_RETRIEVAL,PARTIAL_RAINFALL_ONLY,2025-06-29,0,3B-DAY.MS.MRG.3IMERG.20250629-S000000-E235959.V07B.nc4,SMAP_L3_SM_P_20250629_R19240_001.h5,mm/day,cm^3/cm^3,23.33,LOW,"[""Low overall dynamic environmental triggering pressure""]",PROTOTYPE OPERATIONAL TRIGGER PARAMETERS — REQUIRES REGIONAL SCIENTIFIC CALIBRATION
NER_PILOT_07,"Itanagar, Arunachal Pradesh",Arunachal Pradesh,27.08,93.61,2025-06-29,20.854997634887695,32.40499806404114,120.78999733924866,0.26046454906463623,WARNING,PM_6PM,PM_NON_RECOMMENDED,VALID,VALID,COMPLETE,2025-06-29,0,3B-DAY.MS.MRG.3IMERG.20250629-S000000-E235959.V07B.nc4,SMAP_L3_SM_P_20250629_R19240_001.h5,mm/day,cm^3/cm^3,33.98,LOW,"[""Low overall dynamic environmental triggering pressure""]",PROTOTYPE OPERATIONAL TRIGGER PARAMETERS — REQUIRES REGIONAL SCIENTIFIC CALIBRATION
NER_PILOT_08,"Agartala, Tripura",Tripura,23.83,91.28,2025-06-29,2.4049999713897705,2.6149999797344208,58.05000111460686,,INVALID,N/A,INVALID_RETRIEVAL,VALID,INVALID_RETRIEVAL,PARTIAL_RAINFALL_ONLY,2025-06-29,0,3B-DAY.MS.MRG.3IMERG.20250629-S000000-E235959.V07B.nc4,SMAP_L3_SM_P_20250629_R19240_001.h5,mm/day,cm^3/cm^3,7.36,LOW,"[""Low overall dynamic environmental triggering pressure""]",PROTOTYPE OPERATIONAL TRIGGER PARAMETERS — REQUIRES REGIONAL SCIENTIFIC CALIBRATION
GSI_SITE_01,Kukinala slide (Hailakandi),Assam,24.27,92.5,2025-06-29,20.905000686645508,38.170000076293945,131.41500234603882,,INVALID,N/A,INVALID_RETRIEVAL,VALID,INVALID_RETRIEVAL,PARTIAL_RAINFALL_ONLY,2025-06-29,0,3B-DAY.MS.MRG.3IMERG.20250629-S000000-E235959.V07B.nc4,SMAP_L3_SM_P_20250629_R19240_001.h5,mm/day,cm^3/cm^3,30.52,LOW,"[""Low overall dynamic environmental triggering pressure""]",PROTOTYPE OPERATIONAL TRIGGER PARAMETERS — REQUIRES REGIONAL SCIENTIFIC CALIBRATION
GSI_SITE_02,Jalnachaura slide (Hailakandi),Assam,24.31,92.56,2025-06-29,15.699997901916504,63.02999401092529,155.22999477386475,,INVALID,N/A,INVALID_RETRIEVAL,VALID,INVALID_RETRIEVAL,PARTIAL_RAINFALL_ONLY,2025-06-29,0,3B-DAY.MS.MRG.3IMERG.20250629-S000000-E235959.V07B.nc4,SMAP_L3_SM_P_20250629_R19240_001.h5,mm/day,cm^3/cm^3,37.17,LOW,"[""Low overall dynamic environmental triggering pressure""]",PROTOTYPE OPERATIONAL TRIGGER PARAMETERS — REQUIRES REGIONAL SCIENTIFIC CALIBRATION
GSI_SITE_03,Nandagram slide (Hailakandi),Assam,24.32,92.51,2025-06-29,15.699997901916504,63.02999401092529,155.22999477386475,,INVALID,N/A,INVALID_RETRIEVAL,VALID,INVALID_RETRIEVAL,PARTIAL_RAINFALL_ONLY,2025-06-29,0,3B-DAY.MS.MRG.3IMERG.20250629-S000000-E235959.V07B.nc4,SMAP_L3_SM_P_20250629_R19240_001.h5,mm/day,cm^3/cm^3,37.17,LOW,"[""Low overall dynamic environmental triggering pressure""]",PROTOTYPE OPERATIONAL TRIGGER PARAMETERS — REQUIRES REGIONAL SCIENTIFIC CALIBRATION
GSI_SITE_04,Nishkar slide (Hailakandi),Assam,24.43,92.55,2025-06-29,15.860000610351562,29.875001430511475,119.67999982833862,,INVALID,N/A,INVALID_RETRIEVAL,VALID,INVALID_RETRIEVAL,PARTIAL_RAINFALL_ONLY,2025-06-29,0,3B-DAY.MS.MRG.3IMERG.20250629-S000000-E235959.V07B.nc4,SMAP_L3_SM_P_20250629_R19240_001.h5,mm/day,cm^3/cm^3,25.38,LOW,"[""Low overall dynamic environmental triggering pressure""]",PROTOTYPE OPERATIONAL TRIGGER PARAMETERS — REQUIRES REGIONAL SCIENTIFIC CALIBRATION
GSI_SITE_05,Paglacherra slide (Karimganj),Assam,24.44,92.5,2025-06-29,21.80499839782715,35.72999668121338,116.4650011062622,,INVALID,N/A,INVALID_RETRIEVAL,VALID,INVALID_RETRIEVAL,PARTIAL_RAINFALL_ONLY,2025-06-29,0,3B-DAY.MS.MRG.3IMERG.20250629-S000000-E235959.V07B.nc4,SMAP_L3_SM_P_20250629_R19240_001.h5,mm/day,cm^3/cm^3,28.76,LOW,"[""Low overall dynamic environmental triggering pressure""]",PROTOTYPE OPERATIONAL TRIGGER PARAMETERS — REQUIRES REGIONAL SCIENTIFIC CALIBRATION
GSI_SITE_06,Lalpani slide (Hailakandi),Assam,24.44,92.56,2025-06-29,15.860000610351562,29.875001430511475,119.67999982833862,,INVALID,N/A,INVALID_RETRIEVAL,VALID,INVALID_RETRIEVAL,PARTIAL_RAINFALL_ONLY,2025-06-29,0,3B-DAY.MS.MRG.3IMERG.20250629-S000000-E235959.V07B.nc4,SMAP_L3_SM_P_20250629_R19240_001.h5,mm/day,cm^3/cm^3,25.38,LOW,"[""Low overall dynamic environmental triggering pressure""]",PROTOTYPE OPERATIONAL TRIGGER PARAMETERS — REQUIRES REGIONAL SCIENTIFIC CALIBRATION
GSI_SITE_07,Garapunjislide (Hailakandi),Assam,24.46,92.52,2025-06-29,15.860000610351562,29.875001430511475,119.67999982833862,,INVALID,N/A,INVALID_RETRIEVAL,VALID,INVALID_RETRIEVAL,PARTIAL_RAINFALL_ONLY,2025-06-29,0,3B-DAY.MS.MRG.3IMERG.20250629-S000000-E235959.V07B.nc4,SMAP_L3_SM_P_20250629_R19240_001.h5,mm/day,cm^3/cm^3,25.38,LOW,"[""Low overall dynamic environmental triggering pressure""]",PROTOTYPE OPERATIONAL TRIGGER PARAMETERS — REQUIRES REGIONAL SCIENTIFIC CALIBRATION
NER_PILOT_01,"Gangtok, Sikkim",Sikkim,27.33,88.61,2025-06-30,4.509999752044678,29.894999980926514,61.26999759674072,0.1799716353416443,WARNING,PM_6PM,PM_NON_RECOMMENDED,VALID,VALID,COMPLETE,2025-06-30,0,3B-DAY.MS.MRG.3IMERG.20250630-S000000-E235959.V07B.nc4,SMAP_L3_SM_P_20250630_R19240_001.h5,mm/day,cm^3/cm^3,20.23,LOW,"[""Low overall dynamic environmental triggering pressure""]",PROTOTYPE OPERATIONAL TRIGGER PARAMETERS — REQUIRES REGIONAL SCIENTIFIC CALIBRATION
NER_PILOT_02,"Guwahati, Assam",Assam,26.14,91.73,2025-06-30,13.179998397827148,15.7399982213974,65.64999586343765,0.43329428136348724,WARNING,AM_PM_MEAN,AM_PM_NON_RECOMMENDED_MEAN,VALID,VALID,COMPLETE,2025-06-30,0,3B-DAY.MS.MRG.3IMERG.20250630-S000000-E235959.V07B.nc4,SMAP_L3_SM_P_20250630_R19240_001.h5,mm/day,cm^3/cm^3,31.61,LOW,"[""High volumetric soil moisture saturation (0.433 cm\u00b3/cm\u00b3)""]",PROTOTYPE OPERATIONAL TRIGGER PARAMETERS — REQUIRES REGIONAL SCIENTIFIC CALIBRATION
NER_PILOT_03,"Shillong, Meghalaya",Meghalaya,25.57,91.88,2025-06-30,21.014997482299805,36.739996910095215,57.869996070861816,0.3258673697710037,HIGH,AM_PM_MEAN,AM_PM_RECOMMENDED_MEAN,VALID,VALID,COMPLETE,2025-06-30,0,3B-DAY.MS.MRG.3IMERG.20250630-S000000-E235959.V07B.nc4,SMAP_L3_SM_P_20250630_R19240_001.h5,mm/day,cm^3/cm^3,32.77,LOW,"[""High volumetric soil moisture saturation (0.326 cm\u00b3/cm\u00b3)""]",PROTOTYPE OPERATIONAL TRIGGER PARAMETERS — REQUIRES REGIONAL SCIENTIFIC CALIBRATION
NER_PILOT_04,"Aizawl, Mizoram",Mizoram,23.73,92.71,2025-06-30,16.164997100830078,47.77999424934387,111.22999888658524,,INVALID,N/A,INVALID_RETRIEVAL,VALID,INVALID_RETRIEVAL,PARTIAL_RAINFALL_ONLY,2025-06-30,0,3B-DAY.MS.MRG.3IMERG.20250630-S000000-E235959.V07B.nc4,SMAP_L3_SM_P_20250630_R19240_001.h5,mm/day,cm^3/cm^3,29.13,LOW,"[""Low overall dynamic environmental triggering pressure""]",PROTOTYPE OPERATIONAL TRIGGER PARAMETERS — REQUIRES REGIONAL SCIENTIFIC CALIBRATION
NER_PILOT_05,"Kohima, Nagaland",Nagaland,25.67,94.11,2025-06-30,21.885000228881836,40.14999961853027,76.33999913930893,,INVALID,N/A,INVALID_RETRIEVAL,VALID,INVALID_RETRIEVAL,PARTIAL_RAINFALL_ONLY,2025-06-30,0,3B-DAY.MS.MRG.3IMERG.20250630-S000000-E235959.V07B.nc4,SMAP_L3_SM_P_20250630_R19240_001.h5,mm/day,cm^3/cm^3,25.88,LOW,"[""Low overall dynamic environmental triggering pressure""]",PROTOTYPE OPERATIONAL TRIGGER PARAMETERS — REQUIRES REGIONAL SCIENTIFIC CALIBRATION
NER_PILOT_06,"Imphal, Manipur",Manipur,24.81,93.94,2025-06-30,10.024999618530273,29.859999179840088,111.57999610900879,,INVALID,N/A,INVALID_RETRIEVAL,VALID,INVALID_RETRIEVAL,PARTIAL_RAINFALL_ONLY,2025-06-30,0,3B-DAY.MS.MRG.3IMERG.20250630-S000000-E235959.V07B.nc4,SMAP_L3_SM_P_20250630_R19240_001.h5,mm/day,cm^3/cm^3,22.38,LOW,"[""Low overall dynamic environmental triggering pressure""]",PROTOTYPE OPERATIONAL TRIGGER PARAMETERS — REQUIRES REGIONAL SCIENTIFIC CALIBRATION
NER_PILOT_07,"Itanagar, Arunachal Pradesh",Arunachal Pradesh,27.08,93.61,2025-06-30,46.80500030517578,76.87999820709229,137.25999855995178,,INVALID,N/A,INVALID_RETRIEVAL,VALID,INVALID_RETRIEVAL,PARTIAL_RAINFALL_ONLY,2025-06-30,0,3B-DAY.MS.MRG.3IMERG.20250630-S000000-E235959.V07B.nc4,SMAP_L3_SM_P_20250630_R19240_001.h5,mm/day,cm^3/cm^3,50.5,MODERATE,"[""Low overall dynamic environmental triggering pressure""]",PROTOTYPE OPERATIONAL TRIGGER PARAMETERS — REQUIRES REGIONAL SCIENTIFIC CALIBRATION
NER_PILOT_08,"Agartala, Tripura",Tripura,23.83,91.28,2025-06-30,2.6050000190734863,5.219999998807907,45.645001858472824,0.40469348430633545,RECOMMENDED,PM_6PM,PM_RECOMMENDED,VALID,VALID,COMPLETE,2025-06-30,0,3B-DAY.MS.MRG.3IMERG.20250630-S000000-E235959.V07B.nc4,SMAP_L3_SM_P_20250630_R19240_001.h5,mm/day,cm^3/cm^3,23.46,LOW,"[""High volumetric soil moisture saturation (0.405 cm\u00b3/cm\u00b3)""]",PROTOTYPE OPERATIONAL TRIGGER PARAMETERS — REQUIRES REGIONAL SCIENTIFIC CALIBRATION
GSI_SITE_01,Kukinala slide (Hailakandi),Assam,24.27,92.5,2025-06-30,34.02000045776367,64.48000049591064,147.88500356674194,0.40469348430633545,RECOMMENDED,PM_6PM,PM_RECOMMENDED,VALID,VALID,COMPLETE,2025-06-30,0,3B-DAY.MS.MRG.3IMERG.20250630-S000000-E235959.V07B.nc4,SMAP_L3_SM_P_20250630_R19240_001.h5,mm/day,cm^3/cm^3,52.92,MODERATE,"[""High volumetric soil moisture saturation (0.405 cm\u00b3/cm\u00b3)""]",PROTOTYPE OPERATIONAL TRIGGER PARAMETERS — REQUIRES REGIONAL SCIENTIFIC CALIBRATION
GSI_SITE_02,Jalnachaura slide (Hailakandi),Assam,24.31,92.56,2025-06-30,33.59499740600586,61.58999538421631,168.8549928665161,0.40469348430633545,RECOMMENDED,PM_6PM,PM_RECOMMENDED,VALID,VALID,COMPLETE,2025-06-30,0,3B-DAY.MS.MRG.3IMERG.20250630-S000000-E235959.V07B.nc4,SMAP_L3_SM_P_20250630_R19240_001.h5,mm/day,cm^3/cm^3,53.89,MODERATE,"[""High volumetric soil moisture saturation (0.405 cm\u00b3/cm\u00b3)""]",PROTOTYPE OPERATIONAL TRIGGER PARAMETERS — REQUIRES REGIONAL SCIENTIFIC CALIBRATION
GSI_SITE_03,Nandagram slide (Hailakandi),Assam,24.32,92.51,2025-06-30,33.59499740600586,61.58999538421631,168.8549928665161,0.40469348430633545,RECOMMENDED,PM_6PM,PM_RECOMMENDED,VALID,VALID,COMPLETE,2025-06-30,0,3B-DAY.MS.MRG.3IMERG.20250630-S000000-E235959.V07B.nc4,SMAP_L3_SM_P_20250630_R19240_001.h5,mm/day,cm^3/cm^3,53.89,MODERATE,"[""High volumetric soil moisture saturation (0.405 cm\u00b3/cm\u00b3)""]",PROTOTYPE OPERATIONAL TRIGGER PARAMETERS — REQUIRES REGIONAL SCIENTIFIC CALIBRATION
GSI_SITE_04,Nishkar slide (Hailakandi),Assam,24.43,92.55,2025-06-30,37.76499938964844,61.264999866485596,136.94000005722046,0.40469348430633545,RECOMMENDED,PM_6PM,PM_RECOMMENDED,VALID,VALID,COMPLETE,2025-06-30,0,3B-DAY.MS.MRG.3IMERG.20250630-S000000-E235959.V07B.nc4,SMAP_L3_SM_P_20250630_R19240_001.h5,mm/day,cm^3/cm^3,52.52,MODERATE,"[""High volumetric soil moisture saturation (0.405 cm\u00b3/cm\u00b3)""]",PROTOTYPE OPERATIONAL TRIGGER PARAMETERS — REQUIRES REGIONAL SCIENTIFIC CALIBRATION
GSI_SITE_05,Paglacherra slide (Karimganj),Assam,24.44,92.5,2025-06-30,49.79499816894531,74.66999626159668,149.36999988555908,0.40469348430633545,RECOMMENDED,PM_6PM,PM_RECOMMENDED,VALID,VALID,COMPLETE,2025-06-30,0,3B-DAY.MS.MRG.3IMERG.20250630-S000000-E235959.V07B.nc4,SMAP_L3_SM_P_20250630_R19240_001.h5,mm/day,cm^3/cm^3,59.81,MODERATE,"[""High volumetric soil moisture saturation (0.405 cm\u00b3/cm\u00b3)""]",PROTOTYPE OPERATIONAL TRIGGER PARAMETERS — REQUIRES REGIONAL SCIENTIFIC CALIBRATION
GSI_SITE_06,Lalpani slide (Hailakandi),Assam,24.44,92.56,2025-06-30,37.76499938964844,61.264999866485596,136.94000005722046,0.40469348430633545,RECOMMENDED,PM_6PM,PM_RECOMMENDED,VALID,VALID,COMPLETE,2025-06-30,0,3B-DAY.MS.MRG.3IMERG.20250630-S000000-E235959.V07B.nc4,SMAP_L3_SM_P_20250630_R19240_001.h5,mm/day,cm^3/cm^3,52.52,MODERATE,"[""High volumetric soil moisture saturation (0.405 cm\u00b3/cm\u00b3)""]",PROTOTYPE OPERATIONAL TRIGGER PARAMETERS — REQUIRES REGIONAL SCIENTIFIC CALIBRATION
GSI_SITE_07,Garapunjislide (Hailakandi),Assam,24.46,92.52,2025-06-30,37.76499938964844,61.264999866485596,136.94000005722046,0.4455184042453766,HIGH,AM_PM_MEAN,AM_PM_RECOMMENDED_MEAN,VALID,VALID,COMPLETE,2025-06-30,0,3B-DAY.MS.MRG.3IMERG.20250630-S000000-E235959.V07B.nc4,SMAP_L3_SM_P_20250630_R19240_001.h5,mm/day,cm^3/cm^3,54.34,MODERATE,"[""High volumetric soil moisture saturation (0.446 cm\u00b3/cm\u00b3)""]",PROTOTYPE OPERATIONAL TRIGGER PARAMETERS — REQUIRES REGIONAL SCIENTIFIC CALIBRATION
NER_PILOT_01,"Gangtok, Sikkim",Sikkim,27.33,88.61,2025-07-01,5.684999465942383,19.969998836517334,63.28999710083008,,INVALID,N/A,INVALID_RETRIEVAL,VALID,INVALID_RETRIEVAL,PARTIAL_RAINFALL_ONLY,2025-07-01,0,3B-DAY.MS.MRG.3IMERG.20250701-S000000-E235959.V07B.nc4,SMAP_L3_SM_P_20250701_R19240_001.h5,mm/day,cm^3/cm^3,13.45,LOW,"[""Low overall dynamic environmental triggering pressure""]",PROTOTYPE OPERATIONAL TRIGGER PARAMETERS — REQUIRES REGIONAL SCIENTIFIC CALIBRATION
NER_PILOT_02,"Guwahati, Assam",Assam,26.14,91.73,2025-07-01,14.649999618530273,28.71499800682068,45.41999822854996,,INVALID,N/A,INVALID_RETRIEVAL,VALID,INVALID_RETRIEVAL,PARTIAL_RAINFALL_ONLY,2025-07-01,0,3B-DAY.MS.MRG.3IMERG.20250701-S000000-E235959.V07B.nc4,SMAP_L3_SM_P_20250701_R19240_001.h5,mm/day,cm^3/cm^3,17.21,LOW,"[""Low overall dynamic environmental triggering pressure""]",PROTOTYPE OPERATIONAL TRIGGER PARAMETERS — REQUIRES REGIONAL SCIENTIFIC CALIBRATION
NER_PILOT_03,"Shillong, Meghalaya",Meghalaya,25.57,91.88,2025-07-01,42.53000259399414,76.02499961853027,94.36999893188477,,INVALID,N/A,INVALID_RETRIEVAL,VALID,INVALID_RETRIEVAL,PARTIAL_RAINFALL_ONLY,2025-07-01,0,3B-DAY.MS.MRG.3IMERG.20250701-S000000-E235959.V07B.nc4,SMAP_L3_SM_P_20250701_R19240_001.h5,mm/day,cm^3/cm^3,44.39,MODERATE,"[""Low overall dynamic environmental triggering pressure""]",PROTOTYPE OPERATIONAL TRIGGER PARAMETERS — REQUIRES REGIONAL SCIENTIFIC CALIBRATION
NER_PILOT_04,"Aizawl, Mizoram",Mizoram,23.73,92.71,2025-07-01,13.46999740600586,58.299991607666016,101.80999499559402,,INVALID,N/A,INVALID_RETRIEVAL,VALID,INVALID_RETRIEVAL,PARTIAL_RAINFALL_ONLY,2025-07-01,0,3B-DAY.MS.MRG.3IMERG.20250701-S000000-E235959.V07B.nc4,SMAP_L3_SM_P_20250701_R19240_001.h5,mm/day,cm^3/cm^3,29.81,LOW,"[""Low overall dynamic environmental triggering pressure""]",PROTOTYPE OPERATIONAL TRIGGER PARAMETERS — REQUIRES REGIONAL SCIENTIFIC CALIBRATION
NER_PILOT_05,"Kohima, Nagaland",Nagaland,25.67,94.11,2025-07-01,16.26500129699707,44.75000190734863,70.480000436306,,INVALID,N/A,INVALID_RETRIEVAL,VALID,INVALID_RETRIEVAL,PARTIAL_RAINFALL_ONLY,2025-07-01,0,3B-DAY.MS.MRG.3IMERG.20250701-S000000-E235959.V07B.nc4,SMAP_L3_SM_P_20250701_R19240_001.h5,mm/day,cm^3/cm^3,24.33,LOW,"[""Low overall dynamic environmental triggering pressure""]",PROTOTYPE OPERATIONAL TRIGGER PARAMETERS — REQUIRES REGIONAL SCIENTIFIC CALIBRATION
NER_PILOT_06,"Imphal, Manipur",Manipur,24.81,93.94,2025-07-01,1.065000057220459,15.78499984741211,75.03999662399292,,INVALID,N/A,INVALID_RETRIEVAL,VALID,INVALID_RETRIEVAL,PARTIAL_RAINFALL_ONLY,2025-07-01,0,3B-DAY.MS.MRG.3IMERG.20250701-S000000-E235959.V07B.nc4,SMAP_L3_SM_P_20250701_R19240_001.h5,mm/day,cm^3/cm^3,11.85,LOW,"[""Low overall dynamic environmental triggering pressure""]",PROTOTYPE OPERATIONAL TRIGGER PARAMETERS — REQUIRES REGIONAL SCIENTIFIC CALIBRATION
NER_PILOT_07,"Itanagar, Arunachal Pradesh",Arunachal Pradesh,27.08,93.61,2025-07-01,14.914999008178711,82.57499694824219,100.93999695777893,,INVALID,N/A,INVALID_RETRIEVAL,VALID,INVALID_RETRIEVAL,PARTIAL_RAINFALL_ONLY,2025-07-01,0,3B-DAY.MS.MRG.3IMERG.20250701-S000000-E235959.V07B.nc4,SMAP_L3_SM_P_20250701_R19240_001.h5,mm/day,cm^3/cm^3,36.33,LOW,"[""Low overall dynamic environmental triggering pressure""]",PROTOTYPE OPERATIONAL TRIGGER PARAMETERS — REQUIRES REGIONAL SCIENTIFIC CALIBRATION
NER_PILOT_08,"Agartala, Tripura",Tripura,23.83,91.28,2025-07-01,15.010000228881836,20.020000219345093,31.130000561475754,,INVALID,N/A,INVALID_RETRIEVAL,VALID,INVALID_RETRIEVAL,PARTIAL_RAINFALL_ONLY,2025-07-01,0,3B-DAY.MS.MRG.3IMERG.20250701-S000000-E235959.V07B.nc4,SMAP_L3_SM_P_20250701_R19240_001.h5,mm/day,cm^3/cm^3,13.75,LOW,"[""Low overall dynamic environmental triggering pressure""]",PROTOTYPE OPERATIONAL TRIGGER PARAMETERS — REQUIRES REGIONAL SCIENTIFIC CALIBRATION
GSI_SITE_01,Kukinala slide (Hailakandi),Assam,24.27,92.5,2025-07-01,21.924999237060547,76.85000038146973,134.08500051498413,,INVALID,N/A,INVALID_RETRIEVAL,VALID,INVALID_RETRIEVAL,PARTIAL_RAINFALL_ONLY,2025-07-01,0,3B-DAY.MS.MRG.3IMERG.20250701-S000000-E235959.V07B.nc4,SMAP_L3_SM_P_20250701_R19240_001.h5,mm/day,cm^3/cm^3,40.84,MODERATE,"[""Low overall dynamic environmental triggering pressure""]",PROTOTYPE OPERATIONAL TRIGGER PARAMETERS — REQUIRES REGIONAL SCIENTIFIC CALIBRATION
GSI_SITE_02,Jalnachaura slide (Hailakandi),Assam,24.31,92.56,2025-07-01,21.98999786376953,71.2849931716919,166.75499057769775,,INVALID,N/A,INVALID_RETRIEVAL,VALID,INVALID_RETRIEVAL,PARTIAL_RAINFALL_ONLY,2025-07-01,0,3B-DAY.MS.MRG.3IMERG.20250701-S000000-E235959.V07B.nc4,SMAP_L3_SM_P_20250701_R19240_001.h5,mm/day,cm^3/cm^3,42.74,MODERATE,"[""Low overall dynamic environmental triggering pressure""]",PROTOTYPE OPERATIONAL TRIGGER PARAMETERS — REQUIRES REGIONAL SCIENTIFIC CALIBRATION
GSI_SITE_03,Nandagram slide (Hailakandi),Assam,24.32,92.51,2025-07-01,21.98999786376953,71.2849931716919,166.75499057769775,,INVALID,N/A,INVALID_RETRIEVAL,VALID,INVALID_RETRIEVAL,PARTIAL_RAINFALL_ONLY,2025-07-01,0,3B-DAY.MS.MRG.3IMERG.20250701-S000000-E235959.V07B.nc4,SMAP_L3_SM_P_20250701_R19240_001.h5,mm/day,cm^3/cm^3,42.74,MODERATE,"[""Low overall dynamic environmental triggering pressure""]",PROTOTYPE OPERATIONAL TRIGGER PARAMETERS — REQUIRES REGIONAL SCIENTIFIC CALIBRATION
GSI_SITE_04,Nishkar slide (Hailakandi),Assam,24.43,92.55,2025-07-01,23.68999671936035,77.31499671936035,140.02999830245972,,INVALID,N/A,INVALID_RETRIEVAL,VALID,INVALID_RETRIEVAL,PARTIAL_RAINFALL_ONLY,2025-07-01,0,3B-DAY.MS.MRG.3IMERG.20250701-S000000-E235959.V07B.nc4,SMAP_L3_SM_P_20250701_R19240_001.h5,mm/day,cm^3/cm^3,42.22,MODERATE,"[""Low overall dynamic environmental triggering pressure""]",PROTOTYPE OPERATIONAL TRIGGER PARAMETERS — REQUIRES REGIONAL SCIENTIFIC CALIBRATION
GSI_SITE_05,Paglacherra slide (Karimganj),Assam,24.44,92.5,2025-07-01,30.630001068115234,102.2299976348877,155.53500080108643,,INVALID,N/A,INVALID_RETRIEVAL,VALID,INVALID_RETRIEVAL,PARTIAL_RAINFALL_ONLY,2025-07-01,0,3B-DAY.MS.MRG.3IMERG.20250701-S000000-E235959.V07B.nc4,SMAP_L3_SM_P_20250701_R19240_001.h5,mm/day,cm^3/cm^3,52.6,MODERATE,"[""High 3-day antecedent precipitation (102.2 mm)""]",PROTOTYPE OPERATIONAL TRIGGER PARAMETERS — REQUIRES REGIONAL SCIENTIFIC CALIBRATION
GSI_SITE_06,Lalpani slide (Hailakandi),Assam,24.44,92.56,2025-07-01,23.68999671936035,77.31499671936035,140.02999830245972,,INVALID,N/A,INVALID_RETRIEVAL,VALID,INVALID_RETRIEVAL,PARTIAL_RAINFALL_ONLY,2025-07-01,0,3B-DAY.MS.MRG.3IMERG.20250701-S000000-E235959.V07B.nc4,SMAP_L3_SM_P_20250701_R19240_001.h5,mm/day,cm^3/cm^3,42.22,MODERATE,"[""Low overall dynamic environmental triggering pressure""]",PROTOTYPE OPERATIONAL TRIGGER PARAMETERS — REQUIRES REGIONAL SCIENTIFIC CALIBRATION
GSI_SITE_07,Garapunjislide (Hailakandi),Assam,24.46,92.52,2025-07-01,23.68999671936035,77.31499671936035,140.02999830245972,,INVALID,N/A,INVALID_RETRIEVAL,VALID,INVALID_RETRIEVAL,PARTIAL_RAINFALL_ONLY,2025-07-01,0,3B-DAY.MS.MRG.3IMERG.20250701-S000000-E235959.V07B.nc4,SMAP_L3_SM_P_20250701_R19240_001.h5,mm/day,cm^3/cm^3,42.22,MODERATE,"[""Low overall dynamic environmental triggering pressure""]",PROTOTYPE OPERATIONAL TRIGGER PARAMETERS — REQUIRES REGIONAL SCIENTIFIC CALIBRATION
NER_PILOT_01,"Gangtok, Sikkim",Sikkim,27.33,88.61,2025-07-02,4.814999103546143,15.009998321533203,64.86999559402466,0.26465099304914474,WARNING,AM_PM_MEAN,AM_PM_NON_RECOMMENDED_MEAN,VALID,VALID,COMPLETE,2025-07-02,0,3B-DAY.MS.MRG.3IMERG.20250702-S000000-E235959.V07B.nc4,SMAP_L3_SM_P_20250702_R19240_002.h5,mm/day,cm^3/cm^3,21.4,LOW,"[""Low overall dynamic environmental triggering pressure""]",PROTOTYPE OPERATIONAL TRIGGER PARAMETERS — REQUIRES REGIONAL SCIENTIFIC CALIBRATION
NER_PILOT_02,"Guwahati, Assam",Assam,26.14,91.73,2025-07-02,30.835002899169922,58.665000915527344,75.67500114440918,0.29351961612701416,WARNING,AM_PM_MEAN,AM_PM_NON_RECOMMENDED_MEAN,VALID,VALID,COMPLETE,2025-07-02,0,3B-DAY.MS.MRG.3IMERG.20250702-S000000-E235959.V07B.nc4,SMAP_L3_SM_P_20250702_R19240_002.h5,mm/day,cm^3/cm^3,40.08,MODERATE,"[""Low overall dynamic environmental triggering pressure""]",PROTOTYPE OPERATIONAL TRIGGER PARAMETERS — REQUIRES REGIONAL SCIENTIFIC CALIBRATION
NER_PILOT_03,"Shillong, Meghalaya",Meghalaya,25.57,91.88,2025-07-02,23.899999618530273,87.44499969482422,110.52499866485596,0.22060096263885498,HIGH,AM_PM_MEAN,AM_PM_RECOMMENDED_MEAN,VALID,VALID,COMPLETE,2025-07-02,0,3B-DAY.MS.MRG.3IMERG.20250702-S000000-E235959.V07B.nc4,SMAP_L3_SM_P_20250702_R19240_002.h5,mm/day,cm^3/cm^3,43.31,MODERATE,"[""Low overall dynamic environmental triggering pressure""]",PROTOTYPE OPERATIONAL TRIGGER PARAMETERS — REQUIRES REGIONAL SCIENTIFIC CALIBRATION
NER_PILOT_04,"Aizawl, Mizoram",Mizoram,23.73,92.71,2025-07-02,19.109996795654297,48.744991302490234,82.43998843431473,,INVALID,N/A,INVALID_RETRIEVAL,VALID,INVALID_RETRIEVAL,PARTIAL_RAINFALL_ONLY,2025-07-02,0,3B-DAY.MS.MRG.3IMERG.20250702-S000000-E235959.V07B.nc4,SMAP_L3_SM_P_20250702_R19240_002.h5,mm/day,cm^3/cm^3,27.6,LOW,"[""Low overall dynamic environmental triggering pressure""]",PROTOTYPE OPERATIONAL TRIGGER PARAMETERS — REQUIRES REGIONAL SCIENTIFIC CALIBRATION
NER_PILOT_05,"Kohima, Nagaland",Nagaland,25.67,94.11,2025-07-02,17.46999740600586,55.619998931884766,79.1799983382225,,INVALID,N/A,INVALID_RETRIEVAL,VALID,INVALID_RETRIEVAL,PARTIAL_RAINFALL_ONLY,2025-07-02,0,3B-DAY.MS.MRG.3IMERG.20250702-S000000-E235959.V07B.nc4,SMAP_L3_SM_P_20250702_R19240_002.h5,mm/day,cm^3/cm^3,28.37,LOW,"[""Low overall dynamic environmental triggering pressure""]",PROTOTYPE OPERATIONAL TRIGGER PARAMETERS — REQUIRES REGIONAL SCIENTIFIC CALIBRATION
NER_PILOT_06,"Imphal, Manipur",Manipur,24.81,93.94,2025-07-02,9.125,20.214999675750732,59.024999141693115,,INVALID,N/A,INVALID_RETRIEVAL,VALID,INVALID_RETRIEVAL,PARTIAL_RAINFALL_ONLY,2025-07-02,0,3B-DAY.MS.MRG.3IMERG.20250702-S000000-E235959.V07B.nc4,SMAP_L3_SM_P_20250702_R19240_002.h5,mm/day,cm^3/cm^3,14.38,LOW,"[""Low overall dynamic environmental triggering pressure""]",PROTOTYPE OPERATIONAL TRIGGER PARAMETERS — REQUIRES REGIONAL SCIENTIFIC CALIBRATION
NER_PILOT_07,"Itanagar, Arunachal Pradesh",Arunachal Pradesh,27.08,93.61,2025-07-02,28.5,90.21999931335449,125.6149971485138,0.2355571687221527,WARNING,PM_6PM,PM_NON_RECOMMENDED,VALID,VALID,COMPLETE,2025-07-02,0,3B-DAY.MS.MRG.3IMERG.20250702-S000000-E235959.V07B.nc4,SMAP_L3_SM_P_20250702_R19240_002.h5,mm/day,cm^3/cm^3,47.11,MODERATE,"[""Low overall dynamic environmental triggering pressure""]",PROTOTYPE OPERATIONAL TRIGGER PARAMETERS — REQUIRES REGIONAL SCIENTIFIC CALIBRATION
NER_PILOT_08,"Agartala, Tripura",Tripura,23.83,91.28,2025-07-02,4.919999599456787,22.53499984741211,27.58500000834465,0.27925607562065125,RECOMMENDED,AM_6AM,AM_RECOMMENDED,VALID,VALID,COMPLETE,2025-07-02,0,3B-DAY.MS.MRG.3IMERG.20250702-S000000-E235959.V07B.nc4,SMAP_L3_SM_P_20250702_R19240_002.h5,mm/day,cm^3/cm^3,20.6,LOW,"[""Low overall dynamic environmental triggering pressure""]",PROTOTYPE OPERATIONAL TRIGGER PARAMETERS — REQUIRES REGIONAL SCIENTIFIC CALIBRATION
GSI_SITE_01,Kukinala slide (Hailakandi),Assam,24.27,92.5,2025-07-02,13.729999542236328,69.67499923706055,111.41999959945679,0.27925607562065125,RECOMMENDED,AM_6AM,AM_RECOMMENDED,VALID,VALID,COMPLETE,2025-07-02,0,3B-DAY.MS.MRG.3IMERG.20250702-S000000-E235959.V07B.nc4,SMAP_L3_SM_P_20250702_R19240_002.h5,mm/day,cm^3/cm^3,39.38,LOW,"[""Low overall dynamic environmental triggering pressure""]",PROTOTYPE OPERATIONAL TRIGGER PARAMETERS — REQUIRES REGIONAL SCIENTIFIC CALIBRATION
GSI_SITE_02,Jalnachaura slide (Hailakandi),Assam,24.31,92.56,2025-07-02,12.695001602172852,68.27999687194824,137.61999034881592,0.27925607562065125,RECOMMENDED,AM_6AM,AM_RECOMMENDED,VALID,VALID,COMPLETE,2025-07-02,0,3B-DAY.MS.MRG.3IMERG.20250702-S000000-E235959.V07B.nc4,SMAP_L3_SM_P_20250702_R19240_002.h5,mm/day,cm^3/cm^3,40.89,MODERATE,"[""Low overall dynamic environmental triggering pressure""]",PROTOTYPE OPERATIONAL TRIGGER PARAMETERS — REQUIRES REGIONAL SCIENTIFIC CALIBRATION
GSI_SITE_03,Nandagram slide (Hailakandi),Assam,24.32,92.51,2025-07-02,12.695001602172852,68.27999687194824,137.61999034881592,0.27925607562065125,RECOMMENDED,AM_6AM,AM_RECOMMENDED,VALID,VALID,COMPLETE,2025-07-02,0,3B-DAY.MS.MRG.3IMERG.20250702-S000000-E235959.V07B.nc4,SMAP_L3_SM_P_20250702_R19240_002.h5,mm/day,cm^3/cm^3,40.89,MODERATE,"[""Low overall dynamic environmental triggering pressure""]",PROTOTYPE OPERATIONAL TRIGGER PARAMETERS — REQUIRES REGIONAL SCIENTIFIC CALIBRATION
GSI_SITE_04,Nishkar slide (Hailakandi),Assam,24.43,92.55,2025-07-02,16.25,77.70499610900879,117.11999845504761,0.27925607562065125,RECOMMENDED,AM_6AM,AM_RECOMMENDED,VALID,VALID,COMPLETE,2025-07-02,0,3B-DAY.MS.MRG.3IMERG.20250702-S000000-E235959.V07B.nc4,SMAP_L3_SM_P_20250702_R19240_002.h5,mm/day,cm^3/cm^3,42.2,MODERATE,"[""Low overall dynamic environmental triggering pressure""]",PROTOTYPE OPERATIONAL TRIGGER PARAMETERS — REQUIRES REGIONAL SCIENTIFIC CALIBRATION
GSI_SITE_05,Paglacherra slide (Karimganj),Assam,24.44,92.5,2025-07-02,15.649999618530273,96.07499885559082,135.24999523162842,0.27925607562065125,RECOMMENDED,AM_6AM,AM_RECOMMENDED,VALID,VALID,COMPLETE,2025-07-02,0,3B-DAY.MS.MRG.3IMERG.20250702-S000000-E235959.V07B.nc4,SMAP_L3_SM_P_20250702_R19240_002.h5,mm/day,cm^3/cm^3,47.14,MODERATE,"[""Low overall dynamic environmental triggering pressure""]",PROTOTYPE OPERATIONAL TRIGGER PARAMETERS — REQUIRES REGIONAL SCIENTIFIC CALIBRATION
GSI_SITE_06,Lalpani slide (Hailakandi),Assam,24.44,92.56,2025-07-02,16.25,77.70499610900879,117.11999845504761,0.27925607562065125,RECOMMENDED,AM_6AM,AM_RECOMMENDED,VALID,VALID,COMPLETE,2025-07-02,0,3B-DAY.MS.MRG.3IMERG.20250702-S000000-E235959.V07B.nc4,SMAP_L3_SM_P_20250702_R19240_002.h5,mm/day,cm^3/cm^3,42.2,MODERATE,"[""Low overall dynamic environmental triggering pressure""]",PROTOTYPE OPERATIONAL TRIGGER PARAMETERS — REQUIRES REGIONAL SCIENTIFIC CALIBRATION
GSI_SITE_07,Garapunjislide (Hailakandi),Assam,24.46,92.52,2025-07-02,16.25,77.70499610900879,117.11999845504761,0.3121393620967865,RECOMMENDED,AM_6AM,AM_RECOMMENDED,VALID,VALID,COMPLETE,2025-07-02,0,3B-DAY.MS.MRG.3IMERG.20250702-S000000-E235959.V07B.nc4,SMAP_L3_SM_P_20250702_R19240_002.h5,mm/day,cm^3/cm^3,43.66,MODERATE,"[""High volumetric soil moisture saturation (0.312 cm\u00b3/cm\u00b3)""]",PROTOTYPE OPERATIONAL TRIGGER PARAMETERS — REQUIRES REGIONAL SCIENTIFIC CALIBRATION
NER_PILOT_01,"Gangtok, Sikkim",Sikkim,27.33,88.61,2025-07-03,17.05499839782715,27.554996967315674,78.3749942779541,0.22727064788341522,WARNING,PM_6PM,PM_NON_RECOMMENDED,VALID,VALID,COMPLETE,2025-07-03,0,3B-DAY.MS.MRG.3IMERG.20250703-S000000-E235959.V07B.nc4,SMAP_L3_SM_P_20250703_R19240_002.h5,mm/day,cm^3/cm^3,27.0,LOW,"[""Low overall dynamic environmental triggering pressure""]",PROTOTYPE OPERATIONAL TRIGGER PARAMETERS — REQUIRES REGIONAL SCIENTIFIC CALIBRATION
NER_PILOT_02,"Guwahati, Assam",Assam,26.14,91.73,2025-07-03,44.320003509521484,89.80500602722168,118.60500466823578,,INVALID,N/A,INVALID_RETRIEVAL,VALID,INVALID_RETRIEVAL,PARTIAL_RAINFALL_ONLY,2025-07-03,0,3B-DAY.MS.MRG.3IMERG.20250703-S000000-E235959.V07B.nc4,SMAP_L3_SM_P_20250703_R19240_002.h5,mm/day,cm^3/cm^3,50.93,MODERATE,"[""Low overall dynamic environmental triggering pressure""]",PROTOTYPE OPERATIONAL TRIGGER PARAMETERS — REQUIRES REGIONAL SCIENTIFIC CALIBRATION
NER_PILOT_03,"Shillong, Meghalaya",Meghalaya,25.57,91.88,2025-07-03,7.545000076293945,73.97500228881836,114.6799988746643,,INVALID,N/A,INVALID_RETRIEVAL,VALID,INVALID_RETRIEVAL,PARTIAL_RAINFALL_ONLY,2025-07-03,0,3B-DAY.MS.MRG.3IMERG.20250703-S000000-E235959.V07B.nc4,SMAP_L3_SM_P_20250703_R19240_002.h5,mm/day,cm^3/cm^3,32.79,LOW,"[""Low overall dynamic environmental triggering pressure""]",PROTOTYPE OPERATIONAL TRIGGER PARAMETERS — REQUIRES REGIONAL SCIENTIFIC CALIBRATION
NER_PILOT_04,"Aizawl, Mizoram",Mizoram,23.73,92.71,2025-07-03,10.920000076293945,43.4999942779541,91.87998849153519,,INVALID,N/A,INVALID_RETRIEVAL,VALID,INVALID_RETRIEVAL,PARTIAL_RAINFALL_ONLY,2025-07-03,0,3B-DAY.MS.MRG.3IMERG.20250703-S000000-E235959.V07B.nc4,SMAP_L3_SM_P_20250703_R19240_002.h5,mm/day,cm^3/cm^3,24.16,LOW,"[""Low overall dynamic environmental triggering pressure""]",PROTOTYPE OPERATIONAL TRIGGER PARAMETERS — REQUIRES REGIONAL SCIENTIFIC CALIBRATION
NER_PILOT_05,"Kohima, Nagaland",Nagaland,25.67,94.11,2025-07-03,10.425000190734863,44.15999889373779,85.2699984908104,,INVALID,N/A,INVALID_RETRIEVAL,VALID,INVALID_RETRIEVAL,PARTIAL_RAINFALL_ONLY,2025-07-03,0,3B-DAY.MS.MRG.3IMERG.20250703-S000000-E235959.V07B.nc4,SMAP_L3_SM_P_20250703_R19240_002.h5,mm/day,cm^3/cm^3,23.48,LOW,"[""Low overall dynamic environmental triggering pressure""]",PROTOTYPE OPERATIONAL TRIGGER PARAMETERS — REQUIRES REGIONAL SCIENTIFIC CALIBRATION
NER_PILOT_06,"Imphal, Manipur",Manipur,24.81,93.94,2025-07-03,5.600000381469727,15.790000438690186,48.08999967575073,,INVALID,N/A,INVALID_RETRIEVAL,VALID,INVALID_RETRIEVAL,PARTIAL_RAINFALL_ONLY,2025-07-03,0,3B-DAY.MS.MRG.3IMERG.20250703-S000000-E235959.V07B.nc4,SMAP_L3_SM_P_20250703_R19240_002.h5,mm/day,cm^3/cm^3,10.86,LOW,"[""Low overall dynamic environmental triggering pressure""]",PROTOTYPE OPERATIONAL TRIGGER PARAMETERS — REQUIRES REGIONAL SCIENTIFIC CALIBRATION
NER_PILOT_07,"Itanagar, Arunachal Pradesh",Arunachal Pradesh,27.08,93.61,2025-07-03,68.49501037597656,111.91000938415527,191.1200077533722,,INVALID,N/A,INVALID_RETRIEVAL,VALID,INVALID_RETRIEVAL,PARTIAL_RAINFALL_ONLY,2025-07-03,0,3B-DAY.MS.MRG.3IMERG.20250703-S000000-E235959.V07B.nc4,SMAP_L3_SM_P_20250703_R19240_002.h5,mm/day,cm^3/cm^3,72.78,HIGH,"[""Heavy 1-day rainfall accumulation (68.5 mm/day)"", ""High 3-day antecedent precipitation (111.9 mm)"", ""Sustained 7-day antecedent precipitation (191.1 mm)""]",PROTOTYPE OPERATIONAL TRIGGER PARAMETERS — REQUIRES REGIONAL SCIENTIFIC CALIBRATION
NER_PILOT_08,"Agartala, Tripura",Tripura,23.83,91.28,2025-07-03,1.1649999618530273,21.09499979019165,26.314999788999557,0.33069419860839844,RECOMMENDED,PM_6PM,PM_RECOMMENDED,VALID,VALID,COMPLETE,2025-07-03,0,3B-DAY.MS.MRG.3IMERG.20250703-S000000-E235959.V07B.nc4,SMAP_L3_SM_P_20250703_R19240_002.h5,mm/day,cm^3/cm^3,21.37,LOW,"[""High volumetric soil moisture saturation (0.331 cm\u00b3/cm\u00b3)""]",PROTOTYPE OPERATIONAL TRIGGER PARAMETERS — REQUIRES REGIONAL SCIENTIFIC CALIBRATION
GSI_SITE_01,Kukinala slide (Hailakandi),Assam,24.27,92.5,2025-07-03,9.589998245239258,45.24499702453613,117.43499755859375,0.33069419860839844,RECOMMENDED,PM_6PM,PM_RECOMMENDED,VALID,VALID,COMPLETE,2025-07-03,0,3B-DAY.MS.MRG.3IMERG.20250703-S000000-E235959.V07B.nc4,SMAP_L3_SM_P_20250703_R19240_002.h5,mm/day,cm^3/cm^3,36.02,LOW,"[""High volumetric soil moisture saturation (0.331 cm\u00b3/cm\u00b3)""]",PROTOTYPE OPERATIONAL TRIGGER PARAMETERS — REQUIRES REGIONAL SCIENTIFIC CALIBRATION
GSI_SITE_02,Jalnachaura slide (Hailakandi),Assam,24.31,92.56,2025-07-03,27.074996948242188,61.75999641418457,158.38498783111572,0.33069419860839844,RECOMMENDED,PM_6PM,PM_RECOMMENDED,VALID,VALID,COMPLETE,2025-07-03,0,3B-DAY.MS.MRG.3IMERG.20250703-S000000-E235959.V07B.nc4,SMAP_L3_SM_P_20250703_R19240_002.h5,mm/day,cm^3/cm^3,47.84,MODERATE,"[""High volumetric soil moisture saturation (0.331 cm\u00b3/cm\u00b3)""]",PROTOTYPE OPERATIONAL TRIGGER PARAMETERS — REQUIRES REGIONAL SCIENTIFIC CALIBRATION
GSI_SITE_03,Nandagram slide (Hailakandi),Assam,24.32,92.51,2025-07-03,27.074996948242188,61.75999641418457,158.38498783111572,0.33069419860839844,RECOMMENDED,PM_6PM,PM_RECOMMENDED,VALID,VALID,COMPLETE,2025-07-03,0,3B-DAY.MS.MRG.3IMERG.20250703-S000000-E235959.V07B.nc4,SMAP_L3_SM_P_20250703_R19240_002.h5,mm/day,cm^3/cm^3,47.84,MODERATE,"[""High volumetric soil moisture saturation (0.331 cm\u00b3/cm\u00b3)""]",PROTOTYPE OPERATIONAL TRIGGER PARAMETERS — REQUIRES REGIONAL SCIENTIFIC CALIBRATION
GSI_SITE_04,Nishkar slide (Hailakandi),Assam,24.43,92.55,2025-07-03,24.745004653930664,64.68500137329102,132.32500219345093,0.33069419860839844,RECOMMENDED,PM_6PM,PM_RECOMMENDED,VALID,VALID,COMPLETE,2025-07-03,0,3B-DAY.MS.MRG.3IMERG.20250703-S000000-E235959.V07B.nc4,SMAP_L3_SM_P_20250703_R19240_002.h5,mm/day,cm^3/cm^3,45.64,MODERATE,"[""High volumetric soil moisture saturation (0.331 cm\u00b3/cm\u00b3)""]",PROTOTYPE OPERATIONAL TRIGGER PARAMETERS — REQUIRES REGIONAL SCIENTIFIC CALIBRATION
GSI_SITE_05,Paglacherra slide (Karimganj),Assam,24.44,92.5,2025-07-03,7.580000877380371,53.86000156402588,139.38499641418457,0.33069419860839844,RECOMMENDED,PM_6PM,PM_RECOMMENDED,VALID,VALID,COMPLETE,2025-07-03,0,3B-DAY.MS.MRG.3IMERG.20250703-S000000-E235959.V07B.nc4,SMAP_L3_SM_P_20250703_R19240_002.h5,mm/day,cm^3/cm^3,38.89,LOW,"[""High volumetric soil moisture saturation (0.331 cm\u00b3/cm\u00b3)""]",PROTOTYPE OPERATIONAL TRIGGER PARAMETERS — REQUIRES REGIONAL SCIENTIFIC CALIBRATION
GSI_SITE_06,Lalpani slide (Hailakandi),Assam,24.44,92.56,2025-07-03,24.745004653930664,64.68500137329102,132.32500219345093,0.33069419860839844,RECOMMENDED,PM_6PM,PM_RECOMMENDED,VALID,VALID,COMPLETE,2025-07-03,0,3B-DAY.MS.MRG.3IMERG.20250703-S000000-E235959.V07B.nc4,SMAP_L3_SM_P_20250703_R19240_002.h5,mm/day,cm^3/cm^3,45.64,MODERATE,"[""High volumetric soil moisture saturation (0.331 cm\u00b3/cm\u00b3)""]",PROTOTYPE OPERATIONAL TRIGGER PARAMETERS — REQUIRES REGIONAL SCIENTIFIC CALIBRATION
GSI_SITE_07,Garapunjislide (Hailakandi),Assam,24.46,92.52,2025-07-03,24.745004653930664,64.68500137329102,132.32500219345093,0.3381975293159485,RECOMMENDED,PM_6PM,PM_RECOMMENDED,VALID,VALID,COMPLETE,2025-07-03,0,3B-DAY.MS.MRG.3IMERG.20250703-S000000-E235959.V07B.nc4,SMAP_L3_SM_P_20250703_R19240_002.h5,mm/day,cm^3/cm^3,45.98,MODERATE,"[""High volumetric soil moisture saturation (0.338 cm\u00b3/cm\u00b3)""]",PROTOTYPE OPERATIONAL TRIGGER PARAMETERS — REQUIRES REGIONAL SCIENTIFIC CALIBRATION
NER_PILOT_01,"Gangtok, Sikkim",Sikkim,27.33,88.61,2025-07-04,12.315000534057617,34.18499803543091,69.7649974822998,,INVALID,N/A,INVALID_RETRIEVAL,VALID,INVALID_RETRIEVAL,PARTIAL_RAINFALL_ONLY,2025-07-04,0,3B-DAY.MS.MRG.3IMERG.20250704-S000000-E235959.V07B.nc4,SMAP_L3_SM_P_20250704_R19240_001.h5,mm/day,cm^3/cm^3,20.14,LOW,"[""Low overall dynamic environmental triggering pressure""]",PROTOTYPE OPERATIONAL TRIGGER PARAMETERS — REQUIRES REGIONAL SCIENTIFIC CALIBRATION
NER_PILOT_02,"Guwahati, Assam",Assam,26.14,91.73,2025-07-04,50.034996032714844,125.19000244140625,155.58000028133392,0.36113256216049194,WARNING,AM_6AM,AM_NON_RECOMMENDED,VALID,VALID,COMPLETE,2025-07-04,0,3B-DAY.MS.MRG.3IMERG.20250704-S000000-E235959.V07B.nc4,SMAP_L3_SM_P_20250704_R19240_001.h5,mm/day,cm^3/cm^3,68.55,MODERATE,"[""Heavy 1-day rainfall accumulation (50.0 mm/day)"", ""High 3-day antecedent precipitation (125.2 mm)"", ""High volumetric soil moisture saturation (0.361 cm\u00b3/cm\u00b3)""]",PROTOTYPE OPERATIONAL TRIGGER PARAMETERS — REQUIRES REGIONAL SCIENTIFIC CALIBRATION
NER_PILOT_03,"Shillong, Meghalaya",Meghalaya,25.57,91.88,2025-07-04,19.404998779296875,50.849998474121094,130.11999797821045,,INVALID,N/A,INVALID_RETRIEVAL,VALID,INVALID_RETRIEVAL,PARTIAL_RAINFALL_ONLY,2025-07-04,0,3B-DAY.MS.MRG.3IMERG.20250704-S000000-E235959.V07B.nc4,SMAP_L3_SM_P_20250704_R19240_001.h5,mm/day,cm^3/cm^3,33.0,LOW,"[""Low overall dynamic environmental triggering pressure""]",PROTOTYPE OPERATIONAL TRIGGER PARAMETERS — REQUIRES REGIONAL SCIENTIFIC CALIBRATION
NER_PILOT_04,"Aizawl, Mizoram",Mizoram,23.73,92.71,2025-07-04,8.305000305175781,38.33499717712402,99.58498883247375,,INVALID,N/A,INVALID_RETRIEVAL,VALID,INVALID_RETRIEVAL,PARTIAL_RAINFALL_ONLY,2025-07-04,0,3B-DAY.MS.MRG.3IMERG.20250704-S000000-E235959.V07B.nc4,SMAP_L3_SM_P_20250704_R19240_001.h5,mm/day,cm^3/cm^3,22.66,LOW,"[""Low overall dynamic environmental triggering pressure""]",PROTOTYPE OPERATIONAL TRIGGER PARAMETERS — REQUIRES REGIONAL SCIENTIFIC CALIBRATION
NER_PILOT_05,"Kohima, Nagaland",Nagaland,25.67,94.11,2025-07-04,39.74500274658203,67.64000034332275,124.0550012588501,,INVALID,N/A,INVALID_RETRIEVAL,VALID,INVALID_RETRIEVAL,PARTIAL_RAINFALL_ONLY,2025-07-04,0,3B-DAY.MS.MRG.3IMERG.20250704-S000000-E235959.V07B.nc4,SMAP_L3_SM_P_20250704_R19240_001.h5,mm/day,cm^3/cm^3,44.22,MODERATE,"[""Low overall dynamic environmental triggering pressure""]",PROTOTYPE OPERATIONAL TRIGGER PARAMETERS — REQUIRES REGIONAL SCIENTIFIC CALIBRATION
NER_PILOT_06,"Imphal, Manipur",Manipur,24.81,93.94,2025-07-04,8.394999504089355,23.119999885559082,54.04499912261963,,INVALID,N/A,INVALID_RETRIEVAL,VALID,INVALID_RETRIEVAL,PARTIAL_RAINFALL_ONLY,2025-07-04,0,3B-DAY.MS.MRG.3IMERG.20250704-S000000-E235959.V07B.nc4,SMAP_L3_SM_P_20250704_R19240_001.h5,mm/day,cm^3/cm^3,14.33,LOW,"[""Low overall dynamic environmental triggering pressure""]",PROTOTYPE OPERATIONAL TRIGGER PARAMETERS — REQUIRES REGIONAL SCIENTIFIC CALIBRATION
NER_PILOT_07,"Itanagar, Arunachal Pradesh",Arunachal Pradesh,27.08,93.61,2025-07-04,15.089999198913574,112.08500957489014,203.88000679016113,0.06848744302988052,WARNING,AM_PM_MEAN,AM_PM_NON_RECOMMENDED_MEAN,VALID,VALID,COMPLETE,2025-07-04,0,3B-DAY.MS.MRG.3IMERG.20250704-S000000-E235959.V07B.nc4,SMAP_L3_SM_P_20250704_R19240_001.h5,mm/day,cm^3/cm^3,46.3,MODERATE,"[""High 3-day antecedent precipitation (112.1 mm)"", ""Sustained 7-day antecedent precipitation (203.9 mm)""]",PROTOTYPE OPERATIONAL TRIGGER PARAMETERS — REQUIRES REGIONAL SCIENTIFIC CALIBRATION
NER_PILOT_08,"Agartala, Tripura",Tripura,23.83,91.28,2025-07-04,1.4649999141693115,7.549999475479126,27.77999970316887,0.4126919209957123,RECOMMENDED,AM_6AM,AM_RECOMMENDED,VALID,VALID,COMPLETE,2025-07-04,0,3B-DAY.MS.MRG.3IMERG.20250704-S000000-E235959.V07B.nc4,SMAP_L3_SM_P_20250704_R19240_001.h5,mm/day,cm^3/cm^3,22.51,LOW,"[""High volumetric soil moisture saturation (0.413 cm\u00b3/cm\u00b3)""]",PROTOTYPE OPERATIONAL TRIGGER PARAMETERS — REQUIRES REGIONAL SCIENTIFIC CALIBRATION
GSI_SITE_01,Kukinala slide (Hailakandi),Assam,24.27,92.5,2025-07-04,5.155000686645508,28.474998474121094,114.87999820709229,0.4126919209957123,RECOMMENDED,AM_6AM,AM_RECOMMENDED,VALID,VALID,COMPLETE,2025-07-04,0,3B-DAY.MS.MRG.3IMERG.20250704-S000000-E235959.V07B.nc4,SMAP_L3_SM_P_20250704_R19240_001.h5,mm/day,cm^3/cm^3,34.77,LOW,"[""High volumetric soil moisture saturation (0.413 cm\u00b3/cm\u00b3)""]",PROTOTYPE OPERATIONAL TRIGGER PARAMETERS — REQUIRES REGIONAL SCIENTIFIC CALIBRATION
GSI_SITE_02,Jalnachaura slide (Hailakandi),Assam,24.31,92.56,2025-07-04,3.169999837875366,42.939998388290405,126.51999163627625,0.4126919209957123,RECOMMENDED,AM_6AM,AM_RECOMMENDED,VALID,VALID,COMPLETE,2025-07-04,0,3B-DAY.MS.MRG.3IMERG.20250704-S000000-E235959.V07B.nc4,SMAP_L3_SM_P_20250704_R19240_001.h5,mm/day,cm^3/cm^3,38.0,LOW,"[""High volumetric soil moisture saturation (0.413 cm\u00b3/cm\u00b3)""]",PROTOTYPE OPERATIONAL TRIGGER PARAMETERS — REQUIRES REGIONAL SCIENTIFIC CALIBRATION
GSI_SITE_03,Nandagram slide (Hailakandi),Assam,24.32,92.51,2025-07-04,3.169999837875366,42.939998388290405,126.51999163627625,0.4126919209957123,RECOMMENDED,AM_6AM,AM_RECOMMENDED,VALID,VALID,COMPLETE,2025-07-04,0,3B-DAY.MS.MRG.3IMERG.20250704-S000000-E235959.V07B.nc4,SMAP_L3_SM_P_20250704_R19240_001.h5,mm/day,cm^3/cm^3,38.0,LOW,"[""High volumetric soil moisture saturation (0.413 cm\u00b3/cm\u00b3)""]",PROTOTYPE OPERATIONAL TRIGGER PARAMETERS — REQUIRES REGIONAL SCIENTIFIC CALIBRATION
GSI_SITE_04,Nishkar slide (Hailakandi),Assam,24.43,92.55,2025-07-04,2.615000009536743,43.61000466346741,128.56500124931335,0.4126919209957123,RECOMMENDED,AM_6AM,AM_RECOMMENDED,VALID,VALID,COMPLETE,2025-07-04,0,3B-DAY.MS.MRG.3IMERG.20250704-S000000-E235959.V07B.nc4,SMAP_L3_SM_P_20250704_R19240_001.h5,mm/day,cm^3/cm^3,38.13,LOW,"[""High volumetric soil moisture saturation (0.413 cm\u00b3/cm\u00b3)""]",PROTOTYPE OPERATIONAL TRIGGER PARAMETERS — REQUIRES REGIONAL SCIENTIFIC CALIBRATION
GSI_SITE_05,Paglacherra slide (Karimganj),Assam,24.44,92.5,2025-07-04,4.1050004959106445,27.33500099182129,132.6349983215332,0.4126919209957123,RECOMMENDED,AM_6AM,AM_RECOMMENDED,VALID,VALID,COMPLETE,2025-07-04,0,3B-DAY.MS.MRG.3IMERG.20250704-S000000-E235959.V07B.nc4,SMAP_L3_SM_P_20250704_R19240_001.h5,mm/day,cm^3/cm^3,35.65,LOW,"[""High volumetric soil moisture saturation (0.413 cm\u00b3/cm\u00b3)""]",PROTOTYPE OPERATIONAL TRIGGER PARAMETERS — REQUIRES REGIONAL SCIENTIFIC CALIBRATION
GSI_SITE_06,Lalpani slide (Hailakandi),Assam,24.44,92.56,2025-07-04,2.615000009536743,43.61000466346741,128.56500124931335,0.4126919209957123,RECOMMENDED,AM_6AM,AM_RECOMMENDED,VALID,VALID,COMPLETE,2025-07-04,0,3B-DAY.MS.MRG.3IMERG.20250704-S000000-E235959.V07B.nc4,SMAP_L3_SM_P_20250704_R19240_001.h5,mm/day,cm^3/cm^3,38.13,LOW,"[""High volumetric soil moisture saturation (0.413 cm\u00b3/cm\u00b3)""]",PROTOTYPE OPERATIONAL TRIGGER PARAMETERS — REQUIRES REGIONAL SCIENTIFIC CALIBRATION
GSI_SITE_07,Garapunjislide (Hailakandi),Assam,24.46,92.52,2025-07-04,2.615000009536743,43.61000466346741,128.56500124931335,,INVALID,N/A,INVALID_RETRIEVAL,VALID,INVALID_RETRIEVAL,PARTIAL_RAINFALL_ONLY,2025-07-04,0,3B-DAY.MS.MRG.3IMERG.20250704-S000000-E235959.V07B.nc4,SMAP_L3_SM_P_20250704_R19240_001.h5,mm/day,cm^3/cm^3,24.74,LOW,"[""Low overall dynamic environmental triggering pressure""]",PROTOTYPE OPERATIONAL TRIGGER PARAMETERS — REQUIRES REGIONAL SCIENTIFIC CALIBRATION
NER_PILOT_01,"Gangtok, Sikkim",Sikkim,27.33,88.61,2025-07-05,4.925000190734863,34.29499912261963,59.079997062683105,0.24365761876106262,WARNING,PM_6PM,PM_NON_RECOMMENDED,VALID,VALID,COMPLETE,2025-07-05,0,3B-DAY.MS.MRG.3IMERG.20250705-S000000-E235959.V07B.nc4,SMAP_L3_SM_P_20250705_R19240_001.h5,mm/day,cm^3/cm^3,23.89,LOW,"[""Low overall dynamic environmental triggering pressure""]",PROTOTYPE OPERATIONAL TRIGGER PARAMETERS — REQUIRES REGIONAL SCIENTIFIC CALIBRATION
NER_PILOT_02,"Guwahati, Assam",Assam,26.14,91.73,2025-07-05,15.92500114440918,110.28000068664551,169.8300015926361,0.1826006919145584,WARNING,PM_6PM,PM_NON_RECOMMENDED,VALID,VALID,COMPLETE,2025-07-05,0,3B-DAY.MS.MRG.3IMERG.20250705-S000000-E235959.V07B.nc4,SMAP_L3_SM_P_20250705_R19240_001.h5,mm/day,cm^3/cm^3,48.54,MODERATE,"[""High 3-day antecedent precipitation (110.3 mm)""]",PROTOTYPE OPERATIONAL TRIGGER PARAMETERS — REQUIRES REGIONAL SCIENTIFIC CALIBRATION
NER_PILOT_03,"Shillong, Meghalaya",Meghalaya,25.57,91.88,2025-07-05,9.654999732971191,36.60499858856201,136.52999782562256,0.3271437883377075,WARNING,PM_6PM,PM_NON_RECOMMENDED,VALID,VALID,COMPLETE,2025-07-05,0,3B-DAY.MS.MRG.3IMERG.20250705-S000000-E235959.V07B.nc4,SMAP_L3_SM_P_20250705_R19240_001.h5,mm/day,cm^3/cm^3,35.68,LOW,"[""High volumetric soil moisture saturation (0.327 cm\u00b3/cm\u00b3)""]",PROTOTYPE OPERATIONAL TRIGGER PARAMETERS — REQUIRES REGIONAL SCIENTIFIC CALIBRATION
NER_PILOT_04,"Aizawl, Mizoram",Mizoram,23.73,92.71,2025-07-05,16.110000610351562,35.33500099182129,112.7449893951416,,INVALID,N/A,INVALID_RETRIEVAL,VALID,INVALID_RETRIEVAL,PARTIAL_RAINFALL_ONLY,2025-07-05,0,3B-DAY.MS.MRG.3IMERG.20250705-S000000-E235959.V07B.nc4,SMAP_L3_SM_P_20250705_R19240_001.h5,mm/day,cm^3/cm^3,26.15,LOW,"[""Low overall dynamic environmental triggering pressure""]",PROTOTYPE OPERATIONAL TRIGGER PARAMETERS — REQUIRES REGIONAL SCIENTIFIC CALIBRATION
NER_PILOT_05,"Kohima, Nagaland",Nagaland,25.67,94.11,2025-07-05,34.59499740600586,84.76500034332275,146.98499965667725,,INVALID,N/A,INVALID_RETRIEVAL,VALID,INVALID_RETRIEVAL,PARTIAL_RAINFALL_ONLY,2025-07-05,0,3B-DAY.MS.MRG.3IMERG.20250705-S000000-E235959.V07B.nc4,SMAP_L3_SM_P_20250705_R19240_001.h5,mm/day,cm^3/cm^3,48.86,MODERATE,"[""Low overall dynamic environmental triggering pressure""]",PROTOTYPE OPERATIONAL TRIGGER PARAMETERS — REQUIRES REGIONAL SCIENTIFIC CALIBRATION
NER_PILOT_06,"Imphal, Manipur",Manipur,24.81,93.94,2025-07-05,11.5,25.494999885559082,50.40499973297119,,INVALID,N/A,INVALID_RETRIEVAL,VALID,INVALID_RETRIEVAL,PARTIAL_RAINFALL_ONLY,2025-07-05,0,3B-DAY.MS.MRG.3IMERG.20250705-S000000-E235959.V07B.nc4,SMAP_L3_SM_P_20250705_R19240_001.h5,mm/day,cm^3/cm^3,15.73,LOW,"[""Low overall dynamic environmental triggering pressure""]",PROTOTYPE OPERATIONAL TRIGGER PARAMETERS — REQUIRES REGIONAL SCIENTIFIC CALIBRATION
NER_PILOT_07,"Itanagar, Arunachal Pradesh",Arunachal Pradesh,27.08,93.61,2025-07-05,23.854997634887695,107.44000720977783,218.51500415802002,0.13346852734684944,WARNING,AM_PM_MEAN,AM_PM_NON_RECOMMENDED_MEAN,VALID,VALID,COMPLETE,2025-07-05,0,3B-DAY.MS.MRG.3IMERG.20250705-S000000-E235959.V07B.nc4,SMAP_L3_SM_P_20250705_R19240_001.h5,mm/day,cm^3/cm^3,52.06,MODERATE,"[""High 3-day antecedent precipitation (107.4 mm)"", ""Sustained 7-day antecedent precipitation (218.5 mm)""]",PROTOTYPE OPERATIONAL TRIGGER PARAMETERS — REQUIRES REGIONAL SCIENTIFIC CALIBRATION
NER_PILOT_08,"Agartala, Tripura",Tripura,23.83,91.28,2025-07-05,8.414999961853027,11.044999837875366,35.984999656677246,,INVALID,N/A,INVALID_RETRIEVAL,VALID,INVALID_RETRIEVAL,PARTIAL_RAINFALL_ONLY,2025-07-05,0,3B-DAY.MS.MRG.3IMERG.20250705-S000000-E235959.V07B.nc4,SMAP_L3_SM_P_20250705_R19240_001.h5,mm/day,cm^3/cm^3,9.52,LOW,"[""Low overall dynamic environmental triggering pressure""]",PROTOTYPE OPERATIONAL TRIGGER PARAMETERS — REQUIRES REGIONAL SCIENTIFIC CALIBRATION
GSI_SITE_01,Kukinala slide (Hailakandi),Assam,24.27,92.5,2025-07-05,12.450000762939453,27.19499969482422,117.77499961853027,,INVALID,N/A,INVALID_RETRIEVAL,VALID,INVALID_RETRIEVAL,PARTIAL_RAINFALL_ONLY,2025-07-05,0,3B-DAY.MS.MRG.3IMERG.20250705-S000000-E235959.V07B.nc4,SMAP_L3_SM_P_20250705_R19240_001.h5,mm/day,cm^3/cm^3,23.25,LOW,"[""Low overall dynamic environmental triggering pressure""]",PROTOTYPE OPERATIONAL TRIGGER PARAMETERS — REQUIRES REGIONAL SCIENTIFIC CALIBRATION
GSI_SITE_02,Jalnachaura slide (Hailakandi),Assam,24.31,92.56,2025-07-05,17.135000228881836,47.37999701499939,131.35999178886414,,INVALID,N/A,INVALID_RETRIEVAL,VALID,INVALID_RETRIEVAL,PARTIAL_RAINFALL_ONLY,2025-07-05,0,3B-DAY.MS.MRG.3IMERG.20250705-S000000-E235959.V07B.nc4,SMAP_L3_SM_P_20250705_R19240_001.h5,mm/day,cm^3/cm^3,31.41,LOW,"[""Low overall dynamic environmental triggering pressure""]",PROTOTYPE OPERATIONAL TRIGGER PARAMETERS — REQUIRES REGIONAL SCIENTIFIC CALIBRATION
GSI_SITE_03,Nandagram slide (Hailakandi),Assam,24.32,92.51,2025-07-05,17.135000228881836,47.37999701499939,131.35999178886414,,INVALID,N/A,INVALID_RETRIEVAL,VALID,INVALID_RETRIEVAL,PARTIAL_RAINFALL_ONLY,2025-07-05,0,3B-DAY.MS.MRG.3IMERG.20250705-S000000-E235959.V07B.nc4,SMAP_L3_SM_P_20250705_R19240_001.h5,mm/day,cm^3/cm^3,31.41,LOW,"[""Low overall dynamic environmental triggering pressure""]",PROTOTYPE OPERATIONAL TRIGGER PARAMETERS — REQUIRES REGIONAL SCIENTIFIC CALIBRATION
GSI_SITE_04,Nishkar slide (Hailakandi),Assam,24.43,92.55,2025-07-05,12.319999694824219,39.680004358291626,133.24500107765198,,INVALID,N/A,INVALID_RETRIEVAL,VALID,INVALID_RETRIEVAL,PARTIAL_RAINFALL_ONLY,2025-07-05,0,3B-DAY.MS.MRG.3IMERG.20250705-S000000-E235959.V07B.nc4,SMAP_L3_SM_P_20250705_R19240_001.h5,mm/day,cm^3/cm^3,27.86,LOW,"[""Low overall dynamic environmental triggering pressure""]",PROTOTYPE OPERATIONAL TRIGGER PARAMETERS — REQUIRES REGIONAL SCIENTIFIC CALIBRATION
GSI_SITE_05,Paglacherra slide (Karimganj),Assam,24.44,92.5,2025-07-05,10.814997673034668,22.499999046325684,140.37999629974365,,INVALID,N/A,INVALID_RETRIEVAL,VALID,INVALID_RETRIEVAL,PARTIAL_RAINFALL_ONLY,2025-07-05,0,3B-DAY.MS.MRG.3IMERG.20250705-S000000-E235959.V07B.nc4,SMAP_L3_SM_P_20250705_R19240_001.h5,mm/day,cm^3/cm^3,23.72,LOW,"[""Low overall dynamic environmental triggering pressure""]",PROTOTYPE OPERATIONAL TRIGGER PARAMETERS — REQUIRES REGIONAL SCIENTIFIC CALIBRATION
GSI_SITE_06,Lalpani slide (Hailakandi),Assam,24.44,92.56,2025-07-05,12.319999694824219,39.680004358291626,133.24500107765198,,INVALID,N/A,INVALID_RETRIEVAL,VALID,INVALID_RETRIEVAL,PARTIAL_RAINFALL_ONLY,2025-07-05,0,3B-DAY.MS.MRG.3IMERG.20250705-S000000-E235959.V07B.nc4,SMAP_L3_SM_P_20250705_R19240_001.h5,mm/day,cm^3/cm^3,27.86,LOW,"[""Low overall dynamic environmental triggering pressure""]",PROTOTYPE OPERATIONAL TRIGGER PARAMETERS — REQUIRES REGIONAL SCIENTIFIC CALIBRATION
GSI_SITE_07,Garapunjislide (Hailakandi),Assam,24.46,92.52,2025-07-05,12.319999694824219,39.680004358291626,133.24500107765198,0.4871731996536255,RECOMMENDED,PM_6PM,PM_RECOMMENDED,VALID,VALID,COMPLETE,2025-07-05,0,3B-DAY.MS.MRG.3IMERG.20250705-S000000-E235959.V07B.nc4,SMAP_L3_SM_P_20250705_R19240_001.h5,mm/day,cm^3/cm^3,42.29,MODERATE,"[""High volumetric soil moisture saturation (0.487 cm\u00b3/cm\u00b3)""]",PROTOTYPE OPERATIONAL TRIGGER PARAMETERS — REQUIRES REGIONAL SCIENTIFIC CALIBRATION
NER_PILOT_01,"Gangtok, Sikkim",Sikkim,27.33,88.61,2025-07-06,1.3399999141693115,18.580000638961792,50.644997358322144,,INVALID,N/A,INVALID_RETRIEVAL,VALID,INVALID_RETRIEVAL,PARTIAL_RAINFALL_ONLY,2025-07-06,0,3B-DAY.MS.MRG.3IMERG.20250706-S000000-E235959.V07B.nc4,SMAP_L3_SM_P_20250706_R19240_002.h5,mm/day,cm^3/cm^3,10.21,LOW,"[""Low overall dynamic environmental triggering pressure""]",PROTOTYPE OPERATIONAL TRIGGER PARAMETERS — REQUIRES REGIONAL SCIENTIFIC CALIBRATION
NER_PILOT_02,"Guwahati, Assam",Assam,26.14,91.73,2025-07-06,2.004999876022339,67.96499705314636,170.9500014781952,,INVALID,N/A,INVALID_RETRIEVAL,VALID,INVALID_RETRIEVAL,PARTIAL_RAINFALL_ONLY,2025-07-06,0,3B-DAY.MS.MRG.3IMERG.20250706-S000000-E235959.V07B.nc4,SMAP_L3_SM_P_20250706_R19240_002.h5,mm/day,cm^3/cm^3,34.84,LOW,"[""Low overall dynamic environmental triggering pressure""]",PROTOTYPE OPERATIONAL TRIGGER PARAMETERS — REQUIRES REGIONAL SCIENTIFIC CALIBRATION
NER_PILOT_03,"Shillong, Meghalaya",Meghalaya,25.57,91.88,2025-07-06,43.95500183105469,73.01500034332275,168.00500011444092,,INVALID,N/A,INVALID_RETRIEVAL,VALID,INVALID_RETRIEVAL,PARTIAL_RAINFALL_ONLY,2025-07-06,0,3B-DAY.MS.MRG.3IMERG.20250706-S000000-E235959.V07B.nc4,SMAP_L3_SM_P_20250706_R19240_002.h5,mm/day,cm^3/cm^3,51.54,MODERATE,"[""Low overall dynamic environmental triggering pressure""]",PROTOTYPE OPERATIONAL TRIGGER PARAMETERS — REQUIRES REGIONAL SCIENTIFIC CALIBRATION
NER_PILOT_04,"Aizawl, Mizoram",Mizoram,23.73,92.71,2025-07-06,9.074999809265137,33.49000072479248,93.15499210357666,,INVALID,N/A,INVALID_RETRIEVAL,VALID,INVALID_RETRIEVAL,PARTIAL_RAINFALL_ONLY,2025-07-06,0,3B-DAY.MS.MRG.3IMERG.20250706-S000000-E235959.V07B.nc4,SMAP_L3_SM_P_20250706_R19240_002.h5,mm/day,cm^3/cm^3,21.09,LOW,"[""Low overall dynamic environmental triggering pressure""]",PROTOTYPE OPERATIONAL TRIGGER PARAMETERS — REQUIRES REGIONAL SCIENTIFIC CALIBRATION
NER_PILOT_05,"Kohima, Nagaland",Nagaland,25.67,94.11,2025-07-06,7.159999847412109,81.5,147.54499912261963,,INVALID,N/A,INVALID_RETRIEVAL,VALID,INVALID_RETRIEVAL,PARTIAL_RAINFALL_ONLY,2025-07-06,0,3B-DAY.MS.MRG.3IMERG.20250706-S000000-E235959.V07B.nc4,SMAP_L3_SM_P_20250706_R19240_002.h5,mm/day,cm^3/cm^3,37.81,LOW,"[""Low overall dynamic environmental triggering pressure""]",PROTOTYPE OPERATIONAL TRIGGER PARAMETERS — REQUIRES REGIONAL SCIENTIFIC CALIBRATION
NER_PILOT_06,"Imphal, Manipur",Manipur,24.81,93.94,2025-07-06,11.045001029968262,30.940000534057617,56.755000591278076,,INVALID,N/A,INVALID_RETRIEVAL,VALID,INVALID_RETRIEVAL,PARTIAL_RAINFALL_ONLY,2025-07-06,0,3B-DAY.MS.MRG.3IMERG.20250706-S000000-E235959.V07B.nc4,SMAP_L3_SM_P_20250706_R19240_002.h5,mm/day,cm^3/cm^3,17.55,LOW,"[""Low overall dynamic environmental triggering pressure""]",PROTOTYPE OPERATIONAL TRIGGER PARAMETERS — REQUIRES REGIONAL SCIENTIFIC CALIBRATION
NER_PILOT_07,"Itanagar, Arunachal Pradesh",Arunachal Pradesh,27.08,93.61,2025-07-06,9.839999198913574,48.784996032714844,207.5000057220459,,INVALID,N/A,INVALID_RETRIEVAL,VALID,INVALID_RETRIEVAL,PARTIAL_RAINFALL_ONLY,2025-07-06,0,3B-DAY.MS.MRG.3IMERG.20250706-S000000-E235959.V07B.nc4,SMAP_L3_SM_P_20250706_R19240_002.h5,mm/day,cm^3/cm^3,36.64,LOW,"[""Sustained 7-day antecedent precipitation (207.5 mm)""]",PROTOTYPE OPERATIONAL TRIGGER PARAMETERS — REQUIRES REGIONAL SCIENTIFIC CALIBRATION
NER_PILOT_08,"Agartala, Tripura",Tripura,23.83,91.28,2025-07-06,5.285000801086426,15.165000677108765,38.8650004863739,,INVALID,N/A,INVALID_RETRIEVAL,VALID,INVALID_RETRIEVAL,PARTIAL_RAINFALL_ONLY,2025-07-06,0,3B-DAY.MS.MRG.3IMERG.20250706-S000000-E235959.V07B.nc4,SMAP_L3_SM_P_20250706_R19240_002.h5,mm/day,cm^3/cm^3,9.66,LOW,"[""Low overall dynamic environmental triggering pressure""]",PROTOTYPE OPERATIONAL TRIGGER PARAMETERS — REQUIRES REGIONAL SCIENTIFIC CALIBRATION
GSI_SITE_01,Kukinala slide (Hailakandi),Assam,24.27,92.5,2025-07-06,24.685001373291016,42.29000282287598,121.55500030517578,,INVALID,N/A,INVALID_RETRIEVAL,VALID,INVALID_RETRIEVAL,PARTIAL_RAINFALL_ONLY,2025-07-06,0,3B-DAY.MS.MRG.3IMERG.20250706-S000000-E235959.V07B.nc4,SMAP_L3_SM_P_20250706_R19240_002.h5,mm/day,cm^3/cm^3,31.98,LOW,"[""Low overall dynamic environmental triggering pressure""]",PROTOTYPE OPERATIONAL TRIGGER PARAMETERS — REQUIRES REGIONAL SCIENTIFIC CALIBRATION
GSI_SITE_02,Jalnachaura slide (Hailakandi),Assam,24.31,92.56,2025-07-06,16.985002517700195,37.2900025844574,132.64499640464783,,INVALID,N/A,INVALID_RETRIEVAL,VALID,INVALID_RETRIEVAL,PARTIAL_RAINFALL_ONLY,2025-07-06,0,3B-DAY.MS.MRG.3IMERG.20250706-S000000-E235959.V07B.nc4,SMAP_L3_SM_P_20250706_R19240_002.h5,mm/day,cm^3/cm^3,28.96,LOW,"[""Low overall dynamic environmental triggering pressure""]",PROTOTYPE OPERATIONAL TRIGGER PARAMETERS — REQUIRES REGIONAL SCIENTIFIC CALIBRATION
GSI_SITE_03,Nandagram slide (Hailakandi),Assam,24.32,92.51,2025-07-06,16.985002517700195,37.2900025844574,132.64499640464783,,INVALID,N/A,INVALID_RETRIEVAL,VALID,INVALID_RETRIEVAL,PARTIAL_RAINFALL_ONLY,2025-07-06,0,3B-DAY.MS.MRG.3IMERG.20250706-S000000-E235959.V07B.nc4,SMAP_L3_SM_P_20250706_R19240_002.h5,mm/day,cm^3/cm^3,28.96,LOW,"[""Low overall dynamic environmental triggering pressure""]",PROTOTYPE OPERATIONAL TRIGGER PARAMETERS — REQUIRES REGIONAL SCIENTIFIC CALIBRATION
GSI_SITE_04,Nishkar slide (Hailakandi),Assam,24.43,92.55,2025-07-06,36.845001220703125,51.78000092506409,154.23000168800354,,INVALID,N/A,INVALID_RETRIEVAL,VALID,INVALID_RETRIEVAL,PARTIAL_RAINFALL_ONLY,2025-07-06,0,3B-DAY.MS.MRG.3IMERG.20250706-S000000-E235959.V07B.nc4,SMAP_L3_SM_P_20250706_R19240_002.h5,mm/day,cm^3/cm^3,42.18,MODERATE,"[""Low overall dynamic environmental triggering pressure""]",PROTOTYPE OPERATIONAL TRIGGER PARAMETERS — REQUIRES REGIONAL SCIENTIFIC CALIBRATION
GSI_SITE_05,Paglacherra slide (Karimganj),Assam,24.44,92.5,2025-07-06,54.94499969482422,69.86499786376953,173.51999759674072,,INVALID,N/A,INVALID_RETRIEVAL,VALID,INVALID_RETRIEVAL,PARTIAL_RAINFALL_ONLY,2025-07-06,0,3B-DAY.MS.MRG.3IMERG.20250706-S000000-E235959.V07B.nc4,SMAP_L3_SM_P_20250706_R19240_002.h5,mm/day,cm^3/cm^3,55.42,MODERATE,"[""Heavy 1-day rainfall accumulation (54.9 mm/day)""]",PROTOTYPE OPERATIONAL TRIGGER PARAMETERS — REQUIRES REGIONAL SCIENTIFIC CALIBRATION
GSI_SITE_06,Lalpani slide (Hailakandi),Assam,24.44,92.56,2025-07-06,36.845001220703125,51.78000092506409,154.23000168800354,,INVALID,N/A,INVALID_RETRIEVAL,VALID,INVALID_RETRIEVAL,PARTIAL_RAINFALL_ONLY,2025-07-06,0,3B-DAY.MS.MRG.3IMERG.20250706-S000000-E235959.V07B.nc4,SMAP_L3_SM_P_20250706_R19240_002.h5,mm/day,cm^3/cm^3,42.18,MODERATE,"[""Low overall dynamic environmental triggering pressure""]",PROTOTYPE OPERATIONAL TRIGGER PARAMETERS — REQUIRES REGIONAL SCIENTIFIC CALIBRATION
GSI_SITE_07,Garapunjislide (Hailakandi),Assam,24.46,92.52,2025-07-06,36.845001220703125,51.78000092506409,154.23000168800354,,INVALID,N/A,INVALID_RETRIEVAL,VALID,INVALID_RETRIEVAL,PARTIAL_RAINFALL_ONLY,2025-07-06,0,3B-DAY.MS.MRG.3IMERG.20250706-S000000-E235959.V07B.nc4,SMAP_L3_SM_P_20250706_R19240_002.h5,mm/day,cm^3/cm^3,42.18,MODERATE,"[""Low overall dynamic environmental triggering pressure""]",PROTOTYPE OPERATIONAL TRIGGER PARAMETERS — REQUIRES REGIONAL SCIENTIFIC CALIBRATION
NER_PILOT_01,"Gangtok, Sikkim",Sikkim,27.33,88.61,2025-07-07,4.34499979019165,10.609999895095825,50.479997396469116,,INVALID,N/A,INVALID_RETRIEVAL,VALID,INVALID_RETRIEVAL,PARTIAL_RAINFALL_ONLY,2025-07-07,0,3B-DAY.MS.MRG.3IMERG.20250707-S000000-E235959.V07B.nc4,SMAP_L3_SM_P_20250707_R19240_002.h5,mm/day,cm^3/cm^3,9.33,LOW,"[""Low overall dynamic environmental triggering pressure""]",PROTOTYPE OPERATIONAL TRIGGER PARAMETERS — REQUIRES REGIONAL SCIENTIFIC CALIBRATION
NER_PILOT_02,"Guwahati, Assam",Assam,26.14,91.73,2025-07-07,3.4099998474121094,21.340000867843628,161.18000292778015,0.22294190526008606,WARNING,AM_6AM,AM_NON_RECOMMENDED,VALID,VALID,COMPLETE,2025-07-07,0,3B-DAY.MS.MRG.3IMERG.20250707-S000000-E235959.V07B.nc4,SMAP_L3_SM_P_20250707_R19240_002.h5,mm/day,cm^3/cm^3,28.09,LOW,"[""Low overall dynamic environmental triggering pressure""]",PROTOTYPE OPERATIONAL TRIGGER PARAMETERS — REQUIRES REGIONAL SCIENTIFIC CALIBRATION
NER_PILOT_03,"Shillong, Meghalaya",Meghalaya,25.57,91.88,2025-07-07,9.69999885559082,63.3100004196167,156.69000148773193,0.24863529205322266,RECOMMENDED,AM_6AM,AM_RECOMMENDED,VALID,VALID,COMPLETE,2025-07-07,0,3B-DAY.MS.MRG.3IMERG.20250707-S000000-E235959.V07B.nc4,SMAP_L3_SM_P_20250707_R19240_002.h5,mm/day,cm^3/cm^3,39.16,LOW,"[""Low overall dynamic environmental triggering pressure""]",PROTOTYPE OPERATIONAL TRIGGER PARAMETERS — REQUIRES REGIONAL SCIENTIFIC CALIBRATION
NER_PILOT_04,"Aizawl, Mizoram",Mizoram,23.73,92.71,2025-07-07,16.28499984741211,41.47000026702881,93.27499485015869,,INVALID,N/A,INVALID_RETRIEVAL,VALID,INVALID_RETRIEVAL,PARTIAL_RAINFALL_ONLY,2025-07-07,0,3B-DAY.MS.MRG.3IMERG.20250707-S000000-E235959.V07B.nc4,SMAP_L3_SM_P_20250707_R19240_002.h5,mm/day,cm^3/cm^3,25.8,LOW,"[""Low overall dynamic environmental triggering pressure""]",PROTOTYPE OPERATIONAL TRIGGER PARAMETERS — REQUIRES REGIONAL SCIENTIFIC CALIBRATION
NER_PILOT_05,"Kohima, Nagaland",Nagaland,25.67,94.11,2025-07-07,28.810001373291016,70.56499862670898,154.4700002670288,,INVALID,N/A,INVALID_RETRIEVAL,VALID,INVALID_RETRIEVAL,PARTIAL_RAINFALL_ONLY,2025-07-07,0,3B-DAY.MS.MRG.3IMERG.20250707-S000000-E235959.V07B.nc4,SMAP_L3_SM_P_20250707_R19240_002.h5,mm/day,cm^3/cm^3,43.89,MODERATE,"[""Low overall dynamic environmental triggering pressure""]",PROTOTYPE OPERATIONAL TRIGGER PARAMETERS — REQUIRES REGIONAL SCIENTIFIC CALIBRATION
NER_PILOT_06,"Imphal, Manipur",Manipur,24.81,93.94,2025-07-07,13.654998779296875,36.19999980926514,60.38499975204468,,INVALID,N/A,INVALID_RETRIEVAL,VALID,INVALID_RETRIEVAL,PARTIAL_RAINFALL_ONLY,2025-07-07,0,3B-DAY.MS.MRG.3IMERG.20250707-S000000-E235959.V07B.nc4,SMAP_L3_SM_P_20250707_R19240_002.h5,mm/day,cm^3/cm^3,20.21,LOW,"[""Low overall dynamic environmental triggering pressure""]",PROTOTYPE OPERATIONAL TRIGGER PARAMETERS — REQUIRES REGIONAL SCIENTIFIC CALIBRATION
NER_PILOT_07,"Itanagar, Arunachal Pradesh",Arunachal Pradesh,27.08,93.61,2025-07-07,0.7949999570846558,34.489996790885925,161.49000537395477,,INVALID,N/A,INVALID_RETRIEVAL,VALID,INVALID_RETRIEVAL,PARTIAL_RAINFALL_ONLY,2025-07-07,0,3B-DAY.MS.MRG.3IMERG.20250707-S000000-E235959.V07B.nc4,SMAP_L3_SM_P_20250707_R19240_002.h5,mm/day,cm^3/cm^3,25.07,LOW,"[""Low overall dynamic environmental triggering pressure""]",PROTOTYPE OPERATIONAL TRIGGER PARAMETERS — REQUIRES REGIONAL SCIENTIFIC CALIBRATION
NER_PILOT_08,"Agartala, Tripura",Tripura,23.83,91.28,2025-07-07,6.090000152587891,19.790000915527344,42.350000619888306,0.2918703556060791,RECOMMENDED,AM_6AM,AM_RECOMMENDED,VALID,VALID,COMPLETE,2025-07-07,0,3B-DAY.MS.MRG.3IMERG.20250707-S000000-E235959.V07B.nc4,SMAP_L3_SM_P_20250707_R19240_002.h5,mm/day,cm^3/cm^3,22.15,LOW,"[""Low overall dynamic environmental triggering pressure""]",PROTOTYPE OPERATIONAL TRIGGER PARAMETERS — REQUIRES REGIONAL SCIENTIFIC CALIBRATION
GSI_SITE_01,Kukinala slide (Hailakandi),Assam,24.27,92.5,2025-07-07,36.60000228881836,73.73500442504883,124.13500213623047,0.2918703556060791,RECOMMENDED,AM_6AM,AM_RECOMMENDED,VALID,VALID,COMPLETE,2025-07-07,0,3B-DAY.MS.MRG.3IMERG.20250707-S000000-E235959.V07B.nc4,SMAP_L3_SM_P_20250707_R19240_002.h5,mm/day,cm^3/cm^3,48.63,MODERATE,"[""Low overall dynamic environmental triggering pressure""]",PROTOTYPE OPERATIONAL TRIGGER PARAMETERS — REQUIRES REGIONAL SCIENTIFIC CALIBRATION
GSI_SITE_02,Jalnachaura slide (Hailakandi),Assam,24.31,92.56,2025-07-07,25.26000213623047,59.3800048828125,124.31000113487244,0.2918703556060791,RECOMMENDED,AM_6AM,AM_RECOMMENDED,VALID,VALID,COMPLETE,2025-07-07,0,3B-DAY.MS.MRG.3IMERG.20250707-S000000-E235959.V07B.nc4,SMAP_L3_SM_P_20250707_R19240_002.h5,mm/day,cm^3/cm^3,42.37,MODERATE,"[""Low overall dynamic environmental triggering pressure""]",PROTOTYPE OPERATIONAL TRIGGER PARAMETERS — REQUIRES REGIONAL SCIENTIFIC CALIBRATION
GSI_SITE_03,Nandagram slide (Hailakandi),Assam,24.32,92.51,2025-07-07,25.26000213623047,59.3800048828125,124.31000113487244,0.2918703556060791,RECOMMENDED,AM_6AM,AM_RECOMMENDED,VALID,VALID,COMPLETE,2025-07-07,0,3B-DAY.MS.MRG.3IMERG.20250707-S000000-E235959.V07B.nc4,SMAP_L3_SM_P_20250707_R19240_002.h5,mm/day,cm^3/cm^3,42.37,MODERATE,"[""Low overall dynamic environmental triggering pressure""]",PROTOTYPE OPERATIONAL TRIGGER PARAMETERS — REQUIRES REGIONAL SCIENTIFIC CALIBRATION
GSI_SITE_04,Nishkar slide (Hailakandi),Assam,24.43,92.55,2025-07-07,20.685001373291016,69.85000228881836,137.15000367164612,0.2918703556060791,RECOMMENDED,AM_6AM,AM_RECOMMENDED,VALID,VALID,COMPLETE,2025-07-07,0,3B-DAY.MS.MRG.3IMERG.20250707-S000000-E235959.V07B.nc4,SMAP_L3_SM_P_20250707_R19240_002.h5,mm/day,cm^3/cm^3,44.12,MODERATE,"[""Low overall dynamic environmental triggering pressure""]",PROTOTYPE OPERATIONAL TRIGGER PARAMETERS — REQUIRES REGIONAL SCIENTIFIC CALIBRATION
GSI_SITE_05,Paglacherra slide (Karimganj),Assam,24.44,92.5,2025-07-07,21.225000381469727,86.98499774932861,144.94999980926514,0.2918703556060791,RECOMMENDED,AM_6AM,AM_RECOMMENDED,VALID,VALID,COMPLETE,2025-07-07,0,3B-DAY.MS.MRG.3IMERG.20250707-S000000-E235959.V07B.nc4,SMAP_L3_SM_P_20250707_R19240_002.h5,mm/day,cm^3/cm^3,48.33,MODERATE,"[""Low overall dynamic environmental triggering pressure""]",PROTOTYPE OPERATIONAL TRIGGER PARAMETERS — REQUIRES REGIONAL SCIENTIFIC CALIBRATION
GSI_SITE_06,Lalpani slide (Hailakandi),Assam,24.44,92.56,2025-07-07,20.685001373291016,69.85000228881836,137.15000367164612,0.2918703556060791,RECOMMENDED,AM_6AM,AM_RECOMMENDED,VALID,VALID,COMPLETE,2025-07-07,0,3B-DAY.MS.MRG.3IMERG.20250707-S000000-E235959.V07B.nc4,SMAP_L3_SM_P_20250707_R19240_002.h5,mm/day,cm^3/cm^3,44.12,MODERATE,"[""Low overall dynamic environmental triggering pressure""]",PROTOTYPE OPERATIONAL TRIGGER PARAMETERS — REQUIRES REGIONAL SCIENTIFIC CALIBRATION
GSI_SITE_07,Garapunjislide (Hailakandi),Assam,24.46,92.52,2025-07-07,20.685001373291016,69.85000228881836,137.15000367164612,0.1919657289981842,RECOMMENDED,AM_6AM,AM_RECOMMENDED,VALID,VALID,COMPLETE,2025-07-07,0,3B-DAY.MS.MRG.3IMERG.20250707-S000000-E235959.V07B.nc4,SMAP_L3_SM_P_20250707_R19240_002.h5,mm/day,cm^3/cm^3,39.68,LOW,"[""Low overall dynamic environmental triggering pressure""]",PROTOTYPE OPERATIONAL TRIGGER PARAMETERS — REQUIRES REGIONAL SCIENTIFIC CALIBRATION
NER_PILOT_01,"Gangtok, Sikkim",Sikkim,27.33,88.61,2025-07-08,15.839999198913574,21.524998903274536,60.63499712944031,,INVALID,N/A,INVALID_RETRIEVAL,VALID,INVALID_RETRIEVAL,PARTIAL_RAINFALL_ONLY,2025-07-08,0,3B-DAY.MS.MRG.3IMERG.20250708-S000000-E235959.V07B.nc4,SMAP_L3_SM_P_20250708_R19240_003.h5,mm/day,cm^3/cm^3,17.38,LOW,"[""Low overall dynamic environmental triggering pressure""]",PROTOTYPE OPERATIONAL TRIGGER PARAMETERS — REQUIRES REGIONAL SCIENTIFIC CALIBRATION
NER_PILOT_02,"Guwahati, Assam",Assam,26.14,91.73,2025-07-08,1.9700000286102295,7.384999752044678,148.5000033378601,0.3409876823425293,WARNING,AM_PM_MEAN,AM_PM_NON_RECOMMENDED_MEAN,VALID,VALID,COMPLETE,2025-07-08,0,3B-DAY.MS.MRG.3IMERG.20250708-S000000-E235959.V07B.nc4,SMAP_L3_SM_P_20250708_R19240_003.h5,mm/day,cm^3/cm^3,29.1,LOW,"[""High volumetric soil moisture saturation (0.341 cm\u00b3/cm\u00b3)""]",PROTOTYPE OPERATIONAL TRIGGER PARAMETERS — REQUIRES REGIONAL SCIENTIFIC CALIBRATION
NER_PILOT_03,"Shillong, Meghalaya",Meghalaya,25.57,91.88,2025-07-08,6.440000534057617,60.095001220703125,120.59999942779541,0.35777808725833893,HIGH,AM_PM_MEAN,AM_PM_RECOMMENDED_MEAN,VALID,VALID,COMPLETE,2025-07-08,0,3B-DAY.MS.MRG.3IMERG.20250708-S000000-E235959.V07B.nc4,SMAP_L3_SM_P_20250708_R19240_003.h5,mm/day,cm^3/cm^3,39.5,LOW,"[""High volumetric soil moisture saturation (0.358 cm\u00b3/cm\u00b3)""]",PROTOTYPE OPERATIONAL TRIGGER PARAMETERS — REQUIRES REGIONAL SCIENTIFIC CALIBRATION
NER_PILOT_04,"Aizawl, Mizoram",Mizoram,23.73,92.71,2025-07-08,143.33001708984375,168.690016746521,223.13501453399658,,INVALID,N/A,INVALID_RETRIEVAL,VALID,INVALID_RETRIEVAL,PARTIAL_RAINFALL_ONLY,2025-07-08,0,3B-DAY.MS.MRG.3IMERG.20250708-S000000-E235959.V07B.nc4,SMAP_L3_SM_P_20250708_R19240_003.h5,mm/day,cm^3/cm^3,97.31,HIGH,"[""Heavy 1-day rainfall accumulation (143.3 mm/day)"", ""High 3-day antecedent precipitation (168.7 mm)"", ""Sustained 7-day antecedent precipitation (223.1 mm)""]",PROTOTYPE OPERATIONAL TRIGGER PARAMETERS — REQUIRES REGIONAL SCIENTIFIC CALIBRATION
NER_PILOT_05,"Kohima, Nagaland",Nagaland,25.67,94.11,2025-07-08,13.30000114440918,49.270002365112305,151.50500011444092,,INVALID,N/A,INVALID_RETRIEVAL,VALID,INVALID_RETRIEVAL,PARTIAL_RAINFALL_ONLY,2025-07-08,0,3B-DAY.MS.MRG.3IMERG.20250708-S000000-E235959.V07B.nc4,SMAP_L3_SM_P_20250708_R19240_003.h5,mm/day,cm^3/cm^3,32.46,LOW,"[""Low overall dynamic environmental triggering pressure""]",PROTOTYPE OPERATIONAL TRIGGER PARAMETERS — REQUIRES REGIONAL SCIENTIFIC CALIBRATION
NER_PILOT_06,"Imphal, Manipur",Manipur,24.81,93.94,2025-07-08,36.904998779296875,61.60499858856201,96.2249984741211,,INVALID,N/A,INVALID_RETRIEVAL,VALID,INVALID_RETRIEVAL,PARTIAL_RAINFALL_ONLY,2025-07-08,0,3B-DAY.MS.MRG.3IMERG.20250708-S000000-E235959.V07B.nc4,SMAP_L3_SM_P_20250708_R19240_003.h5,mm/day,cm^3/cm^3,38.86,LOW,"[""Low overall dynamic environmental triggering pressure""]",PROTOTYPE OPERATIONAL TRIGGER PARAMETERS — REQUIRES REGIONAL SCIENTIFIC CALIBRATION
NER_PILOT_07,"Itanagar, Arunachal Pradesh",Arunachal Pradesh,27.08,93.61,2025-07-08,2.8999996185302734,13.534998774528503,149.47500598430634,0.1316489726305008,WARNING,AM_6AM,AM_NON_RECOMMENDED,VALID,VALID,COMPLETE,2025-07-08,0,3B-DAY.MS.MRG.3IMERG.20250708-S000000-E235959.V07B.nc4,SMAP_L3_SM_P_20250708_R19240_003.h5,mm/day,cm^3/cm^3,21.39,LOW,"[""Low overall dynamic environmental triggering pressure""]",PROTOTYPE OPERATIONAL TRIGGER PARAMETERS — REQUIRES REGIONAL SCIENTIFIC CALIBRATION
NER_PILOT_08,"Agartala, Tripura",Tripura,23.83,91.28,2025-07-08,63.04999923706055,74.42500019073486,90.38999962806702,0.4571011960506439,RECOMMENDED,PM_6PM,PM_RECOMMENDED,VALID,VALID,COMPLETE,2025-07-08,0,3B-DAY.MS.MRG.3IMERG.20250708-S000000-E235959.V07B.nc4,SMAP_L3_SM_P_20250708_R19240_003.h5,mm/day,cm^3/cm^3,61.03,MODERATE,"[""Heavy 1-day rainfall accumulation (63.0 mm/day)"", ""High volumetric soil moisture saturation (0.457 cm\u00b3/cm\u00b3)""]",PROTOTYPE OPERATIONAL TRIGGER PARAMETERS — REQUIRES REGIONAL SCIENTIFIC CALIBRATION
GSI_SITE_01,Kukinala slide (Hailakandi),Assam,24.27,92.5,2025-07-08,83.91999053955078,145.20499420166016,186.1299934387207,0.4571011960506439,RECOMMENDED,PM_6PM,PM_RECOMMENDED,VALID,VALID,COMPLETE,2025-07-08,0,3B-DAY.MS.MRG.3IMERG.20250708-S000000-E235959.V07B.nc4,SMAP_L3_SM_P_20250708_R19240_003.h5,mm/day,cm^3/cm^3,89.11,HIGH,"[""Heavy 1-day rainfall accumulation (83.9 mm/day)"", ""High 3-day antecedent precipitation (145.2 mm)"", ""Sustained 7-day antecedent precipitation (186.1 mm)"", ""High volumetric soil moisture saturation (0.457 cm\u00b3/cm\u00b3)""]",PROTOTYPE OPERATIONAL TRIGGER PARAMETERS — REQUIRES REGIONAL SCIENTIFIC CALIBRATION
GSI_SITE_02,Jalnachaura slide (Hailakandi),Assam,24.31,92.56,2025-07-08,67.34500122070312,109.59000587463379,169.66500449180603,0.4571011960506439,RECOMMENDED,PM_6PM,PM_RECOMMENDED,VALID,VALID,COMPLETE,2025-07-08,0,3B-DAY.MS.MRG.3IMERG.20250708-S000000-E235959.V07B.nc4,SMAP_L3_SM_P_20250708_R19240_003.h5,mm/day,cm^3/cm^3,75.69,HIGH,"[""Heavy 1-day rainfall accumulation (67.3 mm/day)"", ""High 3-day antecedent precipitation (109.6 mm)"", ""High volumetric soil moisture saturation (0.457 cm\u00b3/cm\u00b3)""]",PROTOTYPE OPERATIONAL TRIGGER PARAMETERS — REQUIRES REGIONAL SCIENTIFIC CALIBRATION
GSI_SITE_03,Nandagram slide (Hailakandi),Assam,24.32,92.51,2025-07-08,67.34500122070312,109.59000587463379,169.66500449180603,0.4571011960506439,RECOMMENDED,PM_6PM,PM_RECOMMENDED,VALID,VALID,COMPLETE,2025-07-08,0,3B-DAY.MS.MRG.3IMERG.20250708-S000000-E235959.V07B.nc4,SMAP_L3_SM_P_20250708_R19240_003.h5,mm/day,cm^3/cm^3,75.69,HIGH,"[""Heavy 1-day rainfall accumulation (67.3 mm/day)"", ""High 3-day antecedent precipitation (109.6 mm)"", ""High volumetric soil moisture saturation (0.457 cm\u00b3/cm\u00b3)""]",PROTOTYPE OPERATIONAL TRIGGER PARAMETERS — REQUIRES REGIONAL SCIENTIFIC CALIBRATION
GSI_SITE_04,Nishkar slide (Hailakandi),Assam,24.43,92.55,2025-07-08,53.1349983215332,110.66500091552734,166.59500527381897,0.4571011960506439,RECOMMENDED,PM_6PM,PM_RECOMMENDED,VALID,VALID,COMPLETE,2025-07-08,0,3B-DAY.MS.MRG.3IMERG.20250708-S000000-E235959.V07B.nc4,SMAP_L3_SM_P_20250708_R19240_003.h5,mm/day,cm^3/cm^3,71.4,HIGH,"[""Heavy 1-day rainfall accumulation (53.1 mm/day)"", ""High 3-day antecedent precipitation (110.7 mm)"", ""High volumetric soil moisture saturation (0.457 cm\u00b3/cm\u00b3)""]",PROTOTYPE OPERATIONAL TRIGGER PARAMETERS — REQUIRES REGIONAL SCIENTIFIC CALIBRATION
GSI_SITE_05,Paglacherra slide (Karimganj),Assam,24.44,92.5,2025-07-08,50.7550048828125,126.92500495910645,165.0750036239624,0.4571011960506439,RECOMMENDED,PM_6PM,PM_RECOMMENDED,VALID,VALID,COMPLETE,2025-07-08,0,3B-DAY.MS.MRG.3IMERG.20250708-S000000-E235959.V07B.nc4,SMAP_L3_SM_P_20250708_R19240_003.h5,mm/day,cm^3/cm^3,73.82,HIGH,"[""Heavy 1-day rainfall accumulation (50.8 mm/day)"", ""High 3-day antecedent precipitation (126.9 mm)"", ""High volumetric soil moisture saturation (0.457 cm\u00b3/cm\u00b3)""]",PROTOTYPE OPERATIONAL TRIGGER PARAMETERS — REQUIRES REGIONAL SCIENTIFIC CALIBRATION
GSI_SITE_06,Lalpani slide (Hailakandi),Assam,24.44,92.56,2025-07-08,53.1349983215332,110.66500091552734,166.59500527381897,0.4571011960506439,RECOMMENDED,PM_6PM,PM_RECOMMENDED,VALID,VALID,COMPLETE,2025-07-08,0,3B-DAY.MS.MRG.3IMERG.20250708-S000000-E235959.V07B.nc4,SMAP_L3_SM_P_20250708_R19240_003.h5,mm/day,cm^3/cm^3,71.4,HIGH,"[""Heavy 1-day rainfall accumulation (53.1 mm/day)"", ""High 3-day antecedent precipitation (110.7 mm)"", ""High volumetric soil moisture saturation (0.457 cm\u00b3/cm\u00b3)""]",PROTOTYPE OPERATIONAL TRIGGER PARAMETERS — REQUIRES REGIONAL SCIENTIFIC CALIBRATION
GSI_SITE_07,Garapunjislide (Hailakandi),Assam,24.46,92.52,2025-07-08,53.1349983215332,110.66500091552734,166.59500527381897,0.42483237385749817,RECOMMENDED,PM_6PM,PM_RECOMMENDED,VALID,VALID,COMPLETE,2025-07-08,0,3B-DAY.MS.MRG.3IMERG.20250708-S000000-E235959.V07B.nc4,SMAP_L3_SM_P_20250708_R19240_003.h5,mm/day,cm^3/cm^3,70.28,HIGH,"[""Heavy 1-day rainfall accumulation (53.1 mm/day)"", ""High 3-day antecedent precipitation (110.7 mm)"", ""High volumetric soil moisture saturation (0.425 cm\u00b3/cm\u00b3)""]",PROTOTYPE OPERATIONAL TRIGGER PARAMETERS — REQUIRES REGIONAL SCIENTIFIC CALIBRATION
NER_PILOT_01,"Gangtok, Sikkim",Sikkim,27.33,88.61,2025-07-09,2.9750001430511475,23.159999132156372,58.79499816894531,,INVALID,N/A,INVALID_RETRIEVAL,VALID,INVALID_RETRIEVAL,PARTIAL_RAINFALL_ONLY,2025-07-09,0,3B-DAY.MS.MRG.3IMERG.20250709-S000000-E235959.V07B.nc4,SMAP_L3_SM_P_20250709_R19240_001.h5,mm/day,cm^3/cm^3,12.79,LOW,"[""Low overall dynamic environmental triggering pressure""]",PROTOTYPE OPERATIONAL TRIGGER PARAMETERS — REQUIRES REGIONAL SCIENTIFIC CALIBRATION
NER_PILOT_02,"Guwahati, Assam",Assam,26.14,91.73,2025-07-09,3.5400002002716064,8.920000076293945,121.20500063896179,,INVALID,N/A,INVALID_RETRIEVAL,VALID,INVALID_RETRIEVAL,PARTIAL_RAINFALL_ONLY,2025-07-09,0,3B-DAY.MS.MRG.3IMERG.20250709-S000000-E235959.V07B.nc4,SMAP_L3_SM_P_20250709_R19240_001.h5,mm/day,cm^3/cm^3,15.68,LOW,"[""Low overall dynamic environmental triggering pressure""]",PROTOTYPE OPERATIONAL TRIGGER PARAMETERS — REQUIRES REGIONAL SCIENTIFIC CALIBRATION
NER_PILOT_03,"Shillong, Meghalaya",Meghalaya,25.57,91.88,2025-07-09,15.494998931884766,31.634998321533203,112.1949987411499,,INVALID,N/A,INVALID_RETRIEVAL,VALID,INVALID_RETRIEVAL,PARTIAL_RAINFALL_ONLY,2025-07-09,0,3B-DAY.MS.MRG.3IMERG.20250709-S000000-E235959.V07B.nc4,SMAP_L3_SM_P_20250709_R19240_001.h5,mm/day,cm^3/cm^3,24.94,LOW,"[""Low overall dynamic environmental triggering pressure""]",PROTOTYPE OPERATIONAL TRIGGER PARAMETERS — REQUIRES REGIONAL SCIENTIFIC CALIBRATION
NER_PILOT_04,"Aizawl, Mizoram",Mizoram,23.73,92.71,2025-07-09,28.449996948242188,188.06501388549805,232.47501468658447,,INVALID,N/A,INVALID_RETRIEVAL,VALID,INVALID_RETRIEVAL,PARTIAL_RAINFALL_ONLY,2025-07-09,0,3B-DAY.MS.MRG.3IMERG.20250709-S000000-E235959.V07B.nc4,SMAP_L3_SM_P_20250709_R19240_001.h5,mm/day,cm^3/cm^3,71.42,HIGH,"[""High 3-day antecedent precipitation (188.1 mm)"", ""Sustained 7-day antecedent precipitation (232.5 mm)""]",PROTOTYPE OPERATIONAL TRIGGER PARAMETERS — REQUIRES REGIONAL SCIENTIFIC CALIBRATION
NER_PILOT_05,"Kohima, Nagaland",Nagaland,25.67,94.11,2025-07-09,8.27500057220459,50.385003089904785,142.31000328063965,,INVALID,N/A,INVALID_RETRIEVAL,VALID,INVALID_RETRIEVAL,PARTIAL_RAINFALL_ONLY,2025-07-09,0,3B-DAY.MS.MRG.3IMERG.20250709-S000000-E235959.V07B.nc4,SMAP_L3_SM_P_20250709_R19240_001.h5,mm/day,cm^3/cm^3,29.93,LOW,"[""Low overall dynamic environmental triggering pressure""]",PROTOTYPE OPERATIONAL TRIGGER PARAMETERS — REQUIRES REGIONAL SCIENTIFIC CALIBRATION
NER_PILOT_06,"Imphal, Manipur",Manipur,24.81,93.94,2025-07-09,38.125,88.68499755859375,125.2249984741211,,INVALID,N/A,INVALID_RETRIEVAL,VALID,INVALID_RETRIEVAL,PARTIAL_RAINFALL_ONLY,2025-07-09,0,3B-DAY.MS.MRG.3IMERG.20250709-S000000-E235959.V07B.nc4,SMAP_L3_SM_P_20250709_R19240_001.h5,mm/day,cm^3/cm^3,48.99,MODERATE,"[""Low overall dynamic environmental triggering pressure""]",PROTOTYPE OPERATIONAL TRIGGER PARAMETERS — REQUIRES REGIONAL SCIENTIFIC CALIBRATION
NER_PILOT_07,"Itanagar, Arunachal Pradesh",Arunachal Pradesh,27.08,93.61,2025-07-09,6.130000114440918,9.824999690055847,127.10500609874725,,INVALID,N/A,INVALID_RETRIEVAL,VALID,INVALID_RETRIEVAL,PARTIAL_RAINFALL_ONLY,2025-07-09,0,3B-DAY.MS.MRG.3IMERG.20250709-S000000-E235959.V07B.nc4,SMAP_L3_SM_P_20250709_R19240_001.h5,mm/day,cm^3/cm^3,17.47,LOW,"[""Low overall dynamic environmental triggering pressure""]",PROTOTYPE OPERATIONAL TRIGGER PARAMETERS — REQUIRES REGIONAL SCIENTIFIC CALIBRATION
NER_PILOT_08,"Agartala, Tripura",Tripura,23.83,91.28,2025-07-09,63.290000915527344,132.43000030517578,148.76000094413757,,INVALID,N/A,INVALID_RETRIEVAL,VALID,INVALID_RETRIEVAL,PARTIAL_RAINFALL_ONLY,2025-07-09,0,3B-DAY.MS.MRG.3IMERG.20250709-S000000-E235959.V07B.nc4,SMAP_L3_SM_P_20250709_R19240_001.h5,mm/day,cm^3/cm^3,71.72,HIGH,"[""Heavy 1-day rainfall accumulation (63.3 mm/day)"", ""High 3-day antecedent precipitation (132.4 mm)""]",PROTOTYPE OPERATIONAL TRIGGER PARAMETERS — REQUIRES REGIONAL SCIENTIFIC CALIBRATION
GSI_SITE_01,Kukinala slide (Hailakandi),Assam,24.27,92.5,2025-07-09,34.34999465942383,154.86998748779297,206.7499885559082,,INVALID,N/A,INVALID_RETRIEVAL,VALID,INVALID_RETRIEVAL,PARTIAL_RAINFALL_ONLY,2025-07-09,0,3B-DAY.MS.MRG.3IMERG.20250709-S000000-E235959.V07B.nc4,SMAP_L3_SM_P_20250709_R19240_001.h5,mm/day,cm^3/cm^3,71.06,HIGH,"[""High 3-day antecedent precipitation (154.9 mm)"", ""Sustained 7-day antecedent precipitation (206.7 mm)""]",PROTOTYPE OPERATIONAL TRIGGER PARAMETERS — REQUIRES REGIONAL SCIENTIFIC CALIBRATION
GSI_SITE_02,Jalnachaura slide (Hailakandi),Assam,24.31,92.56,2025-07-09,29.125,121.7300033569336,186.09500288963318,,INVALID,N/A,INVALID_RETRIEVAL,VALID,INVALID_RETRIEVAL,PARTIAL_RAINFALL_ONLY,2025-07-09,0,3B-DAY.MS.MRG.3IMERG.20250709-S000000-E235959.V07B.nc4,SMAP_L3_SM_P_20250709_R19240_001.h5,mm/day,cm^3/cm^3,59.96,MODERATE,"[""High 3-day antecedent precipitation (121.7 mm)"", ""Sustained 7-day antecedent precipitation (186.1 mm)""]",PROTOTYPE OPERATIONAL TRIGGER PARAMETERS — REQUIRES REGIONAL SCIENTIFIC CALIBRATION
GSI_SITE_03,Nandagram slide (Hailakandi),Assam,24.32,92.51,2025-07-09,29.125,121.7300033569336,186.09500288963318,,INVALID,N/A,INVALID_RETRIEVAL,VALID,INVALID_RETRIEVAL,PARTIAL_RAINFALL_ONLY,2025-07-09,0,3B-DAY.MS.MRG.3IMERG.20250709-S000000-E235959.V07B.nc4,SMAP_L3_SM_P_20250709_R19240_001.h5,mm/day,cm^3/cm^3,59.96,MODERATE,"[""High 3-day antecedent precipitation (121.7 mm)"", ""Sustained 7-day antecedent precipitation (186.1 mm)""]",PROTOTYPE OPERATIONAL TRIGGER PARAMETERS — REQUIRES REGIONAL SCIENTIFIC CALIBRATION
GSI_SITE_04,Nishkar slide (Hailakandi),Assam,24.43,92.55,2025-07-09,19.244997024536133,93.06499671936035,169.5900022983551,,INVALID,N/A,INVALID_RETRIEVAL,VALID,INVALID_RETRIEVAL,PARTIAL_RAINFALL_ONLY,2025-07-09,0,3B-DAY.MS.MRG.3IMERG.20250709-S000000-E235959.V07B.nc4,SMAP_L3_SM_P_20250709_R19240_001.h5,mm/day,cm^3/cm^3,47.44,MODERATE,"[""Low overall dynamic environmental triggering pressure""]",PROTOTYPE OPERATIONAL TRIGGER PARAMETERS — REQUIRES REGIONAL SCIENTIFIC CALIBRATION
GSI_SITE_05,Paglacherra slide (Karimganj),Assam,24.44,92.5,2025-07-09,23.029998779296875,95.0100040435791,172.455002784729,,INVALID,N/A,INVALID_RETRIEVAL,VALID,INVALID_RETRIEVAL,PARTIAL_RAINFALL_ONLY,2025-07-09,0,3B-DAY.MS.MRG.3IMERG.20250709-S000000-E235959.V07B.nc4,SMAP_L3_SM_P_20250709_R19240_001.h5,mm/day,cm^3/cm^3,49.63,MODERATE,"[""Low overall dynamic environmental triggering pressure""]",PROTOTYPE OPERATIONAL TRIGGER PARAMETERS — REQUIRES REGIONAL SCIENTIFIC CALIBRATION
GSI_SITE_06,Lalpani slide (Hailakandi),Assam,24.44,92.56,2025-07-09,19.244997024536133,93.06499671936035,169.5900022983551,,INVALID,N/A,INVALID_RETRIEVAL,VALID,INVALID_RETRIEVAL,PARTIAL_RAINFALL_ONLY,2025-07-09,0,3B-DAY.MS.MRG.3IMERG.20250709-S000000-E235959.V07B.nc4,SMAP_L3_SM_P_20250709_R19240_001.h5,mm/day,cm^3/cm^3,47.44,MODERATE,"[""Low overall dynamic environmental triggering pressure""]",PROTOTYPE OPERATIONAL TRIGGER PARAMETERS — REQUIRES REGIONAL SCIENTIFIC CALIBRATION
GSI_SITE_07,Garapunjislide (Hailakandi),Assam,24.46,92.52,2025-07-09,19.244997024536133,93.06499671936035,169.5900022983551,,INVALID,N/A,INVALID_RETRIEVAL,VALID,INVALID_RETRIEVAL,PARTIAL_RAINFALL_ONLY,2025-07-09,0,3B-DAY.MS.MRG.3IMERG.20250709-S000000-E235959.V07B.nc4,SMAP_L3_SM_P_20250709_R19240_001.h5,mm/day,cm^3/cm^3,47.44,MODERATE,"[""Low overall dynamic environmental triggering pressure""]",PROTOTYPE OPERATIONAL TRIGGER PARAMETERS — REQUIRES REGIONAL SCIENTIFIC CALIBRATION
NER_PILOT_01,"Gangtok, Sikkim",Sikkim,27.33,88.61,2025-07-10,4.804999828338623,23.619999170303345,46.54499959945679,0.22606710344552994,WARNING,AM_PM_MEAN,AM_PM_NON_RECOMMENDED_MEAN,VALID,VALID,COMPLETE,2025-07-10,0,3B-DAY.MS.MRG.3IMERG.20250710-S000000-E235959.V07B.nc4,SMAP_L3_SM_P_20250710_R19240_001.h5,mm/day,cm^3/cm^3,19.94,LOW,"[""Low overall dynamic environmental triggering pressure""]",PROTOTYPE OPERATIONAL TRIGGER PARAMETERS — REQUIRES REGIONAL SCIENTIFIC CALIBRATION
NER_PILOT_02,"Guwahati, Assam",Assam,26.14,91.73,2025-07-10,1.6600000858306885,7.170000314712524,78.544997215271,0.23139163106679916,WARNING,AM_PM_MEAN,AM_PM_NON_RECOMMENDED_MEAN,VALID,VALID,COMPLETE,2025-07-10,0,3B-DAY.MS.MRG.3IMERG.20250710-S000000-E235959.V07B.nc4,SMAP_L3_SM_P_20250710_R19240_001.h5,mm/day,cm^3/cm^3,18.5,LOW,"[""Low overall dynamic environmental triggering pressure""]",PROTOTYPE OPERATIONAL TRIGGER PARAMETERS — REQUIRES REGIONAL SCIENTIFIC CALIBRATION
NER_PILOT_03,"Shillong, Meghalaya",Meghalaya,25.57,91.88,2025-07-10,3.5849997997283936,25.519999265670776,108.23499846458435,0.23213805258274078,HIGH,AM_PM_MEAN,AM_PM_RECOMMENDED_MEAN,VALID,VALID,COMPLETE,2025-07-10,0,3B-DAY.MS.MRG.3IMERG.20250710-S000000-E235959.V07B.nc4,SMAP_L3_SM_P_20250710_R19240_001.h5,mm/day,cm^3/cm^3,25.16,LOW,"[""Low overall dynamic environmental triggering pressure""]",PROTOTYPE OPERATIONAL TRIGGER PARAMETERS — REQUIRES REGIONAL SCIENTIFIC CALIBRATION
NER_PILOT_04,"Aizawl, Mizoram",Mizoram,23.73,92.71,2025-07-10,1.225000023841858,173.0050140619278,222.78001463413239,,INVALID,N/A,INVALID_RETRIEVAL,VALID,INVALID_RETRIEVAL,PARTIAL_RAINFALL_ONLY,2025-07-10,0,3B-DAY.MS.MRG.3IMERG.20250710-S000000-E235959.V07B.nc4,SMAP_L3_SM_P_20250710_R19240_001.h5,mm/day,cm^3/cm^3,60.24,MODERATE,"[""High 3-day antecedent precipitation (173.0 mm)"", ""Sustained 7-day antecedent precipitation (222.8 mm)""]",PROTOTYPE OPERATIONAL TRIGGER PARAMETERS — REQUIRES REGIONAL SCIENTIFIC CALIBRATION
NER_PILOT_05,"Kohima, Nagaland",Nagaland,25.67,94.11,2025-07-10,1.1950000524520874,22.770001769065857,133.08000314235687,,INVALID,N/A,INVALID_RETRIEVAL,VALID,INVALID_RETRIEVAL,PARTIAL_RAINFALL_ONLY,2025-07-10,0,3B-DAY.MS.MRG.3IMERG.20250710-S000000-E235959.V07B.nc4,SMAP_L3_SM_P_20250710_R19240_001.h5,mm/day,cm^3/cm^3,19.45,LOW,"[""Low overall dynamic environmental triggering pressure""]",PROTOTYPE OPERATIONAL TRIGGER PARAMETERS — REQUIRES REGIONAL SCIENTIFIC CALIBRATION
NER_PILOT_06,"Imphal, Manipur",Manipur,24.81,93.94,2025-07-10,1.940000057220459,76.96999883651733,121.56499814987183,,INVALID,N/A,INVALID_RETRIEVAL,VALID,INVALID_RETRIEVAL,PARTIAL_RAINFALL_ONLY,2025-07-10,0,3B-DAY.MS.MRG.3IMERG.20250710-S000000-E235959.V07B.nc4,SMAP_L3_SM_P_20250710_R19240_001.h5,mm/day,cm^3/cm^3,32.13,LOW,"[""Low overall dynamic environmental triggering pressure""]",PROTOTYPE OPERATIONAL TRIGGER PARAMETERS — REQUIRES REGIONAL SCIENTIFIC CALIBRATION
NER_PILOT_07,"Itanagar, Arunachal Pradesh",Arunachal Pradesh,27.08,93.61,2025-07-10,1.8000001907348633,10.829999923706055,60.409995913505554,0.16051436960697174,WARNING,PM_6PM,PM_NON_RECOMMENDED,VALID,VALID,COMPLETE,2025-07-10,0,3B-DAY.MS.MRG.3IMERG.20250710-S000000-E235959.V07B.nc4,SMAP_L3_SM_P_20250710_R19240_001.h5,mm/day,cm^3/cm^3,14.67,LOW,"[""Low overall dynamic environmental triggering pressure""]",PROTOTYPE OPERATIONAL TRIGGER PARAMETERS — REQUIRES REGIONAL SCIENTIFIC CALIBRATION
NER_PILOT_08,"Agartala, Tripura",Tripura,23.83,91.28,2025-07-10,21.005001068115234,147.34500122070312,168.60000205039978,0.3091457188129425,WARNING,AM_6AM,AM_NON_RECOMMENDED,VALID,VALID,COMPLETE,2025-07-10,0,3B-DAY.MS.MRG.3IMERG.20250710-S000000-E235959.V07B.nc4,SMAP_L3_SM_P_20250710_R19240_001.h5,mm/day,cm^3/cm^3,63.0,MODERATE,"[""High 3-day antecedent precipitation (147.3 mm)"", ""High volumetric soil moisture saturation (0.309 cm\u00b3/cm\u00b3)""]",PROTOTYPE OPERATIONAL TRIGGER PARAMETERS — REQUIRES REGIONAL SCIENTIFIC CALIBRATION
GSI_SITE_01,Kukinala slide (Hailakandi),Assam,24.27,92.5,2025-07-10,2.880000114440918,121.14998531341553,200.03999042510986,0.3091457188129425,WARNING,AM_6AM,AM_NON_RECOMMENDED,VALID,VALID,COMPLETE,2025-07-10,0,3B-DAY.MS.MRG.3IMERG.20250710-S000000-E235959.V07B.nc4,SMAP_L3_SM_P_20250710_R19240_001.h5,mm/day,cm^3/cm^3,54.84,MODERATE,"[""High 3-day antecedent precipitation (121.1 mm)"", ""Sustained 7-day antecedent precipitation (200.0 mm)"", ""High volumetric soil moisture saturation (0.309 cm\u00b3/cm\u00b3)""]",PROTOTYPE OPERATIONAL TRIGGER PARAMETERS — REQUIRES REGIONAL SCIENTIFIC CALIBRATION
GSI_SITE_02,Jalnachaura slide (Hailakandi),Assam,24.31,92.56,2025-07-10,3.4600000381469727,99.9300012588501,162.48000597953796,0.3091457188129425,WARNING,AM_6AM,AM_NON_RECOMMENDED,VALID,VALID,COMPLETE,2025-07-10,0,3B-DAY.MS.MRG.3IMERG.20250710-S000000-E235959.V07B.nc4,SMAP_L3_SM_P_20250710_R19240_001.h5,mm/day,cm^3/cm^3,47.76,MODERATE,"[""High volumetric soil moisture saturation (0.309 cm\u00b3/cm\u00b3)""]",PROTOTYPE OPERATIONAL TRIGGER PARAMETERS — REQUIRES REGIONAL SCIENTIFIC CALIBRATION
GSI_SITE_03,Nandagram slide (Hailakandi),Assam,24.32,92.51,2025-07-10,3.4600000381469727,99.9300012588501,162.48000597953796,0.3091457188129425,WARNING,AM_6AM,AM_NON_RECOMMENDED,VALID,VALID,COMPLETE,2025-07-10,0,3B-DAY.MS.MRG.3IMERG.20250710-S000000-E235959.V07B.nc4,SMAP_L3_SM_P_20250710_R19240_001.h5,mm/day,cm^3/cm^3,47.76,MODERATE,"[""High volumetric soil moisture saturation (0.309 cm\u00b3/cm\u00b3)""]",PROTOTYPE OPERATIONAL TRIGGER PARAMETERS — REQUIRES REGIONAL SCIENTIFIC CALIBRATION
GSI_SITE_04,Nishkar slide (Hailakandi),Assam,24.43,92.55,2025-07-10,3.7750000953674316,76.15499544143677,148.61999773979187,0.3091457188129425,WARNING,AM_6AM,AM_NON_RECOMMENDED,VALID,VALID,COMPLETE,2025-07-10,0,3B-DAY.MS.MRG.3IMERG.20250710-S000000-E235959.V07B.nc4,SMAP_L3_SM_P_20250710_R19240_001.h5,mm/day,cm^3/cm^3,41.99,MODERATE,"[""High volumetric soil moisture saturation (0.309 cm\u00b3/cm\u00b3)""]",PROTOTYPE OPERATIONAL TRIGGER PARAMETERS — REQUIRES REGIONAL SCIENTIFIC CALIBRATION
GSI_SITE_05,Paglacherra slide (Karimganj),Assam,24.44,92.5,2025-07-10,2.5899999141693115,76.37500357627869,167.46500182151794,0.3091457188129425,WARNING,AM_6AM,AM_NON_RECOMMENDED,VALID,VALID,COMPLETE,2025-07-10,0,3B-DAY.MS.MRG.3IMERG.20250710-S000000-E235959.V07B.nc4,SMAP_L3_SM_P_20250710_R19240_001.h5,mm/day,cm^3/cm^3,43.19,MODERATE,"[""High volumetric soil moisture saturation (0.309 cm\u00b3/cm\u00b3)""]",PROTOTYPE OPERATIONAL TRIGGER PARAMETERS — REQUIRES REGIONAL SCIENTIFIC CALIBRATION
GSI_SITE_06,Lalpani slide (Hailakandi),Assam,24.44,92.56,2025-07-10,3.7750000953674316,76.15499544143677,148.61999773979187,0.3091457188129425,WARNING,AM_6AM,AM_NON_RECOMMENDED,VALID,VALID,COMPLETE,2025-07-10,0,3B-DAY.MS.MRG.3IMERG.20250710-S000000-E235959.V07B.nc4,SMAP_L3_SM_P_20250710_R19240_001.h5,mm/day,cm^3/cm^3,41.99,MODERATE,"[""High volumetric soil moisture saturation (0.309 cm\u00b3/cm\u00b3)""]",PROTOTYPE OPERATIONAL TRIGGER PARAMETERS — REQUIRES REGIONAL SCIENTIFIC CALIBRATION
GSI_SITE_07,Garapunjislide (Hailakandi),Assam,24.46,92.52,2025-07-10,3.7750000953674316,76.15499544143677,148.61999773979187,0.3003227412700653,WARNING,AM_6AM,AM_NON_RECOMMENDED,VALID,VALID,COMPLETE,2025-07-10,0,3B-DAY.MS.MRG.3IMERG.20250710-S000000-E235959.V07B.nc4,SMAP_L3_SM_P_20250710_R19240_001.h5,mm/day,cm^3/cm^3,41.6,MODERATE,"[""High volumetric soil moisture saturation (0.300 cm\u00b3/cm\u00b3)""]",PROTOTYPE OPERATIONAL TRIGGER PARAMETERS — REQUIRES REGIONAL SCIENTIFIC CALIBRATION
NER_PILOT_01,"Gangtok, Sikkim",Sikkim,27.33,88.61,2025-07-11,4.009999752044678,11.789999723434448,38.23999881744385,0.16890425980091095,WARNING,PM_6PM,PM_NON_RECOMMENDED,VALID,VALID,COMPLETE,2025-07-11,0,3B-DAY.MS.MRG.3IMERG.20250711-S000000-E235959.V07B.nc4,SMAP_L3_SM_P_20250711_R19240_001.h5,mm/day,cm^3/cm^3,14.13,LOW,"[""Low overall dynamic environmental triggering pressure""]",PROTOTYPE OPERATIONAL TRIGGER PARAMETERS — REQUIRES REGIONAL SCIENTIFIC CALIBRATION
NER_PILOT_02,"Guwahati, Assam",Assam,26.14,91.73,2025-07-11,0.0,5.200000286102295,28.510001182556152,,INVALID,N/A,INVALID_RETRIEVAL,VALID,INVALID_RETRIEVAL,PARTIAL_RAINFALL_ONLY,2025-07-11,0,3B-DAY.MS.MRG.3IMERG.20250711-S000000-E235959.V07B.nc4,SMAP_L3_SM_P_20250711_R19240_001.h5,mm/day,cm^3/cm^3,4.15,LOW,"[""Low overall dynamic environmental triggering pressure""]",PROTOTYPE OPERATIONAL TRIGGER PARAMETERS — REQUIRES REGIONAL SCIENTIFIC CALIBRATION
NER_PILOT_03,"Shillong, Meghalaya",Meghalaya,25.57,91.88,2025-07-11,6.510000228881836,25.589998960494995,95.33999991416931,,INVALID,N/A,INVALID_RETRIEVAL,VALID,INVALID_RETRIEVAL,PARTIAL_RAINFALL_ONLY,2025-07-11,0,3B-DAY.MS.MRG.3IMERG.20250711-S000000-E235959.V07B.nc4,SMAP_L3_SM_P_20250711_R19240_001.h5,mm/day,cm^3/cm^3,18.37,LOW,"[""Low overall dynamic environmental triggering pressure""]",PROTOTYPE OPERATIONAL TRIGGER PARAMETERS — REQUIRES REGIONAL SCIENTIFIC CALIBRATION
NER_PILOT_04,"Aizawl, Mizoram",Mizoram,23.73,92.71,2025-07-11,0.20500001311302185,29.879996985197067,214.68001434206963,,INVALID,N/A,INVALID_RETRIEVAL,VALID,INVALID_RETRIEVAL,PARTIAL_RAINFALL_ONLY,2025-07-11,0,3B-DAY.MS.MRG.3IMERG.20250711-S000000-E235959.V07B.nc4,SMAP_L3_SM_P_20250711_R19240_001.h5,mm/day,cm^3/cm^3,29.01,LOW,"[""Sustained 7-day antecedent precipitation (214.7 mm)""]",PROTOTYPE OPERATIONAL TRIGGER PARAMETERS — REQUIRES REGIONAL SCIENTIFIC CALIBRATION
NER_PILOT_05,"Kohima, Nagaland",Nagaland,25.67,94.11,2025-07-11,0.0,9.470000624656677,93.33500039577484,,INVALID,N/A,INVALID_RETRIEVAL,VALID,INVALID_RETRIEVAL,PARTIAL_RAINFALL_ONLY,2025-07-11,0,3B-DAY.MS.MRG.3IMERG.20250711-S000000-E235959.V07B.nc4,SMAP_L3_SM_P_20250711_R19240_001.h5,mm/day,cm^3/cm^3,11.7,LOW,"[""Low overall dynamic environmental triggering pressure""]",PROTOTYPE OPERATIONAL TRIGGER PARAMETERS — REQUIRES REGIONAL SCIENTIFIC CALIBRATION
NER_PILOT_06,"Imphal, Manipur",Manipur,24.81,93.94,2025-07-11,31.40999984741211,71.47499990463257,144.57999849319458,,INVALID,N/A,INVALID_RETRIEVAL,VALID,INVALID_RETRIEVAL,PARTIAL_RAINFALL_ONLY,2025-07-11,0,3B-DAY.MS.MRG.3IMERG.20250711-S000000-E235959.V07B.nc4,SMAP_L3_SM_P_20250711_R19240_001.h5,mm/day,cm^3/cm^3,44.11,MODERATE,"[""Low overall dynamic environmental triggering pressure""]",PROTOTYPE OPERATIONAL TRIGGER PARAMETERS — REQUIRES REGIONAL SCIENTIFIC CALIBRATION
NER_PILOT_07,"Itanagar, Arunachal Pradesh",Arunachal Pradesh,27.08,93.61,2025-07-11,0.125,8.055000305175781,45.44499671459198,,INVALID,N/A,INVALID_RETRIEVAL,VALID,INVALID_RETRIEVAL,PARTIAL_RAINFALL_ONLY,2025-07-11,0,3B-DAY.MS.MRG.3IMERG.20250711-S000000-E235959.V07B.nc4,SMAP_L3_SM_P_20250711_R19240_001.h5,mm/day,cm^3/cm^3,6.61,LOW,"[""Low overall dynamic environmental triggering pressure""]",PROTOTYPE OPERATIONAL TRIGGER PARAMETERS — REQUIRES REGIONAL SCIENTIFIC CALIBRATION
NER_PILOT_08,"Agartala, Tripura",Tripura,23.83,91.28,2025-07-11,0.0,84.29500198364258,167.13500213623047,0.3322700262069702,RECOMMENDED,PM_6PM,PM_RECOMMENDED,VALID,VALID,COMPLETE,2025-07-11,0,3B-DAY.MS.MRG.3IMERG.20250711-S000000-E235959.V07B.nc4,SMAP_L3_SM_P_20250711_R19240_001.h5,mm/day,cm^3/cm^3,45.0,MODERATE,"[""High volumetric soil moisture saturation (0.332 cm\u00b3/cm\u00b3)""]",PROTOTYPE OPERATIONAL TRIGGER PARAMETERS — REQUIRES REGIONAL SCIENTIFIC CALIBRATION
GSI_SITE_01,Kukinala slide (Hailakandi),Assam,24.27,92.5,2025-07-11,6.244999408721924,43.47499418258667,201.12998914718628,0.3322700262069702,RECOMMENDED,PM_6PM,PM_RECOMMENDED,VALID,VALID,COMPLETE,2025-07-11,0,3B-DAY.MS.MRG.3IMERG.20250711-S000000-E235959.V07B.nc4,SMAP_L3_SM_P_20250711_R19240_001.h5,mm/day,cm^3/cm^3,41.43,MODERATE,"[""Sustained 7-day antecedent precipitation (201.1 mm)"", ""High volumetric soil moisture saturation (0.332 cm\u00b3/cm\u00b3)""]",PROTOTYPE OPERATIONAL TRIGGER PARAMETERS — REQUIRES REGIONAL SCIENTIFIC CALIBRATION
GSI_SITE_02,Jalnachaura slide (Hailakandi),Assam,24.31,92.56,2025-07-11,2.2150001525878906,34.80000019073486,161.5250062942505,0.3322700262069702,RECOMMENDED,PM_6PM,PM_RECOMMENDED,VALID,VALID,COMPLETE,2025-07-11,0,3B-DAY.MS.MRG.3IMERG.20250711-S000000-E235959.V07B.nc4,SMAP_L3_SM_P_20250711_R19240_001.h5,mm/day,cm^3/cm^3,35.31,LOW,"[""High volumetric soil moisture saturation (0.332 cm\u00b3/cm\u00b3)""]",PROTOTYPE OPERATIONAL TRIGGER PARAMETERS — REQUIRES REGIONAL SCIENTIFIC CALIBRATION
GSI_SITE_03,Nandagram slide (Hailakandi),Assam,24.32,92.51,2025-07-11,2.2150001525878906,34.80000019073486,161.5250062942505,0.3322700262069702,RECOMMENDED,PM_6PM,PM_RECOMMENDED,VALID,VALID,COMPLETE,2025-07-11,0,3B-DAY.MS.MRG.3IMERG.20250711-S000000-E235959.V07B.nc4,SMAP_L3_SM_P_20250711_R19240_001.h5,mm/day,cm^3/cm^3,35.31,LOW,"[""High volumetric soil moisture saturation (0.332 cm\u00b3/cm\u00b3)""]",PROTOTYPE OPERATIONAL TRIGGER PARAMETERS — REQUIRES REGIONAL SCIENTIFIC CALIBRATION
GSI_SITE_04,Nishkar slide (Hailakandi),Assam,24.43,92.55,2025-07-11,1.380000114440918,24.399997234344482,147.38499784469604,0.3322700262069702,RECOMMENDED,PM_6PM,PM_RECOMMENDED,VALID,VALID,COMPLETE,2025-07-11,0,3B-DAY.MS.MRG.3IMERG.20250711-S000000-E235959.V07B.nc4,SMAP_L3_SM_P_20250711_R19240_001.h5,mm/day,cm^3/cm^3,31.85,LOW,"[""High volumetric soil moisture saturation (0.332 cm\u00b3/cm\u00b3)""]",PROTOTYPE OPERATIONAL TRIGGER PARAMETERS — REQUIRES REGIONAL SCIENTIFIC CALIBRATION
GSI_SITE_05,Paglacherra slide (Karimganj),Assam,24.44,92.5,2025-07-11,1.6700000762939453,27.289998769760132,165.03000140190125,0.3322700262069702,RECOMMENDED,PM_6PM,PM_RECOMMENDED,VALID,VALID,COMPLETE,2025-07-11,0,3B-DAY.MS.MRG.3IMERG.20250711-S000000-E235959.V07B.nc4,SMAP_L3_SM_P_20250711_R19240_001.h5,mm/day,cm^3/cm^3,33.93,LOW,"[""High volumetric soil moisture saturation (0.332 cm\u00b3/cm\u00b3)""]",PROTOTYPE OPERATIONAL TRIGGER PARAMETERS — REQUIRES REGIONAL SCIENTIFIC CALIBRATION
GSI_SITE_06,Lalpani slide (Hailakandi),Assam,24.44,92.56,2025-07-11,1.380000114440918,24.399997234344482,147.38499784469604,0.3322700262069702,RECOMMENDED,PM_6PM,PM_RECOMMENDED,VALID,VALID,COMPLETE,2025-07-11,0,3B-DAY.MS.MRG.3IMERG.20250711-S000000-E235959.V07B.nc4,SMAP_L3_SM_P_20250711_R19240_001.h5,mm/day,cm^3/cm^3,31.85,LOW,"[""High volumetric soil moisture saturation (0.332 cm\u00b3/cm\u00b3)""]",PROTOTYPE OPERATIONAL TRIGGER PARAMETERS — REQUIRES REGIONAL SCIENTIFIC CALIBRATION
GSI_SITE_07,Garapunjislide (Hailakandi),Assam,24.46,92.52,2025-07-11,1.380000114440918,24.399997234344482,147.38499784469604,0.32752084732055664,RECOMMENDED,PM_6PM,PM_RECOMMENDED,VALID,VALID,COMPLETE,2025-07-11,0,3B-DAY.MS.MRG.3IMERG.20250711-S000000-E235959.V07B.nc4,SMAP_L3_SM_P_20250711_R19240_001.h5,mm/day,cm^3/cm^3,31.64,LOW,"[""High volumetric soil moisture saturation (0.328 cm\u00b3/cm\u00b3)""]",PROTOTYPE OPERATIONAL TRIGGER PARAMETERS — REQUIRES REGIONAL SCIENTIFIC CALIBRATION
NER_PILOT_01,"Gangtok, Sikkim",Sikkim,27.33,88.61,2025-07-12,12.319999694824219,21.13499927520752,45.6349983215332,0.17521730065345764,WARNING,AM_6AM,AM_NON_RECOMMENDED,VALID,VALID,COMPLETE,2025-07-12,0,3B-DAY.MS.MRG.3IMERG.20250712-S000000-E235959.V07B.nc4,SMAP_L3_SM_P_20250712_R19240_001.h5,mm/day,cm^3/cm^3,19.36,LOW,"[""Low overall dynamic environmental triggering pressure""]",PROTOTYPE OPERATIONAL TRIGGER PARAMETERS — REQUIRES REGIONAL SCIENTIFIC CALIBRATION
NER_PILOT_02,"Guwahati, Assam",Assam,26.14,91.73,2025-07-12,1.1150000095367432,2.7750000953674316,13.700000047683716,0.33574923872947693,WARNING,AM_6AM,AM_NON_RECOMMENDED,VALID,VALID,COMPLETE,2025-07-12,0,3B-DAY.MS.MRG.3IMERG.20250712-S000000-E235959.V07B.nc4,SMAP_L3_SM_P_20250712_R19240_001.h5,mm/day,cm^3/cm^3,16.91,LOW,"[""High volumetric soil moisture saturation (0.336 cm\u00b3/cm\u00b3)""]",PROTOTYPE OPERATIONAL TRIGGER PARAMETERS — REQUIRES REGIONAL SCIENTIFIC CALIBRATION
NER_PILOT_03,"Shillong, Meghalaya",Meghalaya,25.57,91.88,2025-07-12,5.725000381469727,15.820000410079956,91.41000056266785,,INVALID,N/A,INVALID_RETRIEVAL,VALID,INVALID_RETRIEVAL,PARTIAL_RAINFALL_ONLY,2025-07-12,0,3B-DAY.MS.MRG.3IMERG.20250712-S000000-E235959.V07B.nc4,SMAP_L3_SM_P_20250712_R19240_001.h5,mm/day,cm^3/cm^3,15.24,LOW,"[""Low overall dynamic environmental triggering pressure""]",PROTOTYPE OPERATIONAL TRIGGER PARAMETERS — REQUIRES REGIONAL SCIENTIFIC CALIBRATION
NER_PILOT_04,"Aizawl, Mizoram",Mizoram,23.73,92.71,2025-07-12,1.9549999237060547,3.3849999606609344,200.52501365542412,,INVALID,N/A,INVALID_RETRIEVAL,VALID,INVALID_RETRIEVAL,PARTIAL_RAINFALL_ONLY,2025-07-12,0,3B-DAY.MS.MRG.3IMERG.20250712-S000000-E235959.V07B.nc4,SMAP_L3_SM_P_20250712_R19240_001.h5,mm/day,cm^3/cm^3,21.63,LOW,"[""Sustained 7-day antecedent precipitation (200.5 mm)""]",PROTOTYPE OPERATIONAL TRIGGER PARAMETERS — REQUIRES REGIONAL SCIENTIFIC CALIBRATION
NER_PILOT_05,"Kohima, Nagaland",Nagaland,25.67,94.11,2025-07-12,4.635000228881836,5.830000281333923,63.37500321865082,0.09383999556303024,WARNING,AM_PM_MEAN,AM_PM_NON_RECOMMENDED_MEAN,VALID,VALID,COMPLETE,2025-07-12,0,3B-DAY.MS.MRG.3IMERG.20250712-S000000-E235959.V07B.nc4,SMAP_L3_SM_P_20250712_R19240_001.h5,mm/day,cm^3/cm^3,11.8,LOW,"[""Low overall dynamic environmental triggering pressure""]",PROTOTYPE OPERATIONAL TRIGGER PARAMETERS — REQUIRES REGIONAL SCIENTIFIC CALIBRATION
NER_PILOT_06,"Imphal, Manipur",Manipur,24.81,93.94,2025-07-12,21.064998626708984,54.41499853134155,154.14499711990356,,INVALID,N/A,INVALID_RETRIEVAL,VALID,INVALID_RETRIEVAL,PARTIAL_RAINFALL_ONLY,2025-07-12,0,3B-DAY.MS.MRG.3IMERG.20250712-S000000-E235959.V07B.nc4,SMAP_L3_SM_P_20250712_R19240_001.h5,mm/day,cm^3/cm^3,36.92,LOW,"[""Low overall dynamic environmental triggering pressure""]",PROTOTYPE OPERATIONAL TRIGGER PARAMETERS — REQUIRES REGIONAL SCIENTIFIC CALIBRATION
NER_PILOT_07,"Itanagar, Arunachal Pradesh",Arunachal Pradesh,27.08,93.61,2025-07-12,2.9049999713897705,4.830000162124634,24.494999051094055,0.08236438408493996,WARNING,AM_PM_MEAN,AM_PM_NON_RECOMMENDED_MEAN,VALID,VALID,COMPLETE,2025-07-12,0,3B-DAY.MS.MRG.3IMERG.20250712-S000000-E235959.V07B.nc4,SMAP_L3_SM_P_20250712_R19240_001.h5,mm/day,cm^3/cm^3,7.46,LOW,"[""Low overall dynamic environmental triggering pressure""]",PROTOTYPE OPERATIONAL TRIGGER PARAMETERS — REQUIRES REGIONAL SCIENTIFIC CALIBRATION
NER_PILOT_08,"Agartala, Tripura",Tripura,23.83,91.28,2025-07-12,14.5600004196167,35.565001487731934,173.28000259399414,,INVALID,N/A,INVALID_RETRIEVAL,VALID,INVALID_RETRIEVAL,PARTIAL_RAINFALL_ONLY,2025-07-12,0,3B-DAY.MS.MRG.3IMERG.20250712-S000000-E235959.V07B.nc4,SMAP_L3_SM_P_20250712_R19240_001.h5,mm/day,cm^3/cm^3,31.68,LOW,"[""Low overall dynamic environmental triggering pressure""]",PROTOTYPE OPERATIONAL TRIGGER PARAMETERS — REQUIRES REGIONAL SCIENTIFIC CALIBRATION
GSI_SITE_01,Kukinala slide (Hailakandi),Assam,24.27,92.5,2025-07-12,0.0,9.124999523162842,188.67998838424683,,INVALID,N/A,INVALID_RETRIEVAL,VALID,INVALID_RETRIEVAL,PARTIAL_RAINFALL_ONLY,2025-07-12,0,3B-DAY.MS.MRG.3IMERG.20250712-S000000-E235959.V07B.nc4,SMAP_L3_SM_P_20250712_R19240_001.h5,mm/day,cm^3/cm^3,21.15,LOW,"[""Sustained 7-day antecedent precipitation (188.7 mm)""]",PROTOTYPE OPERATIONAL TRIGGER PARAMETERS — REQUIRES REGIONAL SCIENTIFIC CALIBRATION
GSI_SITE_02,Jalnachaura slide (Hailakandi),Assam,24.31,92.56,2025-07-12,0.0,5.675000190734863,144.39000606536865,,INVALID,N/A,INVALID_RETRIEVAL,VALID,INVALID_RETRIEVAL,PARTIAL_RAINFALL_ONLY,2025-07-12,0,3B-DAY.MS.MRG.3IMERG.20250712-S000000-E235959.V07B.nc4,SMAP_L3_SM_P_20250712_R19240_001.h5,mm/day,cm^3/cm^3,15.86,LOW,"[""Low overall dynamic environmental triggering pressure""]",PROTOTYPE OPERATIONAL TRIGGER PARAMETERS — REQUIRES REGIONAL SCIENTIFIC CALIBRATION
GSI_SITE_03,Nandagram slide (Hailakandi),Assam,24.32,92.51,2025-07-12,0.0,5.675000190734863,144.39000606536865,,INVALID,N/A,INVALID_RETRIEVAL,VALID,INVALID_RETRIEVAL,PARTIAL_RAINFALL_ONLY,2025-07-12,0,3B-DAY.MS.MRG.3IMERG.20250712-S000000-E235959.V07B.nc4,SMAP_L3_SM_P_20250712_R19240_001.h5,mm/day,cm^3/cm^3,15.86,LOW,"[""Low overall dynamic environmental triggering pressure""]",PROTOTYPE OPERATIONAL TRIGGER PARAMETERS — REQUIRES REGIONAL SCIENTIFIC CALIBRATION
GSI_SITE_04,Nishkar slide (Hailakandi),Assam,24.43,92.55,2025-07-12,0.0,5.15500020980835,135.06499814987183,,INVALID,N/A,INVALID_RETRIEVAL,VALID,INVALID_RETRIEVAL,PARTIAL_RAINFALL_ONLY,2025-07-12,0,3B-DAY.MS.MRG.3IMERG.20250712-S000000-E235959.V07B.nc4,SMAP_L3_SM_P_20250712_R19240_001.h5,mm/day,cm^3/cm^3,14.8,LOW,"[""Low overall dynamic environmental triggering pressure""]",PROTOTYPE OPERATIONAL TRIGGER PARAMETERS — REQUIRES REGIONAL SCIENTIFIC CALIBRATION
GSI_SITE_05,Paglacherra slide (Karimganj),Assam,24.44,92.5,2025-07-12,0.0,4.259999990463257,154.21500372886658,,INVALID,N/A,INVALID_RETRIEVAL,VALID,INVALID_RETRIEVAL,PARTIAL_RAINFALL_ONLY,2025-07-12,0,3B-DAY.MS.MRG.3IMERG.20250712-S000000-E235959.V07B.nc4,SMAP_L3_SM_P_20250712_R19240_001.h5,mm/day,cm^3/cm^3,16.49,LOW,"[""Low overall dynamic environmental triggering pressure""]",PROTOTYPE OPERATIONAL TRIGGER PARAMETERS — REQUIRES REGIONAL SCIENTIFIC CALIBRATION
GSI_SITE_06,Lalpani slide (Hailakandi),Assam,24.44,92.56,2025-07-12,0.0,5.15500020980835,135.06499814987183,,INVALID,N/A,INVALID_RETRIEVAL,VALID,INVALID_RETRIEVAL,PARTIAL_RAINFALL_ONLY,2025-07-12,0,3B-DAY.MS.MRG.3IMERG.20250712-S000000-E235959.V07B.nc4,SMAP_L3_SM_P_20250712_R19240_001.h5,mm/day,cm^3/cm^3,14.8,LOW,"[""Low overall dynamic environmental triggering pressure""]",PROTOTYPE OPERATIONAL TRIGGER PARAMETERS — REQUIRES REGIONAL SCIENTIFIC CALIBRATION
GSI_SITE_07,Garapunjislide (Hailakandi),Assam,24.46,92.52,2025-07-12,0.0,5.15500020980835,135.06499814987183,0.48544880747795105,RECOMMENDED,AM_6AM,AM_RECOMMENDED,VALID,VALID,COMPLETE,2025-07-12,0,3B-DAY.MS.MRG.3IMERG.20250712-S000000-E235959.V07B.nc4,SMAP_L3_SM_P_20250712_R19240_001.h5,mm/day,cm^3/cm^3,31.84,LOW,"[""High volumetric soil moisture saturation (0.485 cm\u00b3/cm\u00b3)""]",PROTOTYPE OPERATIONAL TRIGGER PARAMETERS — REQUIRES REGIONAL SCIENTIFIC CALIBRATION
NER_PILOT_01,"Gangtok, Sikkim",Sikkim,27.33,88.61,2025-07-13,8.109999656677246,24.439999103546143,52.40499806404114,0.25466233491897583,WARNING,PM_6PM,PM_NON_RECOMMENDED,VALID,VALID,COMPLETE,2025-07-13,0,3B-DAY.MS.MRG.3IMERG.20250713-S000000-E235959.V07B.nc4,SMAP_L3_SM_P_20250713_R19240_001.h5,mm/day,cm^3/cm^3,22.83,LOW,"[""Low overall dynamic environmental triggering pressure""]",PROTOTYPE OPERATIONAL TRIGGER PARAMETERS — REQUIRES REGIONAL SCIENTIFIC CALIBRATION
NER_PILOT_02,"Guwahati, Assam",Assam,26.14,91.73,2025-07-13,0.17499999701976776,1.290000006556511,11.870000168681145,0.253105103969574,WARNING,PM_6PM,PM_NON_RECOMMENDED,VALID,VALID,COMPLETE,2025-07-13,0,3B-DAY.MS.MRG.3IMERG.20250713-S000000-E235959.V07B.nc4,SMAP_L3_SM_P_20250713_R19240_001.h5,mm/day,cm^3/cm^3,12.51,LOW,"[""Low overall dynamic environmental triggering pressure""]",PROTOTYPE OPERATIONAL TRIGGER PARAMETERS — REQUIRES REGIONAL SCIENTIFIC CALIBRATION
NER_PILOT_03,"Shillong, Meghalaya",Meghalaya,25.57,91.88,2025-07-13,1.9649996757507324,14.200000286102295,49.41999840736389,0.25697070360183716,RECOMMENDED,PM_6PM,PM_RECOMMENDED,VALID,VALID,COMPLETE,2025-07-13,0,3B-DAY.MS.MRG.3IMERG.20250713-S000000-E235959.V07B.nc4,SMAP_L3_SM_P_20250713_R19240_001.h5,mm/day,cm^3/cm^3,18.8,LOW,"[""Low overall dynamic environmental triggering pressure""]",PROTOTYPE OPERATIONAL TRIGGER PARAMETERS — REQUIRES REGIONAL SCIENTIFIC CALIBRATION
NER_PILOT_04,"Aizawl, Mizoram",Mizoram,23.73,92.71,2025-07-13,0.4599999785423279,2.6199999153614044,191.9100138247013,,INVALID,N/A,INVALID_RETRIEVAL,VALID,INVALID_RETRIEVAL,PARTIAL_RAINFALL_ONLY,2025-07-13,0,3B-DAY.MS.MRG.3IMERG.20250713-S000000-E235959.V07B.nc4,SMAP_L3_SM_P_20250713_R19240_001.h5,mm/day,cm^3/cm^3,20.02,LOW,"[""Sustained 7-day antecedent precipitation (191.9 mm)""]",PROTOTYPE OPERATIONAL TRIGGER PARAMETERS — REQUIRES REGIONAL SCIENTIFIC CALIBRATION
NER_PILOT_05,"Kohima, Nagaland",Nagaland,25.67,94.11,2025-07-13,2.859999656677246,7.494999885559082,59.075003027915955,,INVALID,N/A,INVALID_RETRIEVAL,VALID,INVALID_RETRIEVAL,PARTIAL_RAINFALL_ONLY,2025-07-13,0,3B-DAY.MS.MRG.3IMERG.20250713-S000000-E235959.V07B.nc4,SMAP_L3_SM_P_20250713_R19240_001.h5,mm/day,cm^3/cm^3,8.85,LOW,"[""Low overall dynamic environmental triggering pressure""]",PROTOTYPE OPERATIONAL TRIGGER PARAMETERS — REQUIRES REGIONAL SCIENTIFIC CALIBRATION
NER_PILOT_06,"Imphal, Manipur",Manipur,24.81,93.94,2025-07-13,2.0,54.474998474121094,145.0999960899353,,INVALID,N/A,INVALID_RETRIEVAL,VALID,INVALID_RETRIEVAL,PARTIAL_RAINFALL_ONLY,2025-07-13,0,3B-DAY.MS.MRG.3IMERG.20250713-S000000-E235959.V07B.nc4,SMAP_L3_SM_P_20250713_R19240_001.h5,mm/day,cm^3/cm^3,28.88,LOW,"[""Low overall dynamic environmental triggering pressure""]",PROTOTYPE OPERATIONAL TRIGGER PARAMETERS — REQUIRES REGIONAL SCIENTIFIC CALIBRATION
NER_PILOT_07,"Itanagar, Arunachal Pradesh",Arunachal Pradesh,27.08,93.61,2025-07-13,2.059999942779541,5.0899999141693115,16.714999794960022,0.061793346889317036,WARNING,AM_PM_MEAN,AM_PM_NON_RECOMMENDED_MEAN,VALID,VALID,COMPLETE,2025-07-13,0,3B-DAY.MS.MRG.3IMERG.20250713-S000000-E235959.V07B.nc4,SMAP_L3_SM_P_20250713_R19240_001.h5,mm/day,cm^3/cm^3,5.72,LOW,"[""Low overall dynamic environmental triggering pressure""]",PROTOTYPE OPERATIONAL TRIGGER PARAMETERS — REQUIRES REGIONAL SCIENTIFIC CALIBRATION
NER_PILOT_08,"Agartala, Tripura",Tripura,23.83,91.28,2025-07-13,41.284996032714844,55.84499645233154,209.27999782562256,,INVALID,N/A,INVALID_RETRIEVAL,VALID,INVALID_RETRIEVAL,PARTIAL_RAINFALL_ONLY,2025-07-13,0,3B-DAY.MS.MRG.3IMERG.20250713-S000000-E235959.V07B.nc4,SMAP_L3_SM_P_20250713_R19240_001.h5,mm/day,cm^3/cm^3,50.37,MODERATE,"[""Sustained 7-day antecedent precipitation (209.3 mm)""]",PROTOTYPE OPERATIONAL TRIGGER PARAMETERS — REQUIRES REGIONAL SCIENTIFIC CALIBRATION
GSI_SITE_01,Kukinala slide (Hailakandi),Assam,24.27,92.5,2025-07-13,6.545000076293945,12.78999948501587,170.53998708724976,,INVALID,N/A,INVALID_RETRIEVAL,VALID,INVALID_RETRIEVAL,PARTIAL_RAINFALL_ONLY,2025-07-13,0,3B-DAY.MS.MRG.3IMERG.20250713-S000000-E235959.V07B.nc4,SMAP_L3_SM_P_20250713_R19240_001.h5,mm/day,cm^3/cm^3,22.71,LOW,"[""Low overall dynamic environmental triggering pressure""]",PROTOTYPE OPERATIONAL TRIGGER PARAMETERS — REQUIRES REGIONAL SCIENTIFIC CALIBRATION
GSI_SITE_02,Jalnachaura slide (Hailakandi),Assam,24.31,92.56,2025-07-13,5.894999980926514,8.110000133514404,133.30000352859497,,INVALID,N/A,INVALID_RETRIEVAL,VALID,INVALID_RETRIEVAL,PARTIAL_RAINFALL_ONLY,2025-07-13,0,3B-DAY.MS.MRG.3IMERG.20250713-S000000-E235959.V07B.nc4,SMAP_L3_SM_P_20250713_R19240_001.h5,mm/day,cm^3/cm^3,17.57,LOW,"[""Low overall dynamic environmental triggering pressure""]",PROTOTYPE OPERATIONAL TRIGGER PARAMETERS — REQUIRES REGIONAL SCIENTIFIC CALIBRATION
GSI_SITE_03,Nandagram slide (Hailakandi),Assam,24.32,92.51,2025-07-13,5.894999980926514,8.110000133514404,133.30000352859497,,INVALID,N/A,INVALID_RETRIEVAL,VALID,INVALID_RETRIEVAL,PARTIAL_RAINFALL_ONLY,2025-07-13,0,3B-DAY.MS.MRG.3IMERG.20250713-S000000-E235959.V07B.nc4,SMAP_L3_SM_P_20250713_R19240_001.h5,mm/day,cm^3/cm^3,17.57,LOW,"[""Low overall dynamic environmental triggering pressure""]",PROTOTYPE OPERATIONAL TRIGGER PARAMETERS — REQUIRES REGIONAL SCIENTIFIC CALIBRATION
GSI_SITE_04,Nishkar slide (Hailakandi),Assam,24.43,92.55,2025-07-13,7.320000171661377,8.700000286102295,105.53999710083008,,INVALID,N/A,INVALID_RETRIEVAL,VALID,INVALID_RETRIEVAL,PARTIAL_RAINFALL_ONLY,2025-07-13,0,3B-DAY.MS.MRG.3IMERG.20250713-S000000-E235959.V07B.nc4,SMAP_L3_SM_P_20250713_R19240_001.h5,mm/day,cm^3/cm^3,15.47,LOW,"[""Low overall dynamic environmental triggering pressure""]",PROTOTYPE OPERATIONAL TRIGGER PARAMETERS — REQUIRES REGIONAL SCIENTIFIC CALIBRATION
GSI_SITE_05,Paglacherra slide (Karimganj),Assam,24.44,92.5,2025-07-13,7.069998741149902,8.739998817443848,106.34000277519226,,INVALID,N/A,INVALID_RETRIEVAL,VALID,INVALID_RETRIEVAL,PARTIAL_RAINFALL_ONLY,2025-07-13,0,3B-DAY.MS.MRG.3IMERG.20250713-S000000-E235959.V07B.nc4,SMAP_L3_SM_P_20250713_R19240_001.h5,mm/day,cm^3/cm^3,15.47,LOW,"[""Low overall dynamic environmental triggering pressure""]",PROTOTYPE OPERATIONAL TRIGGER PARAMETERS — REQUIRES REGIONAL SCIENTIFIC CALIBRATION
GSI_SITE_06,Lalpani slide (Hailakandi),Assam,24.44,92.56,2025-07-13,7.320000171661377,8.700000286102295,105.53999710083008,,INVALID,N/A,INVALID_RETRIEVAL,VALID,INVALID_RETRIEVAL,PARTIAL_RAINFALL_ONLY,2025-07-13,0,3B-DAY.MS.MRG.3IMERG.20250713-S000000-E235959.V07B.nc4,SMAP_L3_SM_P_20250713_R19240_001.h5,mm/day,cm^3/cm^3,15.47,LOW,"[""Low overall dynamic environmental triggering pressure""]",PROTOTYPE OPERATIONAL TRIGGER PARAMETERS — REQUIRES REGIONAL SCIENTIFIC CALIBRATION
GSI_SITE_07,Garapunjislide (Hailakandi),Assam,24.46,92.52,2025-07-13,7.320000171661377,8.700000286102295,105.53999710083008,0.4983234107494354,RECOMMENDED,PM_6PM,PM_RECOMMENDED,VALID,VALID,COMPLETE,2025-07-13,0,3B-DAY.MS.MRG.3IMERG.20250713-S000000-E235959.V07B.nc4,SMAP_L3_SM_P_20250713_R19240_001.h5,mm/day,cm^3/cm^3,32.38,LOW,"[""High volumetric soil moisture saturation (0.498 cm\u00b3/cm\u00b3)""]",PROTOTYPE OPERATIONAL TRIGGER PARAMETERS — REQUIRES REGIONAL SCIENTIFIC CALIBRATION
NER_PILOT_01,"Gangtok, Sikkim",Sikkim,27.33,88.61,2025-07-14,30.25,50.679999351501465,78.30999827384949,,INVALID,N/A,INVALID_RETRIEVAL,VALID,INVALID_RETRIEVAL,PARTIAL_RAINFALL_ONLY,2025-07-14,0,3B-DAY.MS.MRG.3IMERG.20250714-S000000-E235959.V07B.nc4,SMAP_L3_SM_P_20250714_R19240_002.h5,mm/day,cm^3/cm^3,31.84,LOW,"[""Low overall dynamic environmental triggering pressure""]",PROTOTYPE OPERATIONAL TRIGGER PARAMETERS — REQUIRES REGIONAL SCIENTIFIC CALIBRATION
NER_PILOT_02,"Guwahati, Assam",Assam,26.14,91.73,2025-07-14,39.46500015258789,40.7550001591444,47.925000473856926,,INVALID,N/A,INVALID_RETRIEVAL,VALID,INVALID_RETRIEVAL,PARTIAL_RAINFALL_ONLY,2025-07-14,0,3B-DAY.MS.MRG.3IMERG.20250714-S000000-E235959.V07B.nc4,SMAP_L3_SM_P_20250714_R19240_002.h5,mm/day,cm^3/cm^3,29.78,LOW,"[""Low overall dynamic environmental triggering pressure""]",PROTOTYPE OPERATIONAL TRIGGER PARAMETERS — REQUIRES REGIONAL SCIENTIFIC CALIBRATION
NER_PILOT_03,"Shillong, Meghalaya",Meghalaya,25.57,91.88,2025-07-14,19.579999923706055,27.269999980926514,59.299999475479126,,INVALID,N/A,INVALID_RETRIEVAL,VALID,INVALID_RETRIEVAL,PARTIAL_RAINFALL_ONLY,2025-07-14,0,3B-DAY.MS.MRG.3IMERG.20250714-S000000-E235959.V07B.nc4,SMAP_L3_SM_P_20250714_R19240_002.h5,mm/day,cm^3/cm^3,20.09,LOW,"[""Low overall dynamic environmental triggering pressure""]",PROTOTYPE OPERATIONAL TRIGGER PARAMETERS — REQUIRES REGIONAL SCIENTIFIC CALIBRATION
NER_PILOT_04,"Aizawl, Mizoram",Mizoram,23.73,92.71,2025-07-14,54.60499572753906,57.019995629787445,230.23000970482826,,INVALID,N/A,INVALID_RETRIEVAL,VALID,INVALID_RETRIEVAL,PARTIAL_RAINFALL_ONLY,2025-07-14,0,3B-DAY.MS.MRG.3IMERG.20250714-S000000-E235959.V07B.nc4,SMAP_L3_SM_P_20250714_R19240_002.h5,mm/day,cm^3/cm^3,57.75,MODERATE,"[""Heavy 1-day rainfall accumulation (54.6 mm/day)"", ""Sustained 7-day antecedent precipitation (230.2 mm)""]",PROTOTYPE OPERATIONAL TRIGGER PARAMETERS — REQUIRES REGIONAL SCIENTIFIC CALIBRATION
NER_PILOT_05,"Kohima, Nagaland",Nagaland,25.67,94.11,2025-07-14,5.404999732971191,12.899999618530273,35.67000138759613,,INVALID,N/A,INVALID_RETRIEVAL,VALID,INVALID_RETRIEVAL,PARTIAL_RAINFALL_ONLY,2025-07-14,0,3B-DAY.MS.MRG.3IMERG.20250714-S000000-E235959.V07B.nc4,SMAP_L3_SM_P_20250714_R19240_002.h5,mm/day,cm^3/cm^3,8.82,LOW,"[""Low overall dynamic environmental triggering pressure""]",PROTOTYPE OPERATIONAL TRIGGER PARAMETERS — REQUIRES REGIONAL SCIENTIFIC CALIBRATION
NER_PILOT_06,"Imphal, Manipur",Manipur,24.81,93.94,2025-07-14,4.6150007247924805,27.679999351501465,136.0599980354309,,INVALID,N/A,INVALID_RETRIEVAL,VALID,INVALID_RETRIEVAL,PARTIAL_RAINFALL_ONLY,2025-07-14,0,3B-DAY.MS.MRG.3IMERG.20250714-S000000-E235959.V07B.nc4,SMAP_L3_SM_P_20250714_R19240_002.h5,mm/day,cm^3/cm^3,22.26,LOW,"[""Low overall dynamic environmental triggering pressure""]",PROTOTYPE OPERATIONAL TRIGGER PARAMETERS — REQUIRES REGIONAL SCIENTIFIC CALIBRATION
NER_PILOT_07,"Itanagar, Arunachal Pradesh",Arunachal Pradesh,27.08,93.61,2025-07-14,24.34000015258789,29.305000066757202,40.25999999046326,,INVALID,N/A,INVALID_RETRIEVAL,VALID,INVALID_RETRIEVAL,PARTIAL_RAINFALL_ONLY,2025-07-14,0,3B-DAY.MS.MRG.3IMERG.20250714-S000000-E235959.V07B.nc4,SMAP_L3_SM_P_20250714_R19240_002.h5,mm/day,cm^3/cm^3,20.48,LOW,"[""Low overall dynamic environmental triggering pressure""]",PROTOTYPE OPERATIONAL TRIGGER PARAMETERS — REQUIRES REGIONAL SCIENTIFIC CALIBRATION
NER_PILOT_08,"Agartala, Tripura",Tripura,23.83,91.28,2025-07-14,18.954999923706055,74.7999963760376,222.14499759674072,,INVALID,N/A,INVALID_RETRIEVAL,VALID,INVALID_RETRIEVAL,PARTIAL_RAINFALL_ONLY,2025-07-14,0,3B-DAY.MS.MRG.3IMERG.20250714-S000000-E235959.V07B.nc4,SMAP_L3_SM_P_20250714_R19240_002.h5,mm/day,cm^3/cm^3,48.02,MODERATE,"[""Sustained 7-day antecedent precipitation (222.1 mm)""]",PROTOTYPE OPERATIONAL TRIGGER PARAMETERS — REQUIRES REGIONAL SCIENTIFIC CALIBRATION
GSI_SITE_01,Kukinala slide (Hailakandi),Assam,24.27,92.5,2025-07-14,23.28999900817871,29.834999084472656,157.2299838066101,,INVALID,N/A,INVALID_RETRIEVAL,VALID,INVALID_RETRIEVAL,PARTIAL_RAINFALL_ONLY,2025-07-14,0,3B-DAY.MS.MRG.3IMERG.20250714-S000000-E235959.V07B.nc4,SMAP_L3_SM_P_20250714_R19240_002.h5,mm/day,cm^3/cm^3,31.92,LOW,"[""Low overall dynamic environmental triggering pressure""]",PROTOTYPE OPERATIONAL TRIGGER PARAMETERS — REQUIRES REGIONAL SCIENTIFIC CALIBRATION
GSI_SITE_02,Jalnachaura slide (Hailakandi),Assam,24.31,92.56,2025-07-14,19.26999855041504,25.164998531341553,127.30999994277954,,INVALID,N/A,INVALID_RETRIEVAL,VALID,INVALID_RETRIEVAL,PARTIAL_RAINFALL_ONLY,2025-07-14,0,3B-DAY.MS.MRG.3IMERG.20250714-S000000-E235959.V07B.nc4,SMAP_L3_SM_P_20250714_R19240_002.h5,mm/day,cm^3/cm^3,26.25,LOW,"[""Low overall dynamic environmental triggering pressure""]",PROTOTYPE OPERATIONAL TRIGGER PARAMETERS — REQUIRES REGIONAL SCIENTIFIC CALIBRATION
GSI_SITE_03,Nandagram slide (Hailakandi),Assam,24.32,92.51,2025-07-14,19.26999855041504,25.164998531341553,127.30999994277954,,INVALID,N/A,INVALID_RETRIEVAL,VALID,INVALID_RETRIEVAL,PARTIAL_RAINFALL_ONLY,2025-07-14,0,3B-DAY.MS.MRG.3IMERG.20250714-S000000-E235959.V07B.nc4,SMAP_L3_SM_P_20250714_R19240_002.h5,mm/day,cm^3/cm^3,26.25,LOW,"[""Low overall dynamic environmental triggering pressure""]",PROTOTYPE OPERATIONAL TRIGGER PARAMETERS — REQUIRES REGIONAL SCIENTIFIC CALIBRATION
GSI_SITE_04,Nishkar slide (Hailakandi),Assam,24.43,92.55,2025-07-14,21.999998092651367,29.319998264312744,106.85499382019043,,INVALID,N/A,INVALID_RETRIEVAL,VALID,INVALID_RETRIEVAL,PARTIAL_RAINFALL_ONLY,2025-07-14,0,3B-DAY.MS.MRG.3IMERG.20250714-S000000-E235959.V07B.nc4,SMAP_L3_SM_P_20250714_R19240_002.h5,mm/day,cm^3/cm^3,26.27,LOW,"[""Low overall dynamic environmental triggering pressure""]",PROTOTYPE OPERATIONAL TRIGGER PARAMETERS — REQUIRES REGIONAL SCIENTIFIC CALIBRATION
GSI_SITE_05,Paglacherra slide (Karimganj),Assam,24.44,92.5,2025-07-14,25.15999984741211,32.22999858856201,110.27500224113464,,INVALID,N/A,INVALID_RETRIEVAL,VALID,INVALID_RETRIEVAL,PARTIAL_RAINFALL_ONLY,2025-07-14,0,3B-DAY.MS.MRG.3IMERG.20250714-S000000-E235959.V07B.nc4,SMAP_L3_SM_P_20250714_R19240_002.h5,mm/day,cm^3/cm^3,28.52,LOW,"[""Low overall dynamic environmental triggering pressure""]",PROTOTYPE OPERATIONAL TRIGGER PARAMETERS — REQUIRES REGIONAL SCIENTIFIC CALIBRATION
GSI_SITE_06,Lalpani slide (Hailakandi),Assam,24.44,92.56,2025-07-14,21.999998092651367,29.319998264312744,106.85499382019043,,INVALID,N/A,INVALID_RETRIEVAL,VALID,INVALID_RETRIEVAL,PARTIAL_RAINFALL_ONLY,2025-07-14,0,3B-DAY.MS.MRG.3IMERG.20250714-S000000-E235959.V07B.nc4,SMAP_L3_SM_P_20250714_R19240_002.h5,mm/day,cm^3/cm^3,26.27,LOW,"[""Low overall dynamic environmental triggering pressure""]",PROTOTYPE OPERATIONAL TRIGGER PARAMETERS — REQUIRES REGIONAL SCIENTIFIC CALIBRATION
GSI_SITE_07,Garapunjislide (Hailakandi),Assam,24.46,92.52,2025-07-14,21.999998092651367,29.319998264312744,106.85499382019043,,INVALID,N/A,INVALID_RETRIEVAL,VALID,INVALID_RETRIEVAL,PARTIAL_RAINFALL_ONLY,2025-07-14,0,3B-DAY.MS.MRG.3IMERG.20250714-S000000-E235959.V07B.nc4,SMAP_L3_SM_P_20250714_R19240_002.h5,mm/day,cm^3/cm^3,26.27,LOW,"[""Low overall dynamic environmental triggering pressure""]",PROTOTYPE OPERATIONAL TRIGGER PARAMETERS — REQUIRES REGIONAL SCIENTIFIC CALIBRATION
NER_PILOT_01,"Gangtok, Sikkim",Sikkim,27.33,88.61,2025-07-15,3.1500000953674316,41.50999975204468,65.61999917030334,,INVALID,N/A,INVALID_RETRIEVAL,VALID,INVALID_RETRIEVAL,PARTIAL_RAINFALL_ONLY,2025-07-15,0,3B-DAY.MS.MRG.3IMERG.20250715-S000000-E235959.V07B.nc4,SMAP_L3_SM_P_20250715_R19240_003.h5,mm/day,cm^3/cm^3,18.12,LOW,"[""Low overall dynamic environmental triggering pressure""]",PROTOTYPE OPERATIONAL TRIGGER PARAMETERS — REQUIRES REGIONAL SCIENTIFIC CALIBRATION
NER_PILOT_02,"Guwahati, Assam",Assam,26.14,91.73,2025-07-15,11.874999046325684,51.51499919593334,57.82999949157238,0.2895297408103943,WARNING,AM_6AM,AM_NON_RECOMMENDED,VALID,VALID,COMPLETE,2025-07-15,0,3B-DAY.MS.MRG.3IMERG.20250715-S000000-E235959.V07B.nc4,SMAP_L3_SM_P_20250715_R19240_003.h5,mm/day,cm^3/cm^3,31.36,LOW,"[""Low overall dynamic environmental triggering pressure""]",PROTOTYPE OPERATIONAL TRIGGER PARAMETERS — REQUIRES REGIONAL SCIENTIFIC CALIBRATION
NER_PILOT_03,"Shillong, Meghalaya",Meghalaya,25.57,91.88,2025-07-15,4.809999942779541,26.354999542236328,57.66999888420105,0.34865686297416687,WARNING,AM_6AM,AM_NON_RECOMMENDED,VALID,VALID,COMPLETE,2025-07-15,0,3B-DAY.MS.MRG.3IMERG.20250715-S000000-E235959.V07B.nc4,SMAP_L3_SM_P_20250715_R19240_003.h5,mm/day,cm^3/cm^3,26.82,LOW,"[""High volumetric soil moisture saturation (0.349 cm\u00b3/cm\u00b3)""]",PROTOTYPE OPERATIONAL TRIGGER PARAMETERS — REQUIRES REGIONAL SCIENTIFIC CALIBRATION
NER_PILOT_04,"Aizawl, Mizoram",Mizoram,23.73,92.71,2025-07-15,1.2249999046325684,56.28999561071396,88.12499251961708,,INVALID,N/A,INVALID_RETRIEVAL,VALID,INVALID_RETRIEVAL,PARTIAL_RAINFALL_ONLY,2025-07-15,0,3B-DAY.MS.MRG.3IMERG.20250715-S000000-E235959.V07B.nc4,SMAP_L3_SM_P_20250715_R19240_003.h5,mm/day,cm^3/cm^3,23.34,LOW,"[""Low overall dynamic environmental triggering pressure""]",PROTOTYPE OPERATIONAL TRIGGER PARAMETERS — REQUIRES REGIONAL SCIENTIFIC CALIBRATION
NER_PILOT_05,"Kohima, Nagaland",Nagaland,25.67,94.11,2025-07-15,4.074999809265137,12.339999198913574,26.445000052452087,,INVALID,N/A,INVALID_RETRIEVAL,VALID,INVALID_RETRIEVAL,PARTIAL_RAINFALL_ONLY,2025-07-15,0,3B-DAY.MS.MRG.3IMERG.20250715-S000000-E235959.V07B.nc4,SMAP_L3_SM_P_20250715_R19240_003.h5,mm/day,cm^3/cm^3,7.26,LOW,"[""Low overall dynamic environmental triggering pressure""]",PROTOTYPE OPERATIONAL TRIGGER PARAMETERS — REQUIRES REGIONAL SCIENTIFIC CALIBRATION
NER_PILOT_06,"Imphal, Manipur",Manipur,24.81,93.94,2025-07-15,2.325000047683716,8.940000772476196,101.47999930381775,,INVALID,N/A,INVALID_RETRIEVAL,VALID,INVALID_RETRIEVAL,PARTIAL_RAINFALL_ONLY,2025-07-15,0,3B-DAY.MS.MRG.3IMERG.20250715-S000000-E235959.V07B.nc4,SMAP_L3_SM_P_20250715_R19240_003.h5,mm/day,cm^3/cm^3,13.25,LOW,"[""Low overall dynamic environmental triggering pressure""]",PROTOTYPE OPERATIONAL TRIGGER PARAMETERS — REQUIRES REGIONAL SCIENTIFIC CALIBRATION
NER_PILOT_07,"Itanagar, Arunachal Pradesh",Arunachal Pradesh,27.08,93.61,2025-07-15,58.62999725341797,85.0299973487854,95.98999762535095,,INVALID,N/A,INVALID_RETRIEVAL,VALID,INVALID_RETRIEVAL,PARTIAL_RAINFALL_ONLY,2025-07-15,0,3B-DAY.MS.MRG.3IMERG.20250715-S000000-E235959.V07B.nc4,SMAP_L3_SM_P_20250715_R19240_003.h5,mm/day,cm^3/cm^3,52.84,MODERATE,"[""Heavy 1-day rainfall accumulation (58.6 mm/day)""]",PROTOTYPE OPERATIONAL TRIGGER PARAMETERS — REQUIRES REGIONAL SCIENTIFIC CALIBRATION
NER_PILOT_08,"Agartala, Tripura",Tripura,23.83,91.28,2025-07-15,4.914999485015869,65.15499544143677,164.00999784469604,,INVALID,N/A,INVALID_RETRIEVAL,VALID,INVALID_RETRIEVAL,PARTIAL_RAINFALL_ONLY,2025-07-15,0,3B-DAY.MS.MRG.3IMERG.20250715-S000000-E235959.V07B.nc4,SMAP_L3_SM_P_20250715_R19240_003.h5,mm/day,cm^3/cm^3,34.53,LOW,"[""Low overall dynamic environmental triggering pressure""]",PROTOTYPE OPERATIONAL TRIGGER PARAMETERS — REQUIRES REGIONAL SCIENTIFIC CALIBRATION
GSI_SITE_01,Kukinala slide (Hailakandi),Assam,24.27,92.5,2025-07-15,3.549999713897705,33.38499879837036,76.85999298095703,,INVALID,N/A,INVALID_RETRIEVAL,VALID,INVALID_RETRIEVAL,PARTIAL_RAINFALL_ONLY,2025-07-15,0,3B-DAY.MS.MRG.3IMERG.20250715-S000000-E235959.V07B.nc4,SMAP_L3_SM_P_20250715_R19240_003.h5,mm/day,cm^3/cm^3,17.36,LOW,"[""Low overall dynamic environmental triggering pressure""]",PROTOTYPE OPERATIONAL TRIGGER PARAMETERS — REQUIRES REGIONAL SCIENTIFIC CALIBRATION
GSI_SITE_02,Jalnachaura slide (Hailakandi),Assam,24.31,92.56,2025-07-15,10.445000648498535,35.60999917984009,70.40999937057495,,INVALID,N/A,INVALID_RETRIEVAL,VALID,INVALID_RETRIEVAL,PARTIAL_RAINFALL_ONLY,2025-07-15,0,3B-DAY.MS.MRG.3IMERG.20250715-S000000-E235959.V07B.nc4,SMAP_L3_SM_P_20250715_R19240_003.h5,mm/day,cm^3/cm^3,19.86,LOW,"[""Low overall dynamic environmental triggering pressure""]",PROTOTYPE OPERATIONAL TRIGGER PARAMETERS — REQUIRES REGIONAL SCIENTIFIC CALIBRATION
GSI_SITE_03,Nandagram slide (Hailakandi),Assam,24.32,92.51,2025-07-15,10.445000648498535,35.60999917984009,70.40999937057495,,INVALID,N/A,INVALID_RETRIEVAL,VALID,INVALID_RETRIEVAL,PARTIAL_RAINFALL_ONLY,2025-07-15,0,3B-DAY.MS.MRG.3IMERG.20250715-S000000-E235959.V07B.nc4,SMAP_L3_SM_P_20250715_R19240_003.h5,mm/day,cm^3/cm^3,19.86,LOW,"[""Low overall dynamic environmental triggering pressure""]",PROTOTYPE OPERATIONAL TRIGGER PARAMETERS — REQUIRES REGIONAL SCIENTIFIC CALIBRATION
GSI_SITE_04,Nishkar slide (Hailakandi),Assam,24.43,92.55,2025-07-15,9.449999809265137,38.76999807357788,63.16999530792236,,INVALID,N/A,INVALID_RETRIEVAL,VALID,INVALID_RETRIEVAL,PARTIAL_RAINFALL_ONLY,2025-07-15,0,3B-DAY.MS.MRG.3IMERG.20250715-S000000-E235959.V07B.nc4,SMAP_L3_SM_P_20250715_R19240_003.h5,mm/day,cm^3/cm^3,19.55,LOW,"[""Low overall dynamic environmental triggering pressure""]",PROTOTYPE OPERATIONAL TRIGGER PARAMETERS — REQUIRES REGIONAL SCIENTIFIC CALIBRATION
GSI_SITE_05,Paglacherra slide (Karimganj),Assam,24.44,92.5,2025-07-15,3.619999885559082,35.849998474121094,63.139997243881226,,INVALID,N/A,INVALID_RETRIEVAL,VALID,INVALID_RETRIEVAL,PARTIAL_RAINFALL_ONLY,2025-07-15,0,3B-DAY.MS.MRG.3IMERG.20250715-S000000-E235959.V07B.nc4,SMAP_L3_SM_P_20250715_R19240_003.h5,mm/day,cm^3/cm^3,16.63,LOW,"[""Low overall dynamic environmental triggering pressure""]",PROTOTYPE OPERATIONAL TRIGGER PARAMETERS — REQUIRES REGIONAL SCIENTIFIC CALIBRATION
GSI_SITE_06,Lalpani slide (Hailakandi),Assam,24.44,92.56,2025-07-15,9.449999809265137,38.76999807357788,63.16999530792236,,INVALID,N/A,INVALID_RETRIEVAL,VALID,INVALID_RETRIEVAL,PARTIAL_RAINFALL_ONLY,2025-07-15,0,3B-DAY.MS.MRG.3IMERG.20250715-S000000-E235959.V07B.nc4,SMAP_L3_SM_P_20250715_R19240_003.h5,mm/day,cm^3/cm^3,19.55,LOW,"[""Low overall dynamic environmental triggering pressure""]",PROTOTYPE OPERATIONAL TRIGGER PARAMETERS — REQUIRES REGIONAL SCIENTIFIC CALIBRATION
GSI_SITE_07,Garapunjislide (Hailakandi),Assam,24.46,92.52,2025-07-15,9.449999809265137,38.76999807357788,63.16999530792236,,INVALID,N/A,INVALID_RETRIEVAL,VALID,INVALID_RETRIEVAL,PARTIAL_RAINFALL_ONLY,2025-07-15,0,3B-DAY.MS.MRG.3IMERG.20250715-S000000-E235959.V07B.nc4,SMAP_L3_SM_P_20250715_R19240_003.h5,mm/day,cm^3/cm^3,19.55,LOW,"[""Low overall dynamic environmental triggering pressure""]",PROTOTYPE OPERATIONAL TRIGGER PARAMETERS — REQUIRES REGIONAL SCIENTIFIC CALIBRATION
NER_PILOT_01,"Gangtok, Sikkim",Sikkim,27.33,88.61,2025-07-16,7.264999866485596,40.66499996185303,69.9099988937378,0.20228837430477142,WARNING,PM_6PM,PM_NON_RECOMMENDED,VALID,VALID,COMPLETE,2025-07-16,0,3B-DAY.MS.MRG.3IMERG.20250716-S000000-E235959.V07B.nc4,SMAP_L3_SM_P_20250716_R19240_003.h5,mm/day,cm^3/cm^3,24.9,LOW,"[""Low overall dynamic environmental triggering pressure""]",PROTOTYPE OPERATIONAL TRIGGER PARAMETERS — REQUIRES REGIONAL SCIENTIFIC CALIBRATION
NER_PILOT_02,"Guwahati, Assam",Assam,26.14,91.73,2025-07-16,8.570000648498535,59.90999984741211,62.85999993979931,0.27070917189121246,WARNING,AM_PM_MEAN,AM_PM_NON_RECOMMENDED_MEAN,VALID,VALID,COMPLETE,2025-07-16,0,3B-DAY.MS.MRG.3IMERG.20250716-S000000-E235959.V07B.nc4,SMAP_L3_SM_P_20250716_R19240_003.h5,mm/day,cm^3/cm^3,31.61,LOW,"[""Low overall dynamic environmental triggering pressure""]",PROTOTYPE OPERATIONAL TRIGGER PARAMETERS — REQUIRES REGIONAL SCIENTIFIC CALIBRATION
NER_PILOT_03,"Shillong, Meghalaya",Meghalaya,25.57,91.88,2025-07-16,24.009994506835938,48.39999437332153,66.18499445915222,0.32896167039871216,HIGH,AM_PM_MEAN,AM_PM_RECOMMENDED_MEAN,VALID,VALID,COMPLETE,2025-07-16,0,3B-DAY.MS.MRG.3IMERG.20250716-S000000-E235959.V07B.nc4,SMAP_L3_SM_P_20250716_R19240_003.h5,mm/day,cm^3/cm^3,36.8,LOW,"[""High volumetric soil moisture saturation (0.329 cm\u00b3/cm\u00b3)""]",PROTOTYPE OPERATIONAL TRIGGER PARAMETERS — REQUIRES REGIONAL SCIENTIFIC CALIBRATION
NER_PILOT_04,"Aizawl, Mizoram",Mizoram,23.73,92.71,2025-07-16,7.594999313354492,63.42499494552612,67.26999488472939,,INVALID,N/A,INVALID_RETRIEVAL,VALID,INVALID_RETRIEVAL,PARTIAL_RAINFALL_ONLY,2025-07-16,0,3B-DAY.MS.MRG.3IMERG.20250716-S000000-E235959.V07B.nc4,SMAP_L3_SM_P_20250716_R19240_003.h5,mm/day,cm^3/cm^3,25.43,LOW,"[""Low overall dynamic environmental triggering pressure""]",PROTOTYPE OPERATIONAL TRIGGER PARAMETERS — REQUIRES REGIONAL SCIENTIFIC CALIBRATION
NER_PILOT_05,"Kohima, Nagaland",Nagaland,25.67,94.11,2025-07-16,5.335000038146973,14.8149995803833,23.50499951839447,,INVALID,N/A,INVALID_RETRIEVAL,VALID,INVALID_RETRIEVAL,PARTIAL_RAINFALL_ONLY,2025-07-16,0,3B-DAY.MS.MRG.3IMERG.20250716-S000000-E235959.V07B.nc4,SMAP_L3_SM_P_20250716_R19240_003.h5,mm/day,cm^3/cm^3,8.05,LOW,"[""Low overall dynamic environmental triggering pressure""]",PROTOTYPE OPERATIONAL TRIGGER PARAMETERS — REQUIRES REGIONAL SCIENTIFIC CALIBRATION
NER_PILOT_06,"Imphal, Manipur",Manipur,24.81,93.94,2025-07-16,1.4250000715255737,8.36500084400177,64.77999937534332,,INVALID,N/A,INVALID_RETRIEVAL,VALID,INVALID_RETRIEVAL,PARTIAL_RAINFALL_ONLY,2025-07-16,0,3B-DAY.MS.MRG.3IMERG.20250716-S000000-E235959.V07B.nc4,SMAP_L3_SM_P_20250716_R19240_003.h5,mm/day,cm^3/cm^3,9.1,LOW,"[""Low overall dynamic environmental triggering pressure""]",PROTOTYPE OPERATIONAL TRIGGER PARAMETERS — REQUIRES REGIONAL SCIENTIFIC CALIBRATION
NER_PILOT_07,"Itanagar, Arunachal Pradesh",Arunachal Pradesh,27.08,93.61,2025-07-16,9.325000762939453,92.29499816894531,99.18499827384949,,INVALID,N/A,INVALID_RETRIEVAL,VALID,INVALID_RETRIEVAL,PARTIAL_RAINFALL_ONLY,2025-07-16,0,3B-DAY.MS.MRG.3IMERG.20250716-S000000-E235959.V07B.nc4,SMAP_L3_SM_P_20250716_R19240_003.h5,mm/day,cm^3/cm^3,36.49,LOW,"[""Low overall dynamic environmental triggering pressure""]",PROTOTYPE OPERATIONAL TRIGGER PARAMETERS — REQUIRES REGIONAL SCIENTIFIC CALIBRATION
NER_PILOT_08,"Agartala, Tripura",Tripura,23.83,91.28,2025-07-16,18.14999771118164,42.019997119903564,118.86999464035034,0.4144448935985565,RECOMMENDED,PM_6PM,PM_RECOMMENDED,VALID,VALID,COMPLETE,2025-07-16,0,3B-DAY.MS.MRG.3IMERG.20250716-S000000-E235959.V07B.nc4,SMAP_L3_SM_P_20250716_R19240_003.h5,mm/day,cm^3/cm^3,41.78,MODERATE,"[""High volumetric soil moisture saturation (0.414 cm\u00b3/cm\u00b3)""]",PROTOTYPE OPERATIONAL TRIGGER PARAMETERS — REQUIRES REGIONAL SCIENTIFIC CALIBRATION
GSI_SITE_01,Kukinala slide (Hailakandi),Assam,24.27,92.5,2025-07-16,17.689998626708984,44.5299973487854,60.19999694824219,0.4144448935985565,RECOMMENDED,PM_6PM,PM_RECOMMENDED,VALID,VALID,COMPLETE,2025-07-16,0,3B-DAY.MS.MRG.3IMERG.20250716-S000000-E235959.V07B.nc4,SMAP_L3_SM_P_20250716_R19240_003.h5,mm/day,cm^3/cm^3,37.45,LOW,"[""High volumetric soil moisture saturation (0.414 cm\u00b3/cm\u00b3)""]",PROTOTYPE OPERATIONAL TRIGGER PARAMETERS — REQUIRES REGIONAL SCIENTIFIC CALIBRATION
GSI_SITE_02,Jalnachaura slide (Hailakandi),Assam,24.31,92.56,2025-07-16,42.779998779296875,72.49499797821045,84.06499814987183,0.4144448935985565,RECOMMENDED,PM_6PM,PM_RECOMMENDED,VALID,VALID,COMPLETE,2025-07-16,0,3B-DAY.MS.MRG.3IMERG.20250716-S000000-E235959.V07B.nc4,SMAP_L3_SM_P_20250716_R19240_003.h5,mm/day,cm^3/cm^3,52.48,MODERATE,"[""High volumetric soil moisture saturation (0.414 cm\u00b3/cm\u00b3)""]",PROTOTYPE OPERATIONAL TRIGGER PARAMETERS — REQUIRES REGIONAL SCIENTIFIC CALIBRATION
GSI_SITE_03,Nandagram slide (Hailakandi),Assam,24.32,92.51,2025-07-16,42.779998779296875,72.49499797821045,84.06499814987183,0.4144448935985565,RECOMMENDED,PM_6PM,PM_RECOMMENDED,VALID,VALID,COMPLETE,2025-07-16,0,3B-DAY.MS.MRG.3IMERG.20250716-S000000-E235959.V07B.nc4,SMAP_L3_SM_P_20250716_R19240_003.h5,mm/day,cm^3/cm^3,52.48,MODERATE,"[""High volumetric soil moisture saturation (0.414 cm\u00b3/cm\u00b3)""]",PROTOTYPE OPERATIONAL TRIGGER PARAMETERS — REQUIRES REGIONAL SCIENTIFIC CALIBRATION
GSI_SITE_04,Nishkar slide (Hailakandi),Assam,24.43,92.55,2025-07-16,46.099998474121094,77.5499963760376,90.02499675750732,0.4144448935985565,RECOMMENDED,PM_6PM,PM_RECOMMENDED,VALID,VALID,COMPLETE,2025-07-16,0,3B-DAY.MS.MRG.3IMERG.20250716-S000000-E235959.V07B.nc4,SMAP_L3_SM_P_20250716_R19240_003.h5,mm/day,cm^3/cm^3,54.96,MODERATE,"[""High volumetric soil moisture saturation (0.414 cm\u00b3/cm\u00b3)""]",PROTOTYPE OPERATIONAL TRIGGER PARAMETERS — REQUIRES REGIONAL SCIENTIFIC CALIBRATION
GSI_SITE_05,Paglacherra slide (Karimganj),Assam,24.44,92.5,2025-07-16,35.47999954223633,64.25999927520752,75.58999800682068,0.4144448935985565,RECOMMENDED,PM_6PM,PM_RECOMMENDED,VALID,VALID,COMPLETE,2025-07-16,0,3B-DAY.MS.MRG.3IMERG.20250716-S000000-E235959.V07B.nc4,SMAP_L3_SM_P_20250716_R19240_003.h5,mm/day,cm^3/cm^3,47.96,MODERATE,"[""High volumetric soil moisture saturation (0.414 cm\u00b3/cm\u00b3)""]",PROTOTYPE OPERATIONAL TRIGGER PARAMETERS — REQUIRES REGIONAL SCIENTIFIC CALIBRATION
GSI_SITE_06,Lalpani slide (Hailakandi),Assam,24.44,92.56,2025-07-16,46.099998474121094,77.5499963760376,90.02499675750732,0.4144448935985565,RECOMMENDED,PM_6PM,PM_RECOMMENDED,VALID,VALID,COMPLETE,2025-07-16,0,3B-DAY.MS.MRG.3IMERG.20250716-S000000-E235959.V07B.nc4,SMAP_L3_SM_P_20250716_R19240_003.h5,mm/day,cm^3/cm^3,54.96,MODERATE,"[""High volumetric soil moisture saturation (0.414 cm\u00b3/cm\u00b3)""]",PROTOTYPE OPERATIONAL TRIGGER PARAMETERS — REQUIRES REGIONAL SCIENTIFIC CALIBRATION
GSI_SITE_07,Garapunjislide (Hailakandi),Assam,24.46,92.52,2025-07-16,46.099998474121094,77.5499963760376,90.02499675750732,0.4628731906414032,RECOMMENDED,PM_6PM,PM_RECOMMENDED,VALID,VALID,COMPLETE,2025-07-16,0,3B-DAY.MS.MRG.3IMERG.20250716-S000000-E235959.V07B.nc4,SMAP_L3_SM_P_20250716_R19240_003.h5,mm/day,cm^3/cm^3,56.54,MODERATE,"[""High volumetric soil moisture saturation (0.463 cm\u00b3/cm\u00b3)""]",PROTOTYPE OPERATIONAL TRIGGER PARAMETERS — REQUIRES REGIONAL SCIENTIFIC CALIBRATION
NER_PILOT_01,"Gangtok, Sikkim",Sikkim,27.33,88.61,2025-07-17,0.2499999850988388,10.664999946951866,65.35499905049801,,INVALID,N/A,INVALID_RETRIEVAL,VALID,INVALID_RETRIEVAL,PARTIAL_RAINFALL_ONLY,2025-07-17,0,3B-DAY.MS.MRG.3IMERG.20250717-S000000-E235959.V07B.nc4,SMAP_L3_SM_P_20250717_R19240_001.h5,mm/day,cm^3/cm^3,9.3,LOW,"[""Low overall dynamic environmental triggering pressure""]",PROTOTYPE OPERATIONAL TRIGGER PARAMETERS — REQUIRES REGIONAL SCIENTIFIC CALIBRATION
NER_PILOT_02,"Guwahati, Assam",Assam,26.14,91.73,2025-07-17,0.3149999976158142,20.759999692440033,61.514999851584435,,INVALID,N/A,INVALID_RETRIEVAL,VALID,INVALID_RETRIEVAL,PARTIAL_RAINFALL_ONLY,2025-07-17,0,3B-DAY.MS.MRG.3IMERG.20250717-S000000-E235959.V07B.nc4,SMAP_L3_SM_P_20250717_R19240_001.h5,mm/day,cm^3/cm^3,11.46,LOW,"[""Low overall dynamic environmental triggering pressure""]",PROTOTYPE OPERATIONAL TRIGGER PARAMETERS — REQUIRES REGIONAL SCIENTIFIC CALIBRATION
NER_PILOT_03,"Shillong, Meghalaya",Meghalaya,25.57,91.88,2025-07-17,1.804999828338623,30.6249942779541,64.40499448776245,,INVALID,N/A,INVALID_RETRIEVAL,VALID,INVALID_RETRIEVAL,PARTIAL_RAINFALL_ONLY,2025-07-17,0,3B-DAY.MS.MRG.3IMERG.20250717-S000000-E235959.V07B.nc4,SMAP_L3_SM_P_20250717_R19240_001.h5,mm/day,cm^3/cm^3,14.77,LOW,"[""Low overall dynamic environmental triggering pressure""]",PROTOTYPE OPERATIONAL TRIGGER PARAMETERS — REQUIRES REGIONAL SCIENTIFIC CALIBRATION
NER_PILOT_04,"Aizawl, Mizoram",Mizoram,23.73,92.71,2025-07-17,1.9950001239776611,10.814999341964722,68.03999498486519,,INVALID,N/A,INVALID_RETRIEVAL,VALID,INVALID_RETRIEVAL,PARTIAL_RAINFALL_ONLY,2025-07-17,0,3B-DAY.MS.MRG.3IMERG.20250717-S000000-E235959.V07B.nc4,SMAP_L3_SM_P_20250717_R19240_001.h5,mm/day,cm^3/cm^3,10.26,LOW,"[""Low overall dynamic environmental triggering pressure""]",PROTOTYPE OPERATIONAL TRIGGER PARAMETERS — REQUIRES REGIONAL SCIENTIFIC CALIBRATION
NER_PILOT_05,"Kohima, Nagaland",Nagaland,25.67,94.11,2025-07-17,0.0,9.40999984741211,22.309999465942383,,INVALID,N/A,INVALID_RETRIEVAL,VALID,INVALID_RETRIEVAL,PARTIAL_RAINFALL_ONLY,2025-07-17,0,3B-DAY.MS.MRG.3IMERG.20250717-S000000-E235959.V07B.nc4,SMAP_L3_SM_P_20250717_R19240_001.h5,mm/day,cm^3/cm^3,4.58,LOW,"[""Low overall dynamic environmental triggering pressure""]",PROTOTYPE OPERATIONAL TRIGGER PARAMETERS — REQUIRES REGIONAL SCIENTIFIC CALIBRATION
NER_PILOT_06,"Imphal, Manipur",Manipur,24.81,93.94,2025-07-17,1.190000057220459,4.9400001764297485,64.02999937534332,,INVALID,N/A,INVALID_RETRIEVAL,VALID,INVALID_RETRIEVAL,PARTIAL_RAINFALL_ONLY,2025-07-17,0,3B-DAY.MS.MRG.3IMERG.20250717-S000000-E235959.V07B.nc4,SMAP_L3_SM_P_20250717_R19240_001.h5,mm/day,cm^3/cm^3,8.08,LOW,"[""Low overall dynamic environmental triggering pressure""]",PROTOTYPE OPERATIONAL TRIGGER PARAMETERS — REQUIRES REGIONAL SCIENTIFIC CALIBRATION
NER_PILOT_07,"Itanagar, Arunachal Pradesh",Arunachal Pradesh,27.08,93.61,2025-07-17,4.839999675750732,72.79499769210815,102.22499775886536,,INVALID,N/A,INVALID_RETRIEVAL,VALID,INVALID_RETRIEVAL,PARTIAL_RAINFALL_ONLY,2025-07-17,0,3B-DAY.MS.MRG.3IMERG.20250717-S000000-E235959.V07B.nc4,SMAP_L3_SM_P_20250717_R19240_001.h5,mm/day,cm^3/cm^3,30.24,LOW,"[""Low overall dynamic environmental triggering pressure""]",PROTOTYPE OPERATIONAL TRIGGER PARAMETERS — REQUIRES REGIONAL SCIENTIFIC CALIBRATION
NER_PILOT_08,"Agartala, Tripura",Tripura,23.83,91.28,2025-07-17,36.310001373291016,59.374998569488525,134.17499494552612,,INVALID,N/A,INVALID_RETRIEVAL,VALID,INVALID_RETRIEVAL,PARTIAL_RAINFALL_ONLY,2025-07-17,0,3B-DAY.MS.MRG.3IMERG.20250717-S000000-E235959.V07B.nc4,SMAP_L3_SM_P_20250717_R19240_001.h5,mm/day,cm^3/cm^3,41.88,MODERATE,"[""Low overall dynamic environmental triggering pressure""]",PROTOTYPE OPERATIONAL TRIGGER PARAMETERS — REQUIRES REGIONAL SCIENTIFIC CALIBRATION
GSI_SITE_01,Kukinala slide (Hailakandi),Assam,24.27,92.5,2025-07-17,18.69499969482422,39.93499803543091,76.01499652862549,,INVALID,N/A,INVALID_RETRIEVAL,VALID,INVALID_RETRIEVAL,PARTIAL_RAINFALL_ONLY,2025-07-17,0,3B-DAY.MS.MRG.3IMERG.20250717-S000000-E235959.V07B.nc4,SMAP_L3_SM_P_20250717_R19240_001.h5,mm/day,cm^3/cm^3,24.6,LOW,"[""Low overall dynamic environmental triggering pressure""]",PROTOTYPE OPERATIONAL TRIGGER PARAMETERS — REQUIRES REGIONAL SCIENTIFIC CALIBRATION
GSI_SITE_02,Jalnachaura slide (Hailakandi),Assam,24.31,92.56,2025-07-17,17.209999084472656,70.43499851226807,97.81499719619751,,INVALID,N/A,INVALID_RETRIEVAL,VALID,INVALID_RETRIEVAL,PARTIAL_RAINFALL_ONLY,2025-07-17,0,3B-DAY.MS.MRG.3IMERG.20250717-S000000-E235959.V07B.nc4,SMAP_L3_SM_P_20250717_R19240_001.h5,mm/day,cm^3/cm^3,33.84,LOW,"[""Low overall dynamic environmental triggering pressure""]",PROTOTYPE OPERATIONAL TRIGGER PARAMETERS — REQUIRES REGIONAL SCIENTIFIC CALIBRATION
GSI_SITE_03,Nandagram slide (Hailakandi),Assam,24.32,92.51,2025-07-17,17.209999084472656,70.43499851226807,97.81499719619751,,INVALID,N/A,INVALID_RETRIEVAL,VALID,INVALID_RETRIEVAL,PARTIAL_RAINFALL_ONLY,2025-07-17,0,3B-DAY.MS.MRG.3IMERG.20250717-S000000-E235959.V07B.nc4,SMAP_L3_SM_P_20250717_R19240_001.h5,mm/day,cm^3/cm^3,33.84,LOW,"[""Low overall dynamic environmental triggering pressure""]",PROTOTYPE OPERATIONAL TRIGGER PARAMETERS — REQUIRES REGIONAL SCIENTIFIC CALIBRATION
GSI_SITE_04,Nishkar slide (Hailakandi),Assam,24.43,92.55,2025-07-17,8.859999656677246,64.40999794006348,95.10999631881714,,INVALID,N/A,INVALID_RETRIEVAL,VALID,INVALID_RETRIEVAL,PARTIAL_RAINFALL_ONLY,2025-07-17,0,3B-DAY.MS.MRG.3IMERG.20250717-S000000-E235959.V07B.nc4,SMAP_L3_SM_P_20250717_R19240_001.h5,mm/day,cm^3/cm^3,28.94,LOW,"[""Low overall dynamic environmental triggering pressure""]",PROTOTYPE OPERATIONAL TRIGGER PARAMETERS — REQUIRES REGIONAL SCIENTIFIC CALIBRATION
GSI_SITE_05,Paglacherra slide (Karimganj),Assam,24.44,92.5,2025-07-17,13.795000076293945,52.894999504089355,86.79499816894531,,INVALID,N/A,INVALID_RETRIEVAL,VALID,INVALID_RETRIEVAL,PARTIAL_RAINFALL_ONLY,2025-07-17,0,3B-DAY.MS.MRG.3IMERG.20250717-S000000-E235959.V07B.nc4,SMAP_L3_SM_P_20250717_R19240_001.h5,mm/day,cm^3/cm^3,27.08,LOW,"[""Low overall dynamic environmental triggering pressure""]",PROTOTYPE OPERATIONAL TRIGGER PARAMETERS — REQUIRES REGIONAL SCIENTIFIC CALIBRATION
GSI_SITE_06,Lalpani slide (Hailakandi),Assam,24.44,92.56,2025-07-17,8.859999656677246,64.40999794006348,95.10999631881714,,INVALID,N/A,INVALID_RETRIEVAL,VALID,INVALID_RETRIEVAL,PARTIAL_RAINFALL_ONLY,2025-07-17,0,3B-DAY.MS.MRG.3IMERG.20250717-S000000-E235959.V07B.nc4,SMAP_L3_SM_P_20250717_R19240_001.h5,mm/day,cm^3/cm^3,28.94,LOW,"[""Low overall dynamic environmental triggering pressure""]",PROTOTYPE OPERATIONAL TRIGGER PARAMETERS — REQUIRES REGIONAL SCIENTIFIC CALIBRATION
GSI_SITE_07,Garapunjislide (Hailakandi),Assam,24.46,92.52,2025-07-17,8.859999656677246,64.40999794006348,95.10999631881714,,INVALID,N/A,INVALID_RETRIEVAL,VALID,INVALID_RETRIEVAL,PARTIAL_RAINFALL_ONLY,2025-07-17,0,3B-DAY.MS.MRG.3IMERG.20250717-S000000-E235959.V07B.nc4,SMAP_L3_SM_P_20250717_R19240_001.h5,mm/day,cm^3/cm^3,28.94,LOW,"[""Low overall dynamic environmental triggering pressure""]",PROTOTYPE OPERATIONAL TRIGGER PARAMETERS — REQUIRES REGIONAL SCIENTIFIC CALIBRATION
NER_PILOT_01,"Gangtok, Sikkim",Sikkim,27.33,88.61,2025-07-18,3.424999952316284,10.939999803900719,64.76999925076962,0.18461917340755463,WARNING,AM_PM_MEAN,AM_PM_NON_RECOMMENDED_MEAN,VALID,VALID,COMPLETE,2025-07-18,0,3B-DAY.MS.MRG.3IMERG.20250718-S000000-E235959.V07B.nc4,SMAP_L3_SM_P_20250718_R19240_001.h5,mm/day,cm^3/cm^3,16.6,LOW,"[""Low overall dynamic environmental triggering pressure""]",PROTOTYPE OPERATIONAL TRIGGER PARAMETERS — REQUIRES REGIONAL SCIENTIFIC CALIBRATION
NER_PILOT_02,"Guwahati, Assam",Assam,26.14,91.73,2025-07-18,0.7400000095367432,9.625000655651093,62.25499986112118,0.29591211676597595,WARNING,PM_6PM,PM_NON_RECOMMENDED,VALID,VALID,COMPLETE,2025-07-18,0,3B-DAY.MS.MRG.3IMERG.20250718-S000000-E235959.V07B.nc4,SMAP_L3_SM_P_20250718_R19240_001.h5,mm/day,cm^3/cm^3,20.28,LOW,"[""Low overall dynamic environmental triggering pressure""]",PROTOTYPE OPERATIONAL TRIGGER PARAMETERS — REQUIRES REGIONAL SCIENTIFIC CALIBRATION
NER_PILOT_03,"Shillong, Meghalaya",Meghalaya,25.57,91.88,2025-07-18,4.450000286102295,30.264994621276855,62.34499454498291,0.2687374949455261,HIGH,AM_PM_MEAN,AM_PM_RECOMMENDED_MEAN,VALID,VALID,COMPLETE,2025-07-18,0,3B-DAY.MS.MRG.3IMERG.20250718-S000000-E235959.V07B.nc4,SMAP_L3_SM_P_20250718_R19240_001.h5,mm/day,cm^3/cm^3,24.32,LOW,"[""Low overall dynamic environmental triggering pressure""]",PROTOTYPE OPERATIONAL TRIGGER PARAMETERS — REQUIRES REGIONAL SCIENTIFIC CALIBRATION
NER_PILOT_04,"Aizawl, Mizoram",Mizoram,23.73,92.71,2025-07-18,1.4249999523162842,11.014999389648438,69.25999492406845,0.07008597999811172,WARNING,AM_6AM,AM_NON_RECOMMENDED,VALID,VALID,COMPLETE,2025-07-18,0,3B-DAY.MS.MRG.3IMERG.20250718-S000000-E235959.V07B.nc4,SMAP_L3_SM_P_20250718_R19240_001.h5,mm/day,cm^3/cm^3,11.29,LOW,"[""Low overall dynamic environmental triggering pressure""]",PROTOTYPE OPERATIONAL TRIGGER PARAMETERS — REQUIRES REGIONAL SCIENTIFIC CALIBRATION
NER_PILOT_05,"Kohima, Nagaland",Nagaland,25.67,94.11,2025-07-18,0.7400000095367432,6.075000047683716,23.049999475479126,0.08381012082099915,WARNING,PM_6PM,PM_NON_RECOMMENDED,VALID,VALID,COMPLETE,2025-07-18,0,3B-DAY.MS.MRG.3IMERG.20250718-S000000-E235959.V07B.nc4,SMAP_L3_SM_P_20250718_R19240_001.h5,mm/day,cm^3/cm^3,7.01,LOW,"[""Low overall dynamic environmental triggering pressure""]",PROTOTYPE OPERATIONAL TRIGGER PARAMETERS — REQUIRES REGIONAL SCIENTIFIC CALIBRATION
NER_PILOT_06,"Imphal, Manipur",Manipur,24.81,93.94,2025-07-18,4.2699995040893555,6.884999632835388,36.88999903202057,0.034897513687610626,WARNING,AM_6AM,AM_NON_RECOMMENDED,VALID,VALID,COMPLETE,2025-07-18,0,3B-DAY.MS.MRG.3IMERG.20250718-S000000-E235959.V07B.nc4,SMAP_L3_SM_P_20250718_R19240_001.h5,mm/day,cm^3/cm^3,7.16,LOW,"[""Low overall dynamic environmental triggering pressure""]",PROTOTYPE OPERATIONAL TRIGGER PARAMETERS — REQUIRES REGIONAL SCIENTIFIC CALIBRATION
NER_PILOT_07,"Itanagar, Arunachal Pradesh",Arunachal Pradesh,27.08,93.61,2025-07-18,4.75499963760376,18.920000076293945,106.85499739646912,0.12472665309906006,WARNING,PM_6PM,PM_NON_RECOMMENDED,VALID,VALID,COMPLETE,2025-07-18,0,3B-DAY.MS.MRG.3IMERG.20250718-S000000-E235959.V07B.nc4,SMAP_L3_SM_P_20250718_R19240_001.h5,mm/day,cm^3/cm^3,19.3,LOW,"[""Low overall dynamic environmental triggering pressure""]",PROTOTYPE OPERATIONAL TRIGGER PARAMETERS — REQUIRES REGIONAL SCIENTIFIC CALIBRATION
NER_PILOT_08,"Agartala, Tripura",Tripura,23.83,91.28,2025-07-18,0.19999998807907104,54.65999907255173,134.3749949336052,0.4873134195804596,RECOMMENDED,PM_6PM,PM_RECOMMENDED,VALID,VALID,COMPLETE,2025-07-18,0,3B-DAY.MS.MRG.3IMERG.20250718-S000000-E235959.V07B.nc4,SMAP_L3_SM_P_20250718_R19240_001.h5,mm/day,cm^3/cm^3,41.74,MODERATE,"[""High volumetric soil moisture saturation (0.487 cm\u00b3/cm\u00b3)""]",PROTOTYPE OPERATIONAL TRIGGER PARAMETERS — REQUIRES REGIONAL SCIENTIFIC CALIBRATION
GSI_SITE_01,Kukinala slide (Hailakandi),Assam,24.27,92.5,2025-07-18,0.1599999964237213,36.544998317956924,69.92999711632729,0.4873134195804596,RECOMMENDED,PM_6PM,PM_RECOMMENDED,VALID,VALID,COMPLETE,2025-07-18,0,3B-DAY.MS.MRG.3IMERG.20250718-S000000-E235959.V07B.nc4,SMAP_L3_SM_P_20250718_R19240_001.h5,mm/day,cm^3/cm^3,32.95,LOW,"[""High volumetric soil moisture saturation (0.487 cm\u00b3/cm\u00b3)""]",PROTOTYPE OPERATIONAL TRIGGER PARAMETERS — REQUIRES REGIONAL SCIENTIFIC CALIBRATION
GSI_SITE_02,Jalnachaura slide (Hailakandi),Assam,24.31,92.56,2025-07-18,0.09999999403953552,60.08999785780907,95.69999703764915,0.4873134195804596,RECOMMENDED,PM_6PM,PM_RECOMMENDED,VALID,VALID,COMPLETE,2025-07-18,0,3B-DAY.MS.MRG.3IMERG.20250718-S000000-E235959.V07B.nc4,SMAP_L3_SM_P_20250718_R19240_001.h5,mm/day,cm^3/cm^3,39.7,LOW,"[""High volumetric soil moisture saturation (0.487 cm\u00b3/cm\u00b3)""]",PROTOTYPE OPERATIONAL TRIGGER PARAMETERS — REQUIRES REGIONAL SCIENTIFIC CALIBRATION
GSI_SITE_03,Nandagram slide (Hailakandi),Assam,24.32,92.51,2025-07-18,0.09999999403953552,60.08999785780907,95.69999703764915,0.4873134195804596,RECOMMENDED,PM_6PM,PM_RECOMMENDED,VALID,VALID,COMPLETE,2025-07-18,0,3B-DAY.MS.MRG.3IMERG.20250718-S000000-E235959.V07B.nc4,SMAP_L3_SM_P_20250718_R19240_001.h5,mm/day,cm^3/cm^3,39.7,LOW,"[""High volumetric soil moisture saturation (0.487 cm\u00b3/cm\u00b3)""]",PROTOTYPE OPERATIONAL TRIGGER PARAMETERS — REQUIRES REGIONAL SCIENTIFIC CALIBRATION
GSI_SITE_04,Nishkar slide (Hailakandi),Assam,24.43,92.55,2025-07-18,0.7300000190734863,55.689998149871826,94.4599962234497,0.4873134195804596,RECOMMENDED,PM_6PM,PM_RECOMMENDED,VALID,VALID,COMPLETE,2025-07-18,0,3B-DAY.MS.MRG.3IMERG.20250718-S000000-E235959.V07B.nc4,SMAP_L3_SM_P_20250718_R19240_001.h5,mm/day,cm^3/cm^3,38.91,LOW,"[""High volumetric soil moisture saturation (0.487 cm\u00b3/cm\u00b3)""]",PROTOTYPE OPERATIONAL TRIGGER PARAMETERS — REQUIRES REGIONAL SCIENTIFIC CALIBRATION
GSI_SITE_05,Paglacherra slide (Karimganj),Assam,24.44,92.5,2025-07-18,0.3699999749660492,49.64499959349632,85.49499806761742,0.4873134195804596,RECOMMENDED,PM_6PM,PM_RECOMMENDED,VALID,VALID,COMPLETE,2025-07-18,0,3B-DAY.MS.MRG.3IMERG.20250718-S000000-E235959.V07B.nc4,SMAP_L3_SM_P_20250718_R19240_001.h5,mm/day,cm^3/cm^3,36.88,LOW,"[""High volumetric soil moisture saturation (0.487 cm\u00b3/cm\u00b3)""]",PROTOTYPE OPERATIONAL TRIGGER PARAMETERS — REQUIRES REGIONAL SCIENTIFIC CALIBRATION
GSI_SITE_06,Lalpani slide (Hailakandi),Assam,24.44,92.56,2025-07-18,0.7300000190734863,55.689998149871826,94.4599962234497,0.4873134195804596,RECOMMENDED,PM_6PM,PM_RECOMMENDED,VALID,VALID,COMPLETE,2025-07-18,0,3B-DAY.MS.MRG.3IMERG.20250718-S000000-E235959.V07B.nc4,SMAP_L3_SM_P_20250718_R19240_001.h5,mm/day,cm^3/cm^3,38.91,LOW,"[""High volumetric soil moisture saturation (0.487 cm\u00b3/cm\u00b3)""]",PROTOTYPE OPERATIONAL TRIGGER PARAMETERS — REQUIRES REGIONAL SCIENTIFIC CALIBRATION
GSI_SITE_07,Garapunjislide (Hailakandi),Assam,24.46,92.52,2025-07-18,0.7300000190734863,55.689998149871826,94.4599962234497,0.34833821654319763,RECOMMENDED,AM_6AM,AM_RECOMMENDED,VALID,VALID,COMPLETE,2025-07-18,0,3B-DAY.MS.MRG.3IMERG.20250718-S000000-E235959.V07B.nc4,SMAP_L3_SM_P_20250718_R19240_001.h5,mm/day,cm^3/cm^3,34.4,LOW,"[""High volumetric soil moisture saturation (0.348 cm\u00b3/cm\u00b3)""]",PROTOTYPE OPERATIONAL TRIGGER PARAMETERS — REQUIRES REGIONAL SCIENTIFIC CALIBRATION
NER_PILOT_01,"Gangtok, Sikkim",Sikkim,27.33,88.61,2025-07-19,41.96000289916992,45.635002836585045,94.41000245511532,0.2085031121969223,WARNING,PM_6PM,PM_NON_RECOMMENDED,VALID,VALID,COMPLETE,2025-07-19,0,3B-DAY.MS.MRG.3IMERG.20250719-S000000-E235959.V07B.nc4,SMAP_L3_SM_P_20250719_R19240_001.h5,mm/day,cm^3/cm^3,38.53,LOW,"[""Low overall dynamic environmental triggering pressure""]",PROTOTYPE OPERATIONAL TRIGGER PARAMETERS — REQUIRES REGIONAL SCIENTIFIC CALIBRATION
NER_PILOT_02,"Guwahati, Assam",Assam,26.14,91.73,2025-07-19,4.910000324249268,5.965000331401825,66.0500001758337,,INVALID,N/A,INVALID_RETRIEVAL,VALID,INVALID_RETRIEVAL,PARTIAL_RAINFALL_ONLY,2025-07-19,0,3B-DAY.MS.MRG.3IMERG.20250719-S000000-E235959.V07B.nc4,SMAP_L3_SM_P_20250719_R19240_001.h5,mm/day,cm^3/cm^3,9.94,LOW,"[""Low overall dynamic environmental triggering pressure""]",PROTOTYPE OPERATIONAL TRIGGER PARAMETERS — REQUIRES REGIONAL SCIENTIFIC CALIBRATION
NER_PILOT_03,"Shillong, Meghalaya",Meghalaya,25.57,91.88,2025-07-19,17.67500114440918,23.930001258850098,74.29499530792236,,INVALID,N/A,INVALID_RETRIEVAL,VALID,INVALID_RETRIEVAL,PARTIAL_RAINFALL_ONLY,2025-07-19,0,3B-DAY.MS.MRG.3IMERG.20250719-S000000-E235959.V07B.nc4,SMAP_L3_SM_P_20250719_R19240_001.h5,mm/day,cm^3/cm^3,20.04,LOW,"[""Low overall dynamic environmental triggering pressure""]",PROTOTYPE OPERATIONAL TRIGGER PARAMETERS — REQUIRES REGIONAL SCIENTIFIC CALIBRATION
NER_PILOT_04,"Aizawl, Mizoram",Mizoram,23.73,92.71,2025-07-19,49.894996643066406,53.31499671936035,117.1999916434288,,INVALID,N/A,INVALID_RETRIEVAL,VALID,INVALID_RETRIEVAL,PARTIAL_RAINFALL_ONLY,2025-07-19,0,3B-DAY.MS.MRG.3IMERG.20250719-S000000-E235959.V07B.nc4,SMAP_L3_SM_P_20250719_R19240_001.h5,mm/day,cm^3/cm^3,43.76,MODERATE,"[""Low overall dynamic environmental triggering pressure""]",PROTOTYPE OPERATIONAL TRIGGER PARAMETERS — REQUIRES REGIONAL SCIENTIFIC CALIBRATION
NER_PILOT_05,"Kohima, Nagaland",Nagaland,25.67,94.11,2025-07-19,3.2749993801116943,4.0149993896484375,21.689998626708984,,INVALID,N/A,INVALID_RETRIEVAL,VALID,INVALID_RETRIEVAL,PARTIAL_RAINFALL_ONLY,2025-07-19,0,3B-DAY.MS.MRG.3IMERG.20250719-S000000-E235959.V07B.nc4,SMAP_L3_SM_P_20250719_R19240_001.h5,mm/day,cm^3/cm^3,4.4,LOW,"[""Low overall dynamic environmental triggering pressure""]",PROTOTYPE OPERATIONAL TRIGGER PARAMETERS — REQUIRES REGIONAL SCIENTIFIC CALIBRATION
NER_PILOT_06,"Imphal, Manipur",Manipur,24.81,93.94,2025-07-19,7.119999885559082,12.579999446868896,22.945000290870667,,INVALID,N/A,INVALID_RETRIEVAL,VALID,INVALID_RETRIEVAL,PARTIAL_RAINFALL_ONLY,2025-07-19,0,3B-DAY.MS.MRG.3IMERG.20250719-S000000-E235959.V07B.nc4,SMAP_L3_SM_P_20250719_R19240_001.h5,mm/day,cm^3/cm^3,8.11,LOW,"[""Low overall dynamic environmental triggering pressure""]",PROTOTYPE OPERATIONAL TRIGGER PARAMETERS — REQUIRES REGIONAL SCIENTIFIC CALIBRATION
NER_PILOT_07,"Itanagar, Arunachal Pradesh",Arunachal Pradesh,27.08,93.61,2025-07-19,43.51000213623047,53.10500144958496,147.45999956130981,,INVALID,N/A,INVALID_RETRIEVAL,VALID,INVALID_RETRIEVAL,PARTIAL_RAINFALL_ONLY,2025-07-19,0,3B-DAY.MS.MRG.3IMERG.20250719-S000000-E235959.V07B.nc4,SMAP_L3_SM_P_20250719_R19240_001.h5,mm/day,cm^3/cm^3,44.34,MODERATE,"[""Low overall dynamic environmental triggering pressure""]",PROTOTYPE OPERATIONAL TRIGGER PARAMETERS — REQUIRES REGIONAL SCIENTIFIC CALIBRATION
NER_PILOT_08,"Agartala, Tripura",Tripura,23.83,91.28,2025-07-19,1.440000057220459,37.950001418590546,121.25499457120895,,INVALID,N/A,INVALID_RETRIEVAL,VALID,INVALID_RETRIEVAL,PARTIAL_RAINFALL_ONLY,2025-07-19,0,3B-DAY.MS.MRG.3IMERG.20250719-S000000-E235959.V07B.nc4,SMAP_L3_SM_P_20250719_R19240_001.h5,mm/day,cm^3/cm^3,22.15,LOW,"[""Low overall dynamic environmental triggering pressure""]",PROTOTYPE OPERATIONAL TRIGGER PARAMETERS — REQUIRES REGIONAL SCIENTIFIC CALIBRATION
GSI_SITE_01,Kukinala slide (Hailakandi),Assam,24.27,92.5,2025-07-19,4.545000076293945,23.399999767541885,74.47499719262123,,INVALID,N/A,INVALID_RETRIEVAL,VALID,INVALID_RETRIEVAL,PARTIAL_RAINFALL_ONLY,2025-07-19,0,3B-DAY.MS.MRG.3IMERG.20250719-S000000-E235959.V07B.nc4,SMAP_L3_SM_P_20250719_R19240_001.h5,mm/day,cm^3/cm^3,15.0,LOW,"[""Low overall dynamic environmental triggering pressure""]",PROTOTYPE OPERATIONAL TRIGGER PARAMETERS — REQUIRES REGIONAL SCIENTIFIC CALIBRATION
GSI_SITE_02,Jalnachaura slide (Hailakandi),Assam,24.31,92.56,2025-07-19,2.5999996662139893,19.90999874472618,98.29999670386314,,INVALID,N/A,INVALID_RETRIEVAL,VALID,INVALID_RETRIEVAL,PARTIAL_RAINFALL_ONLY,2025-07-19,0,3B-DAY.MS.MRG.3IMERG.20250719-S000000-E235959.V07B.nc4,SMAP_L3_SM_P_20250719_R19240_001.h5,mm/day,cm^3/cm^3,15.78,LOW,"[""Low overall dynamic environmental triggering pressure""]",PROTOTYPE OPERATIONAL TRIGGER PARAMETERS — REQUIRES REGIONAL SCIENTIFIC CALIBRATION
GSI_SITE_03,Nandagram slide (Hailakandi),Assam,24.32,92.51,2025-07-19,2.5999996662139893,19.90999874472618,98.29999670386314,,INVALID,N/A,INVALID_RETRIEVAL,VALID,INVALID_RETRIEVAL,PARTIAL_RAINFALL_ONLY,2025-07-19,0,3B-DAY.MS.MRG.3IMERG.20250719-S000000-E235959.V07B.nc4,SMAP_L3_SM_P_20250719_R19240_001.h5,mm/day,cm^3/cm^3,15.78,LOW,"[""Low overall dynamic environmental triggering pressure""]",PROTOTYPE OPERATIONAL TRIGGER PARAMETERS — REQUIRES REGIONAL SCIENTIFIC CALIBRATION
GSI_SITE_04,Nishkar slide (Hailakandi),Assam,24.43,92.55,2025-07-19,1.809999942779541,11.399999618530273,96.26999616622925,,INVALID,N/A,INVALID_RETRIEVAL,VALID,INVALID_RETRIEVAL,PARTIAL_RAINFALL_ONLY,2025-07-19,0,3B-DAY.MS.MRG.3IMERG.20250719-S000000-E235959.V07B.nc4,SMAP_L3_SM_P_20250719_R19240_001.h5,mm/day,cm^3/cm^3,13.16,LOW,"[""Low overall dynamic environmental triggering pressure""]",PROTOTYPE OPERATIONAL TRIGGER PARAMETERS — REQUIRES REGIONAL SCIENTIFIC CALIBRATION
GSI_SITE_05,Paglacherra slide (Karimganj),Assam,24.44,92.5,2025-07-19,1.4600000381469727,15.625000089406967,86.95499810576439,,INVALID,N/A,INVALID_RETRIEVAL,VALID,INVALID_RETRIEVAL,PARTIAL_RAINFALL_ONLY,2025-07-19,0,3B-DAY.MS.MRG.3IMERG.20250719-S000000-E235959.V07B.nc4,SMAP_L3_SM_P_20250719_R19240_001.h5,mm/day,cm^3/cm^3,13.15,LOW,"[""Low overall dynamic environmental triggering pressure""]",PROTOTYPE OPERATIONAL TRIGGER PARAMETERS — REQUIRES REGIONAL SCIENTIFIC CALIBRATION
GSI_SITE_06,Lalpani slide (Hailakandi),Assam,24.44,92.56,2025-07-19,1.809999942779541,11.399999618530273,96.26999616622925,,INVALID,N/A,INVALID_RETRIEVAL,VALID,INVALID_RETRIEVAL,PARTIAL_RAINFALL_ONLY,2025-07-19,0,3B-DAY.MS.MRG.3IMERG.20250719-S000000-E235959.V07B.nc4,SMAP_L3_SM_P_20250719_R19240_001.h5,mm/day,cm^3/cm^3,13.16,LOW,"[""Low overall dynamic environmental triggering pressure""]",PROTOTYPE OPERATIONAL TRIGGER PARAMETERS — REQUIRES REGIONAL SCIENTIFIC CALIBRATION
GSI_SITE_07,Garapunjislide (Hailakandi),Assam,24.46,92.52,2025-07-19,1.809999942779541,11.399999618530273,96.26999616622925,,INVALID,N/A,INVALID_RETRIEVAL,VALID,INVALID_RETRIEVAL,PARTIAL_RAINFALL_ONLY,2025-07-19,0,3B-DAY.MS.MRG.3IMERG.20250719-S000000-E235959.V07B.nc4,SMAP_L3_SM_P_20250719_R19240_001.h5,mm/day,cm^3/cm^3,13.16,LOW,"[""Low overall dynamic environmental triggering pressure""]",PROTOTYPE OPERATIONAL TRIGGER PARAMETERS — REQUIRES REGIONAL SCIENTIFIC CALIBRATION
NER_PILOT_01,"Gangtok, Sikkim",Sikkim,27.33,88.61,2025-07-20,16.8799991607666,62.26500201225281,103.18000195920467,,INVALID,N/A,INVALID_RETRIEVAL,VALID,INVALID_RETRIEVAL,PARTIAL_RAINFALL_ONLY,2025-07-20,0,3B-DAY.MS.MRG.3IMERG.20250720-S000000-E235959.V07B.nc4,SMAP_L3_SM_P_20250720_R19240_001.h5,mm/day,cm^3/cm^3,32.21,LOW,"[""Low overall dynamic environmental triggering pressure""]",PROTOTYPE OPERATIONAL TRIGGER PARAMETERS — REQUIRES REGIONAL SCIENTIFIC CALIBRATION
NER_PILOT_02,"Guwahati, Assam",Assam,26.14,91.73,2025-07-20,12.304999351501465,17.954999685287476,78.1799995303154,,INVALID,N/A,INVALID_RETRIEVAL,VALID,INVALID_RETRIEVAL,PARTIAL_RAINFALL_ONLY,2025-07-20,0,3B-DAY.MS.MRG.3IMERG.20250720-S000000-E235959.V07B.nc4,SMAP_L3_SM_P_20250720_R19240_001.h5,mm/day,cm^3/cm^3,16.92,LOW,"[""Low overall dynamic environmental triggering pressure""]",PROTOTYPE OPERATIONAL TRIGGER PARAMETERS — REQUIRES REGIONAL SCIENTIFIC CALIBRATION
NER_PILOT_03,"Shillong, Meghalaya",Meghalaya,25.57,91.88,2025-07-20,25.829998016357422,47.9549994468689,98.15999364852905,,INVALID,N/A,INVALID_RETRIEVAL,VALID,INVALID_RETRIEVAL,PARTIAL_RAINFALL_ONLY,2025-07-20,0,3B-DAY.MS.MRG.3IMERG.20250720-S000000-E235959.V07B.nc4,SMAP_L3_SM_P_20250720_R19240_001.h5,mm/day,cm^3/cm^3,31.49,LOW,"[""Low overall dynamic environmental triggering pressure""]",PROTOTYPE OPERATIONAL TRIGGER PARAMETERS — REQUIRES REGIONAL SCIENTIFIC CALIBRATION
NER_PILOT_04,"Aizawl, Mizoram",Mizoram,23.73,92.71,2025-07-20,9.52500057220459,60.84499716758728,126.26499223709106,,INVALID,N/A,INVALID_RETRIEVAL,VALID,INVALID_RETRIEVAL,PARTIAL_RAINFALL_ONLY,2025-07-20,0,3B-DAY.MS.MRG.3IMERG.20250720-S000000-E235959.V07B.nc4,SMAP_L3_SM_P_20250720_R19240_001.h5,mm/day,cm^3/cm^3,31.41,LOW,"[""Low overall dynamic environmental triggering pressure""]",PROTOTYPE OPERATIONAL TRIGGER PARAMETERS — REQUIRES REGIONAL SCIENTIFIC CALIBRATION
NER_PILOT_05,"Kohima, Nagaland",Nagaland,25.67,94.11,2025-07-20,2.1449999809265137,6.159999370574951,20.974998950958252,,INVALID,N/A,INVALID_RETRIEVAL,VALID,INVALID_RETRIEVAL,PARTIAL_RAINFALL_ONLY,2025-07-20,0,3B-DAY.MS.MRG.3IMERG.20250720-S000000-E235959.V07B.nc4,SMAP_L3_SM_P_20250720_R19240_001.h5,mm/day,cm^3/cm^3,4.44,LOW,"[""Low overall dynamic environmental triggering pressure""]",PROTOTYPE OPERATIONAL TRIGGER PARAMETERS — REQUIRES REGIONAL SCIENTIFIC CALIBRATION
NER_PILOT_06,"Imphal, Manipur",Manipur,24.81,93.94,2025-07-20,2.7200002670288086,14.109999656677246,23.665000557899475,,INVALID,N/A,INVALID_RETRIEVAL,VALID,INVALID_RETRIEVAL,PARTIAL_RAINFALL_ONLY,2025-07-20,0,3B-DAY.MS.MRG.3IMERG.20250720-S000000-E235959.V07B.nc4,SMAP_L3_SM_P_20250720_R19240_001.h5,mm/day,cm^3/cm^3,6.91,LOW,"[""Low overall dynamic environmental triggering pressure""]",PROTOTYPE OPERATIONAL TRIGGER PARAMETERS — REQUIRES REGIONAL SCIENTIFIC CALIBRATION
NER_PILOT_07,"Itanagar, Arunachal Pradesh",Arunachal Pradesh,27.08,93.61,2025-07-20,6.389998912811279,54.65500068664551,151.78999853134155,0.07275033742189407,WARNING,AM_PM_MEAN,AM_PM_NON_RECOMMENDED_MEAN,VALID,VALID,COMPLETE,2025-07-20,0,3B-DAY.MS.MRG.3IMERG.20250720-S000000-E235959.V07B.nc4,SMAP_L3_SM_P_20250720_R19240_001.h5,mm/day,cm^3/cm^3,28.22,LOW,"[""Low overall dynamic environmental triggering pressure""]",PROTOTYPE OPERATIONAL TRIGGER PARAMETERS — REQUIRES REGIONAL SCIENTIFIC CALIBRATION
NER_PILOT_08,"Agartala, Tripura",Tripura,23.83,91.28,2025-07-20,26.11499786376953,27.75499790906906,106.08499640226364,,INVALID,N/A,INVALID_RETRIEVAL,VALID,INVALID_RETRIEVAL,PARTIAL_RAINFALL_ONLY,2025-07-20,0,3B-DAY.MS.MRG.3IMERG.20250720-S000000-E235959.V07B.nc4,SMAP_L3_SM_P_20250720_R19240_001.h5,mm/day,cm^3/cm^3,27.34,LOW,"[""Low overall dynamic environmental triggering pressure""]",PROTOTYPE OPERATIONAL TRIGGER PARAMETERS — REQUIRES REGIONAL SCIENTIFIC CALIBRATION
GSI_SITE_01,Kukinala slide (Hailakandi),Assam,24.27,92.5,2025-07-20,0.014999999664723873,4.7200000723823905,67.94499711599201,,INVALID,N/A,INVALID_RETRIEVAL,VALID,INVALID_RETRIEVAL,PARTIAL_RAINFALL_ONLY,2025-07-20,0,3B-DAY.MS.MRG.3IMERG.20250720-S000000-E235959.V07B.nc4,SMAP_L3_SM_P_20250720_R19240_001.h5,mm/day,cm^3/cm^3,7.98,LOW,"[""Low overall dynamic environmental triggering pressure""]",PROTOTYPE OPERATIONAL TRIGGER PARAMETERS — REQUIRES REGIONAL SCIENTIFIC CALIBRATION
GSI_SITE_02,Jalnachaura slide (Hailakandi),Assam,24.31,92.56,2025-07-20,0.6100000143051147,3.3099996745586395,93.01499673724174,,INVALID,N/A,INVALID_RETRIEVAL,VALID,INVALID_RETRIEVAL,PARTIAL_RAINFALL_ONLY,2025-07-20,0,3B-DAY.MS.MRG.3IMERG.20250720-S000000-E235959.V07B.nc4,SMAP_L3_SM_P_20250720_R19240_001.h5,mm/day,cm^3/cm^3,10.36,LOW,"[""Low overall dynamic environmental triggering pressure""]",PROTOTYPE OPERATIONAL TRIGGER PARAMETERS — REQUIRES REGIONAL SCIENTIFIC CALIBRATION
GSI_SITE_03,Nandagram slide (Hailakandi),Assam,24.32,92.51,2025-07-20,0.6100000143051147,3.3099996745586395,93.01499673724174,,INVALID,N/A,INVALID_RETRIEVAL,VALID,INVALID_RETRIEVAL,PARTIAL_RAINFALL_ONLY,2025-07-20,0,3B-DAY.MS.MRG.3IMERG.20250720-S000000-E235959.V07B.nc4,SMAP_L3_SM_P_20250720_R19240_001.h5,mm/day,cm^3/cm^3,10.36,LOW,"[""Low overall dynamic environmental triggering pressure""]",PROTOTYPE OPERATIONAL TRIGGER PARAMETERS — REQUIRES REGIONAL SCIENTIFIC CALIBRATION
GSI_SITE_04,Nishkar slide (Hailakandi),Assam,24.43,92.55,2025-07-20,0.7900000810623169,3.3300000429153442,89.73999607563019,,INVALID,N/A,INVALID_RETRIEVAL,VALID,INVALID_RETRIEVAL,PARTIAL_RAINFALL_ONLY,2025-07-20,0,3B-DAY.MS.MRG.3IMERG.20250720-S000000-E235959.V07B.nc4,SMAP_L3_SM_P_20250720_R19240_001.h5,mm/day,cm^3/cm^3,10.1,LOW,"[""Low overall dynamic environmental triggering pressure""]",PROTOTYPE OPERATIONAL TRIGGER PARAMETERS — REQUIRES REGIONAL SCIENTIFIC CALIBRATION
GSI_SITE_05,Paglacherra slide (Karimganj),Assam,24.44,92.5,2025-07-20,0.4350000023841858,2.2650000154972076,80.31999936699867,,INVALID,N/A,INVALID_RETRIEVAL,VALID,INVALID_RETRIEVAL,PARTIAL_RAINFALL_ONLY,2025-07-20,0,3B-DAY.MS.MRG.3IMERG.20250720-S000000-E235959.V07B.nc4,SMAP_L3_SM_P_20250720_R19240_001.h5,mm/day,cm^3/cm^3,8.76,LOW,"[""Low overall dynamic environmental triggering pressure""]",PROTOTYPE OPERATIONAL TRIGGER PARAMETERS — REQUIRES REGIONAL SCIENTIFIC CALIBRATION
GSI_SITE_06,Lalpani slide (Hailakandi),Assam,24.44,92.56,2025-07-20,0.7900000810623169,3.3300000429153442,89.73999607563019,,INVALID,N/A,INVALID_RETRIEVAL,VALID,INVALID_RETRIEVAL,PARTIAL_RAINFALL_ONLY,2025-07-20,0,3B-DAY.MS.MRG.3IMERG.20250720-S000000-E235959.V07B.nc4,SMAP_L3_SM_P_20250720_R19240_001.h5,mm/day,cm^3/cm^3,10.1,LOW,"[""Low overall dynamic environmental triggering pressure""]",PROTOTYPE OPERATIONAL TRIGGER PARAMETERS — REQUIRES REGIONAL SCIENTIFIC CALIBRATION
GSI_SITE_07,Garapunjislide (Hailakandi),Assam,24.46,92.52,2025-07-20,0.7900000810623169,3.3300000429153442,89.73999607563019,,INVALID,N/A,INVALID_RETRIEVAL,VALID,INVALID_RETRIEVAL,PARTIAL_RAINFALL_ONLY,2025-07-20,0,3B-DAY.MS.MRG.3IMERG.20250720-S000000-E235959.V07B.nc4,SMAP_L3_SM_P_20250720_R19240_001.h5,mm/day,cm^3/cm^3,10.1,LOW,"[""Low overall dynamic environmental triggering pressure""]",PROTOTYPE OPERATIONAL TRIGGER PARAMETERS — REQUIRES REGIONAL SCIENTIFIC CALIBRATION
NER_PILOT_01,"Gangtok, Sikkim",Sikkim,27.33,88.61,2025-07-21,9.345000267028809,68.18500232696533,82.27500222623348,0.23727478086948395,WARNING,PM_6PM,PM_NON_RECOMMENDED,VALID,VALID,COMPLETE,2025-07-21,0,3B-DAY.MS.MRG.3IMERG.20250721-S000000-E235959.V07B.nc4,SMAP_L3_SM_P_20250721_R19240_002.h5,mm/day,cm^3/cm^3,33.57,LOW,"[""Low overall dynamic environmental triggering pressure""]",PROTOTYPE OPERATIONAL TRIGGER PARAMETERS — REQUIRES REGIONAL SCIENTIFIC CALIBRATION
NER_PILOT_02,"Guwahati, Assam",Assam,26.14,91.73,2025-07-21,14.795000076293945,32.00999975204468,53.509999454021454,0.2920457720756531,WARNING,PM_6PM,PM_NON_RECOMMENDED,VALID,VALID,COMPLETE,2025-07-21,0,3B-DAY.MS.MRG.3IMERG.20250721-S000000-E235959.V07B.nc4,SMAP_L3_SM_P_20250721_R19240_002.h5,mm/day,cm^3/cm^3,28.1,LOW,"[""Low overall dynamic environmental triggering pressure""]",PROTOTYPE OPERATIONAL TRIGGER PARAMETERS — REQUIRES REGIONAL SCIENTIFIC CALIBRATION
NER_PILOT_03,"Shillong, Meghalaya",Meghalaya,25.57,91.88,2025-07-21,18.14999771118164,61.65499687194824,96.72999143600464,0.21052761375904083,RECOMMENDED,PM_6PM,PM_RECOMMENDED,VALID,VALID,COMPLETE,2025-07-21,0,3B-DAY.MS.MRG.3IMERG.20250721-S000000-E235959.V07B.nc4,SMAP_L3_SM_P_20250721_R19240_002.h5,mm/day,cm^3/cm^3,34.87,LOW,"[""Low overall dynamic environmental triggering pressure""]",PROTOTYPE OPERATIONAL TRIGGER PARAMETERS — REQUIRES REGIONAL SCIENTIFIC CALIBRATION
NER_PILOT_04,"Aizawl, Mizoram",Mizoram,23.73,92.71,2025-07-21,19.14499855041504,78.56499576568604,90.80499505996704,,INVALID,N/A,INVALID_RETRIEVAL,VALID,INVALID_RETRIEVAL,PARTIAL_RAINFALL_ONLY,2025-07-21,0,3B-DAY.MS.MRG.3IMERG.20250721-S000000-E235959.V07B.nc4,SMAP_L3_SM_P_20250721_R19240_002.h5,mm/day,cm^3/cm^3,35.9,LOW,"[""Low overall dynamic environmental triggering pressure""]",PROTOTYPE OPERATIONAL TRIGGER PARAMETERS — REQUIRES REGIONAL SCIENTIFIC CALIBRATION
NER_PILOT_05,"Kohima, Nagaland",Nagaland,25.67,94.11,2025-07-21,4.4599995613098145,9.879998922348022,20.029998779296875,,INVALID,N/A,INVALID_RETRIEVAL,VALID,INVALID_RETRIEVAL,PARTIAL_RAINFALL_ONLY,2025-07-21,0,3B-DAY.MS.MRG.3IMERG.20250721-S000000-E235959.V07B.nc4,SMAP_L3_SM_P_20250721_R19240_002.h5,mm/day,cm^3/cm^3,6.15,LOW,"[""Low overall dynamic environmental triggering pressure""]",PROTOTYPE OPERATIONAL TRIGGER PARAMETERS — REQUIRES REGIONAL SCIENTIFIC CALIBRATION
NER_PILOT_06,"Imphal, Manipur",Manipur,24.81,93.94,2025-07-21,2.1449999809265137,11.985000133514404,21.19499981403351,,INVALID,N/A,INVALID_RETRIEVAL,VALID,INVALID_RETRIEVAL,PARTIAL_RAINFALL_ONLY,2025-07-21,0,3B-DAY.MS.MRG.3IMERG.20250721-S000000-E235959.V07B.nc4,SMAP_L3_SM_P_20250721_R19240_002.h5,mm/day,cm^3/cm^3,5.92,LOW,"[""Low overall dynamic environmental triggering pressure""]",PROTOTYPE OPERATIONAL TRIGGER PARAMETERS — REQUIRES REGIONAL SCIENTIFIC CALIBRATION
NER_PILOT_07,"Itanagar, Arunachal Pradesh",Arunachal Pradesh,27.08,93.61,2025-07-21,14.275001525878906,64.17500257492065,141.72499990463257,,INVALID,N/A,INVALID_RETRIEVAL,VALID,INVALID_RETRIEVAL,PARTIAL_RAINFALL_ONLY,2025-07-21,0,3B-DAY.MS.MRG.3IMERG.20250721-S000000-E235959.V07B.nc4,SMAP_L3_SM_P_20250721_R19240_002.h5,mm/day,cm^3/cm^3,35.57,LOW,"[""Low overall dynamic environmental triggering pressure""]",PROTOTYPE OPERATIONAL TRIGGER PARAMETERS — REQUIRES REGIONAL SCIENTIFIC CALIBRATION
NER_PILOT_08,"Agartala, Tripura",Tripura,23.83,91.28,2025-07-21,15.42500114440918,42.97999906539917,102.55499762296677,0.4601963758468628,RECOMMENDED,PM_6PM,PM_RECOMMENDED,VALID,VALID,COMPLETE,2025-07-21,0,3B-DAY.MS.MRG.3IMERG.20250721-S000000-E235959.V07B.nc4,SMAP_L3_SM_P_20250721_R19240_002.h5,mm/day,cm^3/cm^3,41.43,MODERATE,"[""High volumetric soil moisture saturation (0.460 cm\u00b3/cm\u00b3)""]",PROTOTYPE OPERATIONAL TRIGGER PARAMETERS — REQUIRES REGIONAL SCIENTIFIC CALIBRATION
GSI_SITE_01,Kukinala slide (Hailakandi),Assam,24.27,92.5,2025-07-21,36.38999557495117,40.94999565090984,81.04499368276447,0.4601963758468628,RECOMMENDED,PM_6PM,PM_RECOMMENDED,VALID,VALID,COMPLETE,2025-07-21,0,3B-DAY.MS.MRG.3IMERG.20250721-S000000-E235959.V07B.nc4,SMAP_L3_SM_P_20250721_R19240_002.h5,mm/day,cm^3/cm^3,45.59,MODERATE,"[""High volumetric soil moisture saturation (0.460 cm\u00b3/cm\u00b3)""]",PROTOTYPE OPERATIONAL TRIGGER PARAMETERS — REQUIRES REGIONAL SCIENTIFIC CALIBRATION
GSI_SITE_02,Jalnachaura slide (Hailakandi),Assam,24.31,92.56,2025-07-21,11.504999160766602,14.714998841285706,85.24999734759331,0.4601963758468628,RECOMMENDED,PM_6PM,PM_RECOMMENDED,VALID,VALID,COMPLETE,2025-07-21,0,3B-DAY.MS.MRG.3IMERG.20250721-S000000-E235959.V07B.nc4,SMAP_L3_SM_P_20250721_R19240_002.h5,mm/day,cm^3/cm^3,33.21,LOW,"[""High volumetric soil moisture saturation (0.460 cm\u00b3/cm\u00b3)""]",PROTOTYPE OPERATIONAL TRIGGER PARAMETERS — REQUIRES REGIONAL SCIENTIFIC CALIBRATION
GSI_SITE_03,Nandagram slide (Hailakandi),Assam,24.32,92.51,2025-07-21,11.504999160766602,14.714998841285706,85.24999734759331,0.4601963758468628,RECOMMENDED,PM_6PM,PM_RECOMMENDED,VALID,VALID,COMPLETE,2025-07-21,0,3B-DAY.MS.MRG.3IMERG.20250721-S000000-E235959.V07B.nc4,SMAP_L3_SM_P_20250721_R19240_002.h5,mm/day,cm^3/cm^3,33.21,LOW,"[""High volumetric soil moisture saturation (0.460 cm\u00b3/cm\u00b3)""]",PROTOTYPE OPERATIONAL TRIGGER PARAMETERS — REQUIRES REGIONAL SCIENTIFIC CALIBRATION
GSI_SITE_04,Nishkar slide (Hailakandi),Assam,24.43,92.55,2025-07-21,6.744999885559082,9.34499990940094,74.4849978685379,0.4601963758468628,RECOMMENDED,PM_6PM,PM_RECOMMENDED,VALID,VALID,COMPLETE,2025-07-21,0,3B-DAY.MS.MRG.3IMERG.20250721-S000000-E235959.V07B.nc4,SMAP_L3_SM_P_20250721_R19240_002.h5,mm/day,cm^3/cm^3,29.85,LOW,"[""High volumetric soil moisture saturation (0.460 cm\u00b3/cm\u00b3)""]",PROTOTYPE OPERATIONAL TRIGGER PARAMETERS — REQUIRES REGIONAL SCIENTIFIC CALIBRATION
GSI_SITE_05,Paglacherra slide (Karimganj),Assam,24.44,92.5,2025-07-21,17.589996337890625,19.484996378421783,72.74999585747719,0.4601963758468628,RECOMMENDED,PM_6PM,PM_RECOMMENDED,VALID,VALID,COMPLETE,2025-07-21,0,3B-DAY.MS.MRG.3IMERG.20250721-S000000-E235959.V07B.nc4,SMAP_L3_SM_P_20250721_R19240_002.h5,mm/day,cm^3/cm^3,34.99,LOW,"[""High volumetric soil moisture saturation (0.460 cm\u00b3/cm\u00b3)""]",PROTOTYPE OPERATIONAL TRIGGER PARAMETERS — REQUIRES REGIONAL SCIENTIFIC CALIBRATION
GSI_SITE_06,Lalpani slide (Hailakandi),Assam,24.44,92.56,2025-07-21,6.744999885559082,9.34499990940094,74.4849978685379,0.4601963758468628,RECOMMENDED,PM_6PM,PM_RECOMMENDED,VALID,VALID,COMPLETE,2025-07-21,0,3B-DAY.MS.MRG.3IMERG.20250721-S000000-E235959.V07B.nc4,SMAP_L3_SM_P_20250721_R19240_002.h5,mm/day,cm^3/cm^3,29.85,LOW,"[""High volumetric soil moisture saturation (0.460 cm\u00b3/cm\u00b3)""]",PROTOTYPE OPERATIONAL TRIGGER PARAMETERS — REQUIRES REGIONAL SCIENTIFIC CALIBRATION
GSI_SITE_07,Garapunjislide (Hailakandi),Assam,24.46,92.52,2025-07-21,6.744999885559082,9.34499990940094,74.4849978685379,,INVALID,N/A,INVALID_RETRIEVAL,VALID,INVALID_RETRIEVAL,PARTIAL_RAINFALL_ONLY,2025-07-21,0,3B-DAY.MS.MRG.3IMERG.20250721-S000000-E235959.V07B.nc4,SMAP_L3_SM_P_20250721_R19240_002.h5,mm/day,cm^3/cm^3,12.31,LOW,"[""Low overall dynamic environmental triggering pressure""]",PROTOTYPE OPERATIONAL TRIGGER PARAMETERS — REQUIRES REGIONAL SCIENTIFIC CALIBRATION
NER_PILOT_01,"Gangtok, Sikkim",Sikkim,27.33,88.61,2025-07-22,15.520000457763672,41.74499988555908,94.64500258862972,,INVALID,N/A,INVALID_RETRIEVAL,VALID,INVALID_RETRIEVAL,PARTIAL_RAINFALL_ONLY,2025-07-22,0,3B-DAY.MS.MRG.3IMERG.20250722-S000000-E235959.V07B.nc4,SMAP_L3_SM_P_20250722_R19240_001.h5,mm/day,cm^3/cm^3,25.72,LOW,"[""Low overall dynamic environmental triggering pressure""]",PROTOTYPE OPERATIONAL TRIGGER PARAMETERS — REQUIRES REGIONAL SCIENTIFIC CALIBRATION
NER_PILOT_02,"Guwahati, Assam",Assam,26.14,91.73,2025-07-22,3.5,30.59999942779541,45.13500040769577,,INVALID,N/A,INVALID_RETRIEVAL,VALID,INVALID_RETRIEVAL,PARTIAL_RAINFALL_ONLY,2025-07-22,0,3B-DAY.MS.MRG.3IMERG.20250722-S000000-E235959.V07B.nc4,SMAP_L3_SM_P_20250722_R19240_001.h5,mm/day,cm^3/cm^3,13.48,LOW,"[""Low overall dynamic environmental triggering pressure""]",PROTOTYPE OPERATIONAL TRIGGER PARAMETERS — REQUIRES REGIONAL SCIENTIFIC CALIBRATION
NER_PILOT_03,"Shillong, Meghalaya",Meghalaya,25.57,91.88,2025-07-22,5.720000267028809,49.69999599456787,97.6399917602539,,INVALID,N/A,INVALID_RETRIEVAL,VALID,INVALID_RETRIEVAL,PARTIAL_RAINFALL_ONLY,2025-07-22,0,3B-DAY.MS.MRG.3IMERG.20250722-S000000-E235959.V07B.nc4,SMAP_L3_SM_P_20250722_R19240_001.h5,mm/day,cm^3/cm^3,24.33,LOW,"[""Low overall dynamic environmental triggering pressure""]",PROTOTYPE OPERATIONAL TRIGGER PARAMETERS — REQUIRES REGIONAL SCIENTIFIC CALIBRATION
NER_PILOT_04,"Aizawl, Mizoram",Mizoram,23.73,92.71,2025-07-22,0.8300000429153442,29.499999165534973,90.40999519824982,,INVALID,N/A,INVALID_RETRIEVAL,VALID,INVALID_RETRIEVAL,PARTIAL_RAINFALL_ONLY,2025-07-22,0,3B-DAY.MS.MRG.3IMERG.20250722-S000000-E235959.V07B.nc4,SMAP_L3_SM_P_20250722_R19240_001.h5,mm/day,cm^3/cm^3,16.73,LOW,"[""Low overall dynamic environmental triggering pressure""]",PROTOTYPE OPERATIONAL TRIGGER PARAMETERS — REQUIRES REGIONAL SCIENTIFIC CALIBRATION
NER_PILOT_05,"Kohima, Nagaland",Nagaland,25.67,94.11,2025-07-22,1.4850000143051147,8.089999556541443,17.439998984336853,,INVALID,N/A,INVALID_RETRIEVAL,VALID,INVALID_RETRIEVAL,PARTIAL_RAINFALL_ONLY,2025-07-22,0,3B-DAY.MS.MRG.3IMERG.20250722-S000000-E235959.V07B.nc4,SMAP_L3_SM_P_20250722_R19240_001.h5,mm/day,cm^3/cm^3,4.32,LOW,"[""Low overall dynamic environmental triggering pressure""]",PROTOTYPE OPERATIONAL TRIGGER PARAMETERS — REQUIRES REGIONAL SCIENTIFIC CALIBRATION
NER_PILOT_06,"Imphal, Manipur",Manipur,24.81,93.94,2025-07-22,0.0,4.865000247955322,18.869999766349792,,INVALID,N/A,INVALID_RETRIEVAL,VALID,INVALID_RETRIEVAL,PARTIAL_RAINFALL_ONLY,2025-07-22,0,3B-DAY.MS.MRG.3IMERG.20250722-S000000-E235959.V07B.nc4,SMAP_L3_SM_P_20250722_R19240_001.h5,mm/day,cm^3/cm^3,3.1,LOW,"[""Low overall dynamic environmental triggering pressure""]",PROTOTYPE OPERATIONAL TRIGGER PARAMETERS — REQUIRES REGIONAL SCIENTIFIC CALIBRATION
NER_PILOT_07,"Itanagar, Arunachal Pradesh",Arunachal Pradesh,27.08,93.61,2025-07-22,4.130000114440918,24.795000553131104,87.22500276565552,,INVALID,N/A,INVALID_RETRIEVAL,VALID,INVALID_RETRIEVAL,PARTIAL_RAINFALL_ONLY,2025-07-22,0,3B-DAY.MS.MRG.3IMERG.20250722-S000000-E235959.V07B.nc4,SMAP_L3_SM_P_20250722_R19240_001.h5,mm/day,cm^3/cm^3,16.47,LOW,"[""Low overall dynamic environmental triggering pressure""]",PROTOTYPE OPERATIONAL TRIGGER PARAMETERS — REQUIRES REGIONAL SCIENTIFIC CALIBRATION
NER_PILOT_08,"Agartala, Tripura",Tripura,23.83,91.28,2025-07-22,20.635000228881836,62.17499923706055,118.27499836683273,,INVALID,N/A,INVALID_RETRIEVAL,VALID,INVALID_RETRIEVAL,PARTIAL_RAINFALL_ONLY,2025-07-22,0,3B-DAY.MS.MRG.3IMERG.20250722-S000000-E235959.V07B.nc4,SMAP_L3_SM_P_20250722_R19240_001.h5,mm/day,cm^3/cm^3,35.11,LOW,"[""Low overall dynamic environmental triggering pressure""]",PROTOTYPE OPERATIONAL TRIGGER PARAMETERS — REQUIRES REGIONAL SCIENTIFIC CALIBRATION
GSI_SITE_01,Kukinala slide (Hailakandi),Assam,24.27,92.5,2025-07-22,0.75,37.154995574615896,78.24499396886677,,INVALID,N/A,INVALID_RETRIEVAL,VALID,INVALID_RETRIEVAL,PARTIAL_RAINFALL_ONLY,2025-07-22,0,3B-DAY.MS.MRG.3IMERG.20250722-S000000-E235959.V07B.nc4,SMAP_L3_SM_P_20250722_R19240_001.h5,mm/day,cm^3/cm^3,17.39,LOW,"[""Low overall dynamic environmental triggering pressure""]",PROTOTYPE OPERATIONAL TRIGGER PARAMETERS — REQUIRES REGIONAL SCIENTIFIC CALIBRATION
GSI_SITE_02,Jalnachaura slide (Hailakandi),Assam,24.31,92.56,2025-07-22,1.28000009059906,13.394999265670776,76.08499678969383,,INVALID,N/A,INVALID_RETRIEVAL,VALID,INVALID_RETRIEVAL,PARTIAL_RAINFALL_ONLY,2025-07-22,0,3B-DAY.MS.MRG.3IMERG.20250722-S000000-E235959.V07B.nc4,SMAP_L3_SM_P_20250722_R19240_001.h5,mm/day,cm^3/cm^3,11.44,LOW,"[""Low overall dynamic environmental triggering pressure""]",PROTOTYPE OPERATIONAL TRIGGER PARAMETERS — REQUIRES REGIONAL SCIENTIFIC CALIBRATION
GSI_SITE_03,Nandagram slide (Hailakandi),Assam,24.32,92.51,2025-07-22,1.28000009059906,13.394999265670776,76.08499678969383,,INVALID,N/A,INVALID_RETRIEVAL,VALID,INVALID_RETRIEVAL,PARTIAL_RAINFALL_ONLY,2025-07-22,0,3B-DAY.MS.MRG.3IMERG.20250722-S000000-E235959.V07B.nc4,SMAP_L3_SM_P_20250722_R19240_001.h5,mm/day,cm^3/cm^3,11.44,LOW,"[""Low overall dynamic environmental triggering pressure""]",PROTOTYPE OPERATIONAL TRIGGER PARAMETERS — REQUIRES REGIONAL SCIENTIFIC CALIBRATION
GSI_SITE_04,Nishkar slide (Hailakandi),Assam,24.43,92.55,2025-07-22,0.9549999833106995,8.489999949932098,65.98999804258347,,INVALID,N/A,INVALID_RETRIEVAL,VALID,INVALID_RETRIEVAL,PARTIAL_RAINFALL_ONLY,2025-07-22,0,3B-DAY.MS.MRG.3IMERG.20250722-S000000-E235959.V07B.nc4,SMAP_L3_SM_P_20250722_R19240_001.h5,mm/day,cm^3/cm^3,9.08,LOW,"[""Low overall dynamic environmental triggering pressure""]",PROTOTYPE OPERATIONAL TRIGGER PARAMETERS — REQUIRES REGIONAL SCIENTIFIC CALIBRATION
GSI_SITE_05,Paglacherra slide (Karimganj),Assam,24.44,92.5,2025-07-22,0.07999999821186066,18.10499633848667,69.20999597012997,,INVALID,N/A,INVALID_RETRIEVAL,VALID,INVALID_RETRIEVAL,PARTIAL_RAINFALL_ONLY,2025-07-22,0,3B-DAY.MS.MRG.3IMERG.20250722-S000000-E235959.V07B.nc4,SMAP_L3_SM_P_20250722_R19240_001.h5,mm/day,cm^3/cm^3,11.48,LOW,"[""Low overall dynamic environmental triggering pressure""]",PROTOTYPE OPERATIONAL TRIGGER PARAMETERS — REQUIRES REGIONAL SCIENTIFIC CALIBRATION
GSI_SITE_06,Lalpani slide (Hailakandi),Assam,24.44,92.56,2025-07-22,0.9549999833106995,8.489999949932098,65.98999804258347,,INVALID,N/A,INVALID_RETRIEVAL,VALID,INVALID_RETRIEVAL,PARTIAL_RAINFALL_ONLY,2025-07-22,0,3B-DAY.MS.MRG.3IMERG.20250722-S000000-E235959.V07B.nc4,SMAP_L3_SM_P_20250722_R19240_001.h5,mm/day,cm^3/cm^3,9.08,LOW,"[""Low overall dynamic environmental triggering pressure""]",PROTOTYPE OPERATIONAL TRIGGER PARAMETERS — REQUIRES REGIONAL SCIENTIFIC CALIBRATION
GSI_SITE_07,Garapunjislide (Hailakandi),Assam,24.46,92.52,2025-07-22,0.9549999833106995,8.489999949932098,65.98999804258347,,INVALID,N/A,INVALID_RETRIEVAL,VALID,INVALID_RETRIEVAL,PARTIAL_RAINFALL_ONLY,2025-07-22,0,3B-DAY.MS.MRG.3IMERG.20250722-S000000-E235959.V07B.nc4,SMAP_L3_SM_P_20250722_R19240_001.h5,mm/day,cm^3/cm^3,9.08,LOW,"[""Low overall dynamic environmental triggering pressure""]",PROTOTYPE OPERATIONAL TRIGGER PARAMETERS — REQUIRES REGIONAL SCIENTIFIC CALIBRATION
NER_PILOT_01,"Gangtok, Sikkim",Sikkim,27.33,88.61,2025-07-23,2.9149999618530273,27.780000686645508,90.29500268399715,,INVALID,N/A,INVALID_RETRIEVAL,VALID,INVALID_RETRIEVAL,PARTIAL_RAINFALL_ONLY,2025-07-23,0,3B-DAY.MS.MRG.3IMERG.20250723-S000000-E235959.V07B.nc4,SMAP_L3_SM_P_20250723_R19240_003.h5,mm/day,cm^3/cm^3,17.07,LOW,"[""Low overall dynamic environmental triggering pressure""]",PROTOTYPE OPERATIONAL TRIGGER PARAMETERS — REQUIRES REGIONAL SCIENTIFIC CALIBRATION
NER_PILOT_02,"Guwahati, Assam",Assam,26.14,91.73,2025-07-23,0.0,18.295000076293945,36.564999759197235,0.22355303168296814,WARNING,AM_6AM,AM_NON_RECOMMENDED,VALID,VALID,COMPLETE,2025-07-23,0,3B-DAY.MS.MRG.3IMERG.20250723-S000000-E235959.V07B.nc4,SMAP_L3_SM_P_20250723_R19240_003.h5,mm/day,cm^3/cm^3,16.52,LOW,"[""Low overall dynamic environmental triggering pressure""]",PROTOTYPE OPERATIONAL TRIGGER PARAMETERS — REQUIRES REGIONAL SCIENTIFIC CALIBRATION
NER_PILOT_03,"Shillong, Meghalaya",Meghalaya,25.57,91.88,2025-07-23,1.125,24.99499797821045,74.75499725341797,0.17230896651744843,RECOMMENDED,AM_6AM,AM_RECOMMENDED,VALID,VALID,COMPLETE,2025-07-23,0,3B-DAY.MS.MRG.3IMERG.20250723-S000000-E235959.V07B.nc4,SMAP_L3_SM_P_20250723_R19240_003.h5,mm/day,cm^3/cm^3,18.98,LOW,"[""Low overall dynamic environmental triggering pressure""]",PROTOTYPE OPERATIONAL TRIGGER PARAMETERS — REQUIRES REGIONAL SCIENTIFIC CALIBRATION
NER_PILOT_04,"Aizawl, Mizoram",Mizoram,23.73,92.71,2025-07-23,2.5,22.474998593330383,85.31499588489532,,INVALID,N/A,INVALID_RETRIEVAL,VALID,INVALID_RETRIEVAL,PARTIAL_RAINFALL_ONLY,2025-07-23,0,3B-DAY.MS.MRG.3IMERG.20250723-S000000-E235959.V07B.nc4,SMAP_L3_SM_P_20250723_R19240_003.h5,mm/day,cm^3/cm^3,15.09,LOW,"[""Low overall dynamic environmental triggering pressure""]",PROTOTYPE OPERATIONAL TRIGGER PARAMETERS — REQUIRES REGIONAL SCIENTIFIC CALIBRATION
NER_PILOT_05,"Kohima, Nagaland",Nagaland,25.67,94.11,2025-07-23,5.824999809265137,11.769999384880066,17.929998755455017,,INVALID,N/A,INVALID_RETRIEVAL,VALID,INVALID_RETRIEVAL,PARTIAL_RAINFALL_ONLY,2025-07-23,0,3B-DAY.MS.MRG.3IMERG.20250723-S000000-E235959.V07B.nc4,SMAP_L3_SM_P_20250723_R19240_003.h5,mm/day,cm^3/cm^3,6.92,LOW,"[""Low overall dynamic environmental triggering pressure""]",PROTOTYPE OPERATIONAL TRIGGER PARAMETERS — REQUIRES REGIONAL SCIENTIFIC CALIBRATION
NER_PILOT_06,"Imphal, Manipur",Manipur,24.81,93.94,2025-07-23,2.5,4.644999980926514,19.94499969482422,,INVALID,N/A,INVALID_RETRIEVAL,VALID,INVALID_RETRIEVAL,PARTIAL_RAINFALL_ONLY,2025-07-23,0,3B-DAY.MS.MRG.3IMERG.20250723-S000000-E235959.V07B.nc4,SMAP_L3_SM_P_20250723_R19240_003.h5,mm/day,cm^3/cm^3,4.09,LOW,"[""Low overall dynamic environmental triggering pressure""]",PROTOTYPE OPERATIONAL TRIGGER PARAMETERS — REQUIRES REGIONAL SCIENTIFIC CALIBRATION
NER_PILOT_07,"Itanagar, Arunachal Pradesh",Arunachal Pradesh,27.08,93.61,2025-07-23,1.5149999856948853,19.92000162601471,79.41500198841095,,INVALID,N/A,INVALID_RETRIEVAL,VALID,INVALID_RETRIEVAL,PARTIAL_RAINFALL_ONLY,2025-07-23,0,3B-DAY.MS.MRG.3IMERG.20250723-S000000-E235959.V07B.nc4,SMAP_L3_SM_P_20250723_R19240_003.h5,mm/day,cm^3/cm^3,13.49,LOW,"[""Low overall dynamic environmental triggering pressure""]",PROTOTYPE OPERATIONAL TRIGGER PARAMETERS — REQUIRES REGIONAL SCIENTIFIC CALIBRATION
NER_PILOT_08,"Agartala, Tripura",Tripura,23.83,91.28,2025-07-23,49.28999328613281,85.34999465942383,149.4149939417839,0.4662551283836365,RECOMMENDED,AM_6AM,AM_RECOMMENDED,VALID,VALID,COMPLETE,2025-07-23,0,3B-DAY.MS.MRG.3IMERG.20250723-S000000-E235959.V07B.nc4,SMAP_L3_SM_P_20250723_R19240_003.h5,mm/day,cm^3/cm^3,63.81,MODERATE,"[""High volumetric soil moisture saturation (0.466 cm\u00b3/cm\u00b3)""]",PROTOTYPE OPERATIONAL TRIGGER PARAMETERS — REQUIRES REGIONAL SCIENTIFIC CALIBRATION
GSI_SITE_01,Kukinala slide (Hailakandi),Assam,24.27,92.5,2025-07-23,0.5699999928474426,37.709995567798615,61.124995335005224,0.4662551283836365,RECOMMENDED,AM_6AM,AM_RECOMMENDED,VALID,VALID,COMPLETE,2025-07-23,0,3B-DAY.MS.MRG.3IMERG.20250723-S000000-E235959.V07B.nc4,SMAP_L3_SM_P_20250723_R19240_003.h5,mm/day,cm^3/cm^3,32.6,LOW,"[""High volumetric soil moisture saturation (0.466 cm\u00b3/cm\u00b3)""]",PROTOTYPE OPERATIONAL TRIGGER PARAMETERS — REQUIRES REGIONAL SCIENTIFIC CALIBRATION
GSI_SITE_02,Jalnachaura slide (Hailakandi),Assam,24.31,92.56,2025-07-23,0.4100000262260437,13.194999277591705,33.714998036623,0.4662551283836365,RECOMMENDED,AM_6AM,AM_RECOMMENDED,VALID,VALID,COMPLETE,2025-07-23,0,3B-DAY.MS.MRG.3IMERG.20250723-S000000-E235959.V07B.nc4,SMAP_L3_SM_P_20250723_R19240_003.h5,mm/day,cm^3/cm^3,25.46,LOW,"[""High volumetric soil moisture saturation (0.466 cm\u00b3/cm\u00b3)""]",PROTOTYPE OPERATIONAL TRIGGER PARAMETERS — REQUIRES REGIONAL SCIENTIFIC CALIBRATION
GSI_SITE_03,Nandagram slide (Hailakandi),Assam,24.32,92.51,2025-07-23,0.4100000262260437,13.194999277591705,33.714998036623,0.4662551283836365,RECOMMENDED,AM_6AM,AM_RECOMMENDED,VALID,VALID,COMPLETE,2025-07-23,0,3B-DAY.MS.MRG.3IMERG.20250723-S000000-E235959.V07B.nc4,SMAP_L3_SM_P_20250723_R19240_003.h5,mm/day,cm^3/cm^3,25.46,LOW,"[""High volumetric soil moisture saturation (0.466 cm\u00b3/cm\u00b3)""]",PROTOTYPE OPERATIONAL TRIGGER PARAMETERS — REQUIRES REGIONAL SCIENTIFIC CALIBRATION
GSI_SITE_04,Nishkar slide (Hailakandi),Assam,24.43,92.55,2025-07-23,0.4449999928474426,8.144999861717224,20.334999561309814,0.4662551283836365,RECOMMENDED,AM_6AM,AM_RECOMMENDED,VALID,VALID,COMPLETE,2025-07-23,0,3B-DAY.MS.MRG.3IMERG.20250723-S000000-E235959.V07B.nc4,SMAP_L3_SM_P_20250723_R19240_003.h5,mm/day,cm^3/cm^3,23.39,LOW,"[""High volumetric soil moisture saturation (0.466 cm\u00b3/cm\u00b3)""]",PROTOTYPE OPERATIONAL TRIGGER PARAMETERS — REQUIRES REGIONAL SCIENTIFIC CALIBRATION
GSI_SITE_05,Paglacherra slide (Karimganj),Assam,24.44,92.5,2025-07-23,0.3149999976158142,17.9849963337183,34.04499642550945,0.4662551283836365,RECOMMENDED,AM_6AM,AM_RECOMMENDED,VALID,VALID,COMPLETE,2025-07-23,0,3B-DAY.MS.MRG.3IMERG.20250723-S000000-E235959.V07B.nc4,SMAP_L3_SM_P_20250723_R19240_003.h5,mm/day,cm^3/cm^3,26.42,LOW,"[""High volumetric soil moisture saturation (0.466 cm\u00b3/cm\u00b3)""]",PROTOTYPE OPERATIONAL TRIGGER PARAMETERS — REQUIRES REGIONAL SCIENTIFIC CALIBRATION
GSI_SITE_06,Lalpani slide (Hailakandi),Assam,24.44,92.56,2025-07-23,0.4449999928474426,8.144999861717224,20.334999561309814,0.4662551283836365,RECOMMENDED,AM_6AM,AM_RECOMMENDED,VALID,VALID,COMPLETE,2025-07-23,0,3B-DAY.MS.MRG.3IMERG.20250723-S000000-E235959.V07B.nc4,SMAP_L3_SM_P_20250723_R19240_003.h5,mm/day,cm^3/cm^3,23.39,LOW,"[""High volumetric soil moisture saturation (0.466 cm\u00b3/cm\u00b3)""]",PROTOTYPE OPERATIONAL TRIGGER PARAMETERS — REQUIRES REGIONAL SCIENTIFIC CALIBRATION
GSI_SITE_07,Garapunjislide (Hailakandi),Assam,24.46,92.52,2025-07-23,0.4449999928474426,8.144999861717224,20.334999561309814,0.3696056008338928,RECOMMENDED,AM_6AM,AM_RECOMMENDED,VALID,VALID,COMPLETE,2025-07-23,0,3B-DAY.MS.MRG.3IMERG.20250723-S000000-E235959.V07B.nc4,SMAP_L3_SM_P_20250723_R19240_003.h5,mm/day,cm^3/cm^3,19.82,LOW,"[""High volumetric soil moisture saturation (0.370 cm\u00b3/cm\u00b3)""]",PROTOTYPE OPERATIONAL TRIGGER PARAMETERS — REQUIRES REGIONAL SCIENTIFIC CALIBRATION
NER_PILOT_01,"Gangtok, Sikkim",Sikkim,27.33,88.61,2025-07-24,15.139999389648438,33.57499980926514,105.18500208854675,0.21891453862190247,WARNING,PM_6PM,PM_NON_RECOMMENDED,VALID,VALID,COMPLETE,2025-07-24,0,3B-DAY.MS.MRG.3IMERG.20250724-S000000-E235959.V07B.nc4,SMAP_L3_SM_P_20250724_R19240_001.h5,mm/day,cm^3/cm^3,29.4,LOW,"[""Low overall dynamic environmental triggering pressure""]",PROTOTYPE OPERATIONAL TRIGGER PARAMETERS — REQUIRES REGIONAL SCIENTIFIC CALIBRATION
NER_PILOT_02,"Guwahati, Assam",Assam,26.14,91.73,2025-07-24,9.065000534057617,12.565000534057617,45.31500029563904,0.29993003606796265,WARNING,PM_6PM,PM_NON_RECOMMENDED,VALID,VALID,COMPLETE,2025-07-24,0,3B-DAY.MS.MRG.3IMERG.20250724-S000000-E235959.V07B.nc4,SMAP_L3_SM_P_20250724_R19240_001.h5,mm/day,cm^3/cm^3,22.19,LOW,"[""Low overall dynamic environmental triggering pressure""]",PROTOTYPE OPERATIONAL TRIGGER PARAMETERS — REQUIRES REGIONAL SCIENTIFIC CALIBRATION
NER_PILOT_03,"Shillong, Meghalaya",Meghalaya,25.57,91.88,2025-07-24,82.07000732421875,88.91500759124756,155.0200047492981,0.35322147607803345,HIGH,AM_PM_MEAN,AM_PM_RECOMMENDED_MEAN,VALID,VALID,COMPLETE,2025-07-24,0,3B-DAY.MS.MRG.3IMERG.20250724-S000000-E235959.V07B.nc4,SMAP_L3_SM_P_20250724_R19240_001.h5,mm/day,cm^3/cm^3,70.5,HIGH,"[""Heavy 1-day rainfall accumulation (82.1 mm/day)"", ""High volumetric soil moisture saturation (0.353 cm\u00b3/cm\u00b3)""]",PROTOTYPE OPERATIONAL TRIGGER PARAMETERS — REQUIRES REGIONAL SCIENTIFIC CALIBRATION
NER_PILOT_04,"Aizawl, Mizoram",Mizoram,23.73,92.71,2025-07-24,11.489997863769531,14.819997906684875,94.8099936246872,,INVALID,N/A,INVALID_RETRIEVAL,VALID,INVALID_RETRIEVAL,PARTIAL_RAINFALL_ONLY,2025-07-24,0,3B-DAY.MS.MRG.3IMERG.20250724-S000000-E235959.V07B.nc4,SMAP_L3_SM_P_20250724_R19240_001.h5,mm/day,cm^3/cm^3,17.49,LOW,"[""Low overall dynamic environmental triggering pressure""]",PROTOTYPE OPERATIONAL TRIGGER PARAMETERS — REQUIRES REGIONAL SCIENTIFIC CALIBRATION
NER_PILOT_05,"Kohima, Nagaland",Nagaland,25.67,94.11,2025-07-24,12.28499984741211,19.59499967098236,30.214998602867126,,INVALID,N/A,INVALID_RETRIEVAL,VALID,INVALID_RETRIEVAL,PARTIAL_RAINFALL_ONLY,2025-07-24,0,3B-DAY.MS.MRG.3IMERG.20250724-S000000-E235959.V07B.nc4,SMAP_L3_SM_P_20250724_R19240_001.h5,mm/day,cm^3/cm^3,12.53,LOW,"[""Low overall dynamic environmental triggering pressure""]",PROTOTYPE OPERATIONAL TRIGGER PARAMETERS — REQUIRES REGIONAL SCIENTIFIC CALIBRATION
NER_PILOT_06,"Imphal, Manipur",Manipur,24.81,93.94,2025-07-24,28.65999984741211,31.15999984741211,47.41499948501587,,INVALID,N/A,INVALID_RETRIEVAL,VALID,INVALID_RETRIEVAL,PARTIAL_RAINFALL_ONLY,2025-07-24,0,3B-DAY.MS.MRG.3IMERG.20250724-S000000-E235959.V07B.nc4,SMAP_L3_SM_P_20250724_R19240_001.h5,mm/day,cm^3/cm^3,23.28,LOW,"[""Low overall dynamic environmental triggering pressure""]",PROTOTYPE OPERATIONAL TRIGGER PARAMETERS — REQUIRES REGIONAL SCIENTIFIC CALIBRATION
NER_PILOT_07,"Itanagar, Arunachal Pradesh",Arunachal Pradesh,27.08,93.61,2025-07-24,10.959999084472656,16.60499918460846,85.53500139713287,0.022238582372665405,WARNING,AM_6AM,AM_NON_RECOMMENDED,VALID,VALID,COMPLETE,2025-07-24,0,3B-DAY.MS.MRG.3IMERG.20250724-S000000-E235959.V07B.nc4,SMAP_L3_SM_P_20250724_R19240_001.h5,mm/day,cm^3/cm^3,14.44,LOW,"[""Low overall dynamic environmental triggering pressure""]",PROTOTYPE OPERATIONAL TRIGGER PARAMETERS — REQUIRES REGIONAL SCIENTIFIC CALIBRATION
NER_PILOT_08,"Agartala, Tripura",Tripura,23.83,91.28,2025-07-24,11.960000038146973,81.88499355316162,125.06499260663986,0.3301031291484833,RECOMMENDED,PM_6PM,PM_RECOMMENDED,VALID,VALID,COMPLETE,2025-07-24,0,3B-DAY.MS.MRG.3IMERG.20250724-S000000-E235959.V07B.nc4,SMAP_L3_SM_P_20250724_R19240_001.h5,mm/day,cm^3/cm^3,44.64,MODERATE,"[""High volumetric soil moisture saturation (0.330 cm\u00b3/cm\u00b3)""]",PROTOTYPE OPERATIONAL TRIGGER PARAMETERS — REQUIRES REGIONAL SCIENTIFIC CALIBRATION
GSI_SITE_01,Kukinala slide (Hailakandi),Assam,24.27,92.5,2025-07-24,7.944999694824219,9.264999687671661,50.374995335005224,0.3301031291484833,RECOMMENDED,PM_6PM,PM_RECOMMENDED,VALID,VALID,COMPLETE,2025-07-24,0,3B-DAY.MS.MRG.3IMERG.20250724-S000000-E235959.V07B.nc4,SMAP_L3_SM_P_20250724_R19240_001.h5,mm/day,cm^3/cm^3,22.94,LOW,"[""High volumetric soil moisture saturation (0.330 cm\u00b3/cm\u00b3)""]",PROTOTYPE OPERATIONAL TRIGGER PARAMETERS — REQUIRES REGIONAL SCIENTIFIC CALIBRATION
GSI_SITE_02,Jalnachaura slide (Hailakandi),Assam,24.31,92.56,2025-07-24,11.729999542236328,13.419999659061432,28.234998494386673,0.3301031291484833,RECOMMENDED,PM_6PM,PM_RECOMMENDED,VALID,VALID,COMPLETE,2025-07-24,0,3B-DAY.MS.MRG.3IMERG.20250724-S000000-E235959.V07B.nc4,SMAP_L3_SM_P_20250724_R19240_001.h5,mm/day,cm^3/cm^3,23.13,LOW,"[""High volumetric soil moisture saturation (0.330 cm\u00b3/cm\u00b3)""]",PROTOTYPE OPERATIONAL TRIGGER PARAMETERS — REQUIRES REGIONAL SCIENTIFIC CALIBRATION
GSI_SITE_03,Nandagram slide (Hailakandi),Assam,24.32,92.51,2025-07-24,11.729999542236328,13.419999659061432,28.234998494386673,0.3301031291484833,RECOMMENDED,PM_6PM,PM_RECOMMENDED,VALID,VALID,COMPLETE,2025-07-24,0,3B-DAY.MS.MRG.3IMERG.20250724-S000000-E235959.V07B.nc4,SMAP_L3_SM_P_20250724_R19240_001.h5,mm/day,cm^3/cm^3,23.13,LOW,"[""High volumetric soil moisture saturation (0.330 cm\u00b3/cm\u00b3)""]",PROTOTYPE OPERATIONAL TRIGGER PARAMETERS — REQUIRES REGIONAL SCIENTIFIC CALIBRATION
GSI_SITE_04,Nishkar slide (Hailakandi),Assam,24.43,92.55,2025-07-24,9.75,11.149999976158142,21.22499990463257,0.3301031291484833,RECOMMENDED,PM_6PM,PM_RECOMMENDED,VALID,VALID,COMPLETE,2025-07-24,0,3B-DAY.MS.MRG.3IMERG.20250724-S000000-E235959.V07B.nc4,SMAP_L3_SM_P_20250724_R19240_001.h5,mm/day,cm^3/cm^3,21.52,LOW,"[""High volumetric soil moisture saturation (0.330 cm\u00b3/cm\u00b3)""]",PROTOTYPE OPERATIONAL TRIGGER PARAMETERS — REQUIRES REGIONAL SCIENTIFIC CALIBRATION
GSI_SITE_05,Paglacherra slide (Karimganj),Assam,24.44,92.5,2025-07-24,4.560000419616699,4.955000415444374,24.809996768832207,0.3301031291484833,RECOMMENDED,PM_6PM,PM_RECOMMENDED,VALID,VALID,COMPLETE,2025-07-24,0,3B-DAY.MS.MRG.3IMERG.20250724-S000000-E235959.V07B.nc4,SMAP_L3_SM_P_20250724_R19240_001.h5,mm/day,cm^3/cm^3,19.02,LOW,"[""High volumetric soil moisture saturation (0.330 cm\u00b3/cm\u00b3)""]",PROTOTYPE OPERATIONAL TRIGGER PARAMETERS — REQUIRES REGIONAL SCIENTIFIC CALIBRATION
GSI_SITE_06,Lalpani slide (Hailakandi),Assam,24.44,92.56,2025-07-24,9.75,11.149999976158142,21.22499990463257,0.3301031291484833,RECOMMENDED,PM_6PM,PM_RECOMMENDED,VALID,VALID,COMPLETE,2025-07-24,0,3B-DAY.MS.MRG.3IMERG.20250724-S000000-E235959.V07B.nc4,SMAP_L3_SM_P_20250724_R19240_001.h5,mm/day,cm^3/cm^3,21.52,LOW,"[""High volumetric soil moisture saturation (0.330 cm\u00b3/cm\u00b3)""]",PROTOTYPE OPERATIONAL TRIGGER PARAMETERS — REQUIRES REGIONAL SCIENTIFIC CALIBRATION
GSI_SITE_07,Garapunjislide (Hailakandi),Assam,24.46,92.52,2025-07-24,9.75,11.149999976158142,21.22499990463257,0.3939857482910156,RECOMMENDED,PM_6PM,PM_RECOMMENDED,VALID,VALID,COMPLETE,2025-07-24,0,3B-DAY.MS.MRG.3IMERG.20250724-S000000-E235959.V07B.nc4,SMAP_L3_SM_P_20250724_R19240_001.h5,mm/day,cm^3/cm^3,24.36,LOW,"[""High volumetric soil moisture saturation (0.394 cm\u00b3/cm\u00b3)""]",PROTOTYPE OPERATIONAL TRIGGER PARAMETERS — REQUIRES REGIONAL SCIENTIFIC CALIBRATION
NER_PILOT_01,"Gangtok, Sikkim",Sikkim,27.33,88.61,2025-07-25,8.1899995803833,26.244998931884766,109.95000171661377,,INVALID,N/A,INVALID_RETRIEVAL,VALID,INVALID_RETRIEVAL,PARTIAL_RAINFALL_ONLY,2025-07-25,0,3B-DAY.MS.MRG.3IMERG.20250725-S000000-E235959.V07B.nc4,SMAP_L3_SM_P_20250725_R19240_001.h5,mm/day,cm^3/cm^3,20.63,LOW,"[""Low overall dynamic environmental triggering pressure""]",PROTOTYPE OPERATIONAL TRIGGER PARAMETERS — REQUIRES REGIONAL SCIENTIFIC CALIBRATION
NER_PILOT_02,"Guwahati, Assam",Assam,26.14,91.73,2025-07-25,5.50499963760376,14.570000171661377,50.079999923706055,,INVALID,N/A,INVALID_RETRIEVAL,VALID,INVALID_RETRIEVAL,PARTIAL_RAINFALL_ONLY,2025-07-25,0,3B-DAY.MS.MRG.3IMERG.20250725-S000000-E235959.V07B.nc4,SMAP_L3_SM_P_20250725_R19240_001.h5,mm/day,cm^3/cm^3,10.71,LOW,"[""Low overall dynamic environmental triggering pressure""]",PROTOTYPE OPERATIONAL TRIGGER PARAMETERS — REQUIRES REGIONAL SCIENTIFIC CALIBRATION
NER_PILOT_03,"Shillong, Meghalaya",Meghalaya,25.57,91.88,2025-07-25,13.994998931884766,97.19000625610352,164.56500339508057,,INVALID,N/A,INVALID_RETRIEVAL,VALID,INVALID_RETRIEVAL,PARTIAL_RAINFALL_ONLY,2025-07-25,0,3B-DAY.MS.MRG.3IMERG.20250725-S000000-E235959.V07B.nc4,SMAP_L3_SM_P_20250725_R19240_001.h5,mm/day,cm^3/cm^3,46.0,MODERATE,"[""Low overall dynamic environmental triggering pressure""]",PROTOTYPE OPERATIONAL TRIGGER PARAMETERS — REQUIRES REGIONAL SCIENTIFIC CALIBRATION
NER_PILOT_04,"Aizawl, Mizoram",Mizoram,23.73,92.71,2025-07-25,14.280000686645508,28.26999855041504,107.66499435901642,,INVALID,N/A,INVALID_RETRIEVAL,VALID,INVALID_RETRIEVAL,PARTIAL_RAINFALL_ONLY,2025-07-25,0,3B-DAY.MS.MRG.3IMERG.20250725-S000000-E235959.V07B.nc4,SMAP_L3_SM_P_20250725_R19240_001.h5,mm/day,cm^3/cm^3,23.19,LOW,"[""Low overall dynamic environmental triggering pressure""]",PROTOTYPE OPERATIONAL TRIGGER PARAMETERS — REQUIRES REGIONAL SCIENTIFIC CALIBRATION
NER_PILOT_05,"Kohima, Nagaland",Nagaland,25.67,94.11,2025-07-25,0.9449999928474426,19.05499964952469,30.419998586177826,,INVALID,N/A,INVALID_RETRIEVAL,VALID,INVALID_RETRIEVAL,PARTIAL_RAINFALL_ONLY,2025-07-25,0,3B-DAY.MS.MRG.3IMERG.20250725-S000000-E235959.V07B.nc4,SMAP_L3_SM_P_20250725_R19240_001.h5,mm/day,cm^3/cm^3,8.16,LOW,"[""Low overall dynamic environmental triggering pressure""]",PROTOTYPE OPERATIONAL TRIGGER PARAMETERS — REQUIRES REGIONAL SCIENTIFIC CALIBRATION
NER_PILOT_06,"Imphal, Manipur",Manipur,24.81,93.94,2025-07-25,10.374999046325684,41.53499889373779,53.5199990272522,,INVALID,N/A,INVALID_RETRIEVAL,VALID,INVALID_RETRIEVAL,PARTIAL_RAINFALL_ONLY,2025-07-25,0,3B-DAY.MS.MRG.3IMERG.20250725-S000000-E235959.V07B.nc4,SMAP_L3_SM_P_20250725_R19240_001.h5,mm/day,cm^3/cm^3,19.63,LOW,"[""Low overall dynamic environmental triggering pressure""]",PROTOTYPE OPERATIONAL TRIGGER PARAMETERS — REQUIRES REGIONAL SCIENTIFIC CALIBRATION
NER_PILOT_07,"Itanagar, Arunachal Pradesh",Arunachal Pradesh,27.08,93.61,2025-07-25,13.680001258850098,26.15500032901764,94.46000301837921,,INVALID,N/A,INVALID_RETRIEVAL,VALID,INVALID_RETRIEVAL,PARTIAL_RAINFALL_ONLY,2025-07-25,0,3B-DAY.MS.MRG.3IMERG.20250725-S000000-E235959.V07B.nc4,SMAP_L3_SM_P_20250725_R19240_001.h5,mm/day,cm^3/cm^3,21.11,LOW,"[""Low overall dynamic environmental triggering pressure""]",PROTOTYPE OPERATIONAL TRIGGER PARAMETERS — REQUIRES REGIONAL SCIENTIFIC CALIBRATION
NER_PILOT_08,"Agartala, Tripura",Tripura,23.83,91.28,2025-07-25,5.420000076293945,66.66999340057373,130.28499269485474,,INVALID,N/A,INVALID_RETRIEVAL,VALID,INVALID_RETRIEVAL,PARTIAL_RAINFALL_ONLY,2025-07-25,0,3B-DAY.MS.MRG.3IMERG.20250725-S000000-E235959.V07B.nc4,SMAP_L3_SM_P_20250725_R19240_001.h5,mm/day,cm^3/cm^3,31.73,LOW,"[""Low overall dynamic environmental triggering pressure""]",PROTOTYPE OPERATIONAL TRIGGER PARAMETERS — REQUIRES REGIONAL SCIENTIFIC CALIBRATION
GSI_SITE_01,Kukinala slide (Hailakandi),Assam,24.27,92.5,2025-07-25,14.279998779296875,22.794998466968536,64.49499411787838,,INVALID,N/A,INVALID_RETRIEVAL,VALID,INVALID_RETRIEVAL,PARTIAL_RAINFALL_ONLY,2025-07-25,0,3B-DAY.MS.MRG.3IMERG.20250725-S000000-E235959.V07B.nc4,SMAP_L3_SM_P_20250725_R19240_001.h5,mm/day,cm^3/cm^3,17.5,LOW,"[""Low overall dynamic environmental triggering pressure""]",PROTOTYPE OPERATIONAL TRIGGER PARAMETERS — REQUIRES REGIONAL SCIENTIFIC CALIBRATION
GSI_SITE_02,Jalnachaura slide (Hailakandi),Assam,24.31,92.56,2025-07-25,16.81000328063965,28.95000284910202,44.945001780986786,,INVALID,N/A,INVALID_RETRIEVAL,VALID,INVALID_RETRIEVAL,PARTIAL_RAINFALL_ONLY,2025-07-25,0,3B-DAY.MS.MRG.3IMERG.20250725-S000000-E235959.V07B.nc4,SMAP_L3_SM_P_20250725_R19240_001.h5,mm/day,cm^3/cm^3,18.04,LOW,"[""Low overall dynamic environmental triggering pressure""]",PROTOTYPE OPERATIONAL TRIGGER PARAMETERS — REQUIRES REGIONAL SCIENTIFIC CALIBRATION
GSI_SITE_03,Nandagram slide (Hailakandi),Assam,24.32,92.51,2025-07-25,16.81000328063965,28.95000284910202,44.945001780986786,,INVALID,N/A,INVALID_RETRIEVAL,VALID,INVALID_RETRIEVAL,PARTIAL_RAINFALL_ONLY,2025-07-25,0,3B-DAY.MS.MRG.3IMERG.20250725-S000000-E235959.V07B.nc4,SMAP_L3_SM_P_20250725_R19240_001.h5,mm/day,cm^3/cm^3,18.04,LOW,"[""Low overall dynamic environmental triggering pressure""]",PROTOTYPE OPERATIONAL TRIGGER PARAMETERS — REQUIRES REGIONAL SCIENTIFIC CALIBRATION
GSI_SITE_04,Nishkar slide (Hailakandi),Assam,24.43,92.55,2025-07-25,18.92500114440918,29.120001137256622,39.42000102996826,,INVALID,N/A,INVALID_RETRIEVAL,VALID,INVALID_RETRIEVAL,PARTIAL_RAINFALL_ONLY,2025-07-25,0,3B-DAY.MS.MRG.3IMERG.20250725-S000000-E235959.V07B.nc4,SMAP_L3_SM_P_20250725_R19240_001.h5,mm/day,cm^3/cm^3,18.32,LOW,"[""Low overall dynamic environmental triggering pressure""]",PROTOTYPE OPERATIONAL TRIGGER PARAMETERS — REQUIRES REGIONAL SCIENTIFIC CALIBRATION
GSI_SITE_05,Paglacherra slide (Karimganj),Assam,24.44,92.5,2025-07-25,9.100000381469727,13.97500079870224,33.539997175335884,,INVALID,N/A,INVALID_RETRIEVAL,VALID,INVALID_RETRIEVAL,PARTIAL_RAINFALL_ONLY,2025-07-25,0,3B-DAY.MS.MRG.3IMERG.20250725-S000000-E235959.V07B.nc4,SMAP_L3_SM_P_20250725_R19240_001.h5,mm/day,cm^3/cm^3,10.26,LOW,"[""Low overall dynamic environmental triggering pressure""]",PROTOTYPE OPERATIONAL TRIGGER PARAMETERS — REQUIRES REGIONAL SCIENTIFIC CALIBRATION
GSI_SITE_06,Lalpani slide (Hailakandi),Assam,24.44,92.56,2025-07-25,18.92500114440918,29.120001137256622,39.42000102996826,,INVALID,N/A,INVALID_RETRIEVAL,VALID,INVALID_RETRIEVAL,PARTIAL_RAINFALL_ONLY,2025-07-25,0,3B-DAY.MS.MRG.3IMERG.20250725-S000000-E235959.V07B.nc4,SMAP_L3_SM_P_20250725_R19240_001.h5,mm/day,cm^3/cm^3,18.32,LOW,"[""Low overall dynamic environmental triggering pressure""]",PROTOTYPE OPERATIONAL TRIGGER PARAMETERS — REQUIRES REGIONAL SCIENTIFIC CALIBRATION
GSI_SITE_07,Garapunjislide (Hailakandi),Assam,24.46,92.52,2025-07-25,18.92500114440918,29.120001137256622,39.42000102996826,,INVALID,N/A,INVALID_RETRIEVAL,VALID,INVALID_RETRIEVAL,PARTIAL_RAINFALL_ONLY,2025-07-25,0,3B-DAY.MS.MRG.3IMERG.20250725-S000000-E235959.V07B.nc4,SMAP_L3_SM_P_20250725_R19240_001.h5,mm/day,cm^3/cm^3,18.32,LOW,"[""Low overall dynamic environmental triggering pressure""]",PROTOTYPE OPERATIONAL TRIGGER PARAMETERS — REQUIRES REGIONAL SCIENTIFIC CALIBRATION
NER_PILOT_01,"Gangtok, Sikkim",Sikkim,27.33,88.61,2025-07-26,20.399999618530273,43.72999858856201,88.38999843597412,0.274235337972641,WARNING,AM_PM_MEAN,AM_PM_NON_RECOMMENDED_MEAN,VALID,VALID,COMPLETE,2025-07-26,0,3B-DAY.MS.MRG.3IMERG.20250726-S000000-E235959.V07B.nc4,SMAP_L3_SM_P_20250726_R19240_002.h5,mm/day,cm^3/cm^3,34.13,LOW,"[""Low overall dynamic environmental triggering pressure""]",PROTOTYPE OPERATIONAL TRIGGER PARAMETERS — REQUIRES REGIONAL SCIENTIFIC CALIBRATION
NER_PILOT_02,"Guwahati, Assam",Assam,26.14,91.73,2025-07-26,16.78499984741211,31.355000019073486,61.9549994468689,0.40395477414131165,WARNING,PM_6PM,PM_NON_RECOMMENDED,VALID,VALID,COMPLETE,2025-07-26,0,3B-DAY.MS.MRG.3IMERG.20250726-S000000-E235959.V07B.nc4,SMAP_L3_SM_P_20250726_R19240_002.h5,mm/day,cm^3/cm^3,34.22,LOW,"[""High volumetric soil moisture saturation (0.404 cm\u00b3/cm\u00b3)""]",PROTOTYPE OPERATIONAL TRIGGER PARAMETERS — REQUIRES REGIONAL SCIENTIFIC CALIBRATION
NER_PILOT_03,"Shillong, Meghalaya",Meghalaya,25.57,91.88,2025-07-26,13.834999084472656,109.90000534057617,160.72500133514404,0.29863983392715454,HIGH,AM_PM_MEAN,AM_PM_RECOMMENDED_MEAN,VALID,VALID,COMPLETE,2025-07-26,0,3B-DAY.MS.MRG.3IMERG.20250726-S000000-E235959.V07B.nc4,SMAP_L3_SM_P_20250726_R19240_002.h5,mm/day,cm^3/cm^3,52.26,MODERATE,"[""High 3-day antecedent precipitation (109.9 mm)""]",PROTOTYPE OPERATIONAL TRIGGER PARAMETERS — REQUIRES REGIONAL SCIENTIFIC CALIBRATION
NER_PILOT_04,"Aizawl, Mizoram",Mizoram,23.73,92.71,2025-07-26,0.7549999952316284,26.524998545646667,58.52499771118164,,INVALID,N/A,INVALID_RETRIEVAL,VALID,INVALID_RETRIEVAL,PARTIAL_RAINFALL_ONLY,2025-07-26,0,3B-DAY.MS.MRG.3IMERG.20250726-S000000-E235959.V07B.nc4,SMAP_L3_SM_P_20250726_R19240_002.h5,mm/day,cm^3/cm^3,12.77,LOW,"[""Low overall dynamic environmental triggering pressure""]",PROTOTYPE OPERATIONAL TRIGGER PARAMETERS — REQUIRES REGIONAL SCIENTIFIC CALIBRATION
NER_PILOT_05,"Kohima, Nagaland",Nagaland,25.67,94.11,2025-07-26,21.17999839782715,34.4099982380867,48.32499760389328,,INVALID,N/A,INVALID_RETRIEVAL,VALID,INVALID_RETRIEVAL,PARTIAL_RAINFALL_ONLY,2025-07-26,0,3B-DAY.MS.MRG.3IMERG.20250726-S000000-E235959.V07B.nc4,SMAP_L3_SM_P_20250726_R19240_002.h5,mm/day,cm^3/cm^3,21.38,LOW,"[""Low overall dynamic environmental triggering pressure""]",PROTOTYPE OPERATIONAL TRIGGER PARAMETERS — REQUIRES REGIONAL SCIENTIFIC CALIBRATION
NER_PILOT_06,"Imphal, Manipur",Manipur,24.81,93.94,2025-07-26,25.270002365112305,64.3050012588501,71.67000150680542,,INVALID,N/A,INVALID_RETRIEVAL,VALID,INVALID_RETRIEVAL,PARTIAL_RAINFALL_ONLY,2025-07-26,0,3B-DAY.MS.MRG.3IMERG.20250726-S000000-E235959.V07B.nc4,SMAP_L3_SM_P_20250726_R19240_002.h5,mm/day,cm^3/cm^3,32.72,LOW,"[""Low overall dynamic environmental triggering pressure""]",PROTOTYPE OPERATIONAL TRIGGER PARAMETERS — REQUIRES REGIONAL SCIENTIFIC CALIBRATION
NER_PILOT_07,"Itanagar, Arunachal Pradesh",Arunachal Pradesh,27.08,93.61,2025-07-26,51.05999755859375,75.6999979019165,102.00999844074249,0.13147379457950592,WARNING,AM_6AM,AM_NON_RECOMMENDED,VALID,VALID,COMPLETE,2025-07-26,0,3B-DAY.MS.MRG.3IMERG.20250726-S000000-E235959.V07B.nc4,SMAP_L3_SM_P_20250726_R19240_002.h5,mm/day,cm^3/cm^3,44.46,MODERATE,"[""Heavy 1-day rainfall accumulation (51.1 mm/day)""]",PROTOTYPE OPERATIONAL TRIGGER PARAMETERS — REQUIRES REGIONAL SCIENTIFIC CALIBRATION
NER_PILOT_08,"Agartala, Tripura",Tripura,23.83,91.28,2025-07-26,18.81999969482422,36.19999980926514,147.6649923324585,,INVALID,N/A,INVALID_RETRIEVAL,VALID,INVALID_RETRIEVAL,PARTIAL_RAINFALL_ONLY,2025-07-26,0,3B-DAY.MS.MRG.3IMERG.20250726-S000000-E235959.V07B.nc4,SMAP_L3_SM_P_20250726_R19240_002.h5,mm/day,cm^3/cm^3,30.87,LOW,"[""Low overall dynamic environmental triggering pressure""]",PROTOTYPE OPERATIONAL TRIGGER PARAMETERS — REQUIRES REGIONAL SCIENTIFIC CALIBRATION
GSI_SITE_01,Kukinala slide (Hailakandi),Assam,24.27,92.5,2025-07-26,7.620000839233398,29.844999313354492,67.56999488081783,,INVALID,N/A,INVALID_RETRIEVAL,VALID,INVALID_RETRIEVAL,PARTIAL_RAINFALL_ONLY,2025-07-26,0,3B-DAY.MS.MRG.3IMERG.20250726-S000000-E235959.V07B.nc4,SMAP_L3_SM_P_20250726_R19240_002.h5,mm/day,cm^3/cm^3,17.08,LOW,"[""Low overall dynamic environmental triggering pressure""]",PROTOTYPE OPERATIONAL TRIGGER PARAMETERS — REQUIRES REGIONAL SCIENTIFIC CALIBRATION
GSI_SITE_02,Jalnachaura slide (Hailakandi),Assam,24.31,92.56,2025-07-26,38.79999923706055,67.34000205993652,81.14500135183334,,INVALID,N/A,INVALID_RETRIEVAL,VALID,INVALID_RETRIEVAL,PARTIAL_RAINFALL_ONLY,2025-07-26,0,3B-DAY.MS.MRG.3IMERG.20250726-S000000-E235959.V07B.nc4,SMAP_L3_SM_P_20250726_R19240_002.h5,mm/day,cm^3/cm^3,39.5,LOW,"[""Low overall dynamic environmental triggering pressure""]",PROTOTYPE OPERATIONAL TRIGGER PARAMETERS — REQUIRES REGIONAL SCIENTIFIC CALIBRATION
GSI_SITE_03,Nandagram slide (Hailakandi),Assam,24.32,92.51,2025-07-26,38.79999923706055,67.34000205993652,81.14500135183334,,INVALID,N/A,INVALID_RETRIEVAL,VALID,INVALID_RETRIEVAL,PARTIAL_RAINFALL_ONLY,2025-07-26,0,3B-DAY.MS.MRG.3IMERG.20250726-S000000-E235959.V07B.nc4,SMAP_L3_SM_P_20250726_R19240_002.h5,mm/day,cm^3/cm^3,39.5,LOW,"[""Low overall dynamic environmental triggering pressure""]",PROTOTYPE OPERATIONAL TRIGGER PARAMETERS — REQUIRES REGIONAL SCIENTIFIC CALIBRATION
GSI_SITE_04,Nishkar slide (Hailakandi),Assam,24.43,92.55,2025-07-26,9.584999084472656,38.260000228881836,47.19500017166138,,INVALID,N/A,INVALID_RETRIEVAL,VALID,INVALID_RETRIEVAL,PARTIAL_RAINFALL_ONLY,2025-07-26,0,3B-DAY.MS.MRG.3IMERG.20250726-S000000-E235959.V07B.nc4,SMAP_L3_SM_P_20250726_R19240_002.h5,mm/day,cm^3/cm^3,17.88,LOW,"[""Low overall dynamic environmental triggering pressure""]",PROTOTYPE OPERATIONAL TRIGGER PARAMETERS — REQUIRES REGIONAL SCIENTIFIC CALIBRATION
GSI_SITE_05,Paglacherra slide (Karimganj),Assam,24.44,92.5,2025-07-26,13.5,27.160000801086426,45.57999713718891,,INVALID,N/A,INVALID_RETRIEVAL,VALID,INVALID_RETRIEVAL,PARTIAL_RAINFALL_ONLY,2025-07-26,0,3B-DAY.MS.MRG.3IMERG.20250726-S000000-E235959.V07B.nc4,SMAP_L3_SM_P_20250726_R19240_002.h5,mm/day,cm^3/cm^3,16.41,LOW,"[""Low overall dynamic environmental triggering pressure""]",PROTOTYPE OPERATIONAL TRIGGER PARAMETERS — REQUIRES REGIONAL SCIENTIFIC CALIBRATION
GSI_SITE_06,Lalpani slide (Hailakandi),Assam,24.44,92.56,2025-07-26,9.584999084472656,38.260000228881836,47.19500017166138,,INVALID,N/A,INVALID_RETRIEVAL,VALID,INVALID_RETRIEVAL,PARTIAL_RAINFALL_ONLY,2025-07-26,0,3B-DAY.MS.MRG.3IMERG.20250726-S000000-E235959.V07B.nc4,SMAP_L3_SM_P_20250726_R19240_002.h5,mm/day,cm^3/cm^3,17.88,LOW,"[""Low overall dynamic environmental triggering pressure""]",PROTOTYPE OPERATIONAL TRIGGER PARAMETERS — REQUIRES REGIONAL SCIENTIFIC CALIBRATION
GSI_SITE_07,Garapunjislide (Hailakandi),Assam,24.46,92.52,2025-07-26,9.584999084472656,38.260000228881836,47.19500017166138,0.4136195778846741,RECOMMENDED,AM_6AM,AM_RECOMMENDED,VALID,VALID,COMPLETE,2025-07-26,0,3B-DAY.MS.MRG.3IMERG.20250726-S000000-E235959.V07B.nc4,SMAP_L3_SM_P_20250726_R19240_002.h5,mm/day,cm^3/cm^3,32.69,LOW,"[""High volumetric soil moisture saturation (0.414 cm\u00b3/cm\u00b3)""]",PROTOTYPE OPERATIONAL TRIGGER PARAMETERS — REQUIRES REGIONAL SCIENTIFIC CALIBRATION
NER_PILOT_01,"Gangtok, Sikkim",Sikkim,27.33,88.61,2025-07-27,28.77499771118164,57.364996910095215,100.28499698638916,0.2336752712726593,WARNING,PM_6PM,PM_NON_RECOMMENDED,VALID,VALID,COMPLETE,2025-07-27,0,3B-DAY.MS.MRG.3IMERG.20250727-S000000-E235959.V07B.nc4,SMAP_L3_SM_P_20250727_R19240_001.h5,mm/day,cm^3/cm^3,38.51,LOW,"[""Low overall dynamic environmental triggering pressure""]",PROTOTYPE OPERATIONAL TRIGGER PARAMETERS — REQUIRES REGIONAL SCIENTIFIC CALIBRATION
NER_PILOT_02,"Guwahati, Assam",Assam,26.14,91.73,2025-07-27,20.190000534057617,42.480000019073486,69.84000062942505,,INVALID,N/A,INVALID_RETRIEVAL,VALID,INVALID_RETRIEVAL,PARTIAL_RAINFALL_ONLY,2025-07-27,0,3B-DAY.MS.MRG.3IMERG.20250727-S000000-E235959.V07B.nc4,SMAP_L3_SM_P_20250727_R19240_001.h5,mm/day,cm^3/cm^3,25.18,LOW,"[""Low overall dynamic environmental triggering pressure""]",PROTOTYPE OPERATIONAL TRIGGER PARAMETERS — REQUIRES REGIONAL SCIENTIFIC CALIBRATION
NER_PILOT_03,"Shillong, Meghalaya",Meghalaya,25.57,91.88,2025-07-27,68.75498962402344,96.58498764038086,203.64999294281006,,INVALID,N/A,INVALID_RETRIEVAL,VALID,INVALID_RETRIEVAL,PARTIAL_RAINFALL_ONLY,2025-07-27,0,3B-DAY.MS.MRG.3IMERG.20250727-S000000-E235959.V07B.nc4,SMAP_L3_SM_P_20250727_R19240_001.h5,mm/day,cm^3/cm^3,70.29,HIGH,"[""Heavy 1-day rainfall accumulation (68.8 mm/day)"", ""Sustained 7-day antecedent precipitation (203.6 mm)""]",PROTOTYPE OPERATIONAL TRIGGER PARAMETERS — REQUIRES REGIONAL SCIENTIFIC CALIBRATION
NER_PILOT_04,"Aizawl, Mizoram",Mizoram,23.73,92.71,2025-07-27,12.540000915527344,27.57500159740448,61.539998054504395,,INVALID,N/A,INVALID_RETRIEVAL,VALID,INVALID_RETRIEVAL,PARTIAL_RAINFALL_ONLY,2025-07-27,0,3B-DAY.MS.MRG.3IMERG.20250727-S000000-E235959.V07B.nc4,SMAP_L3_SM_P_20250727_R19240_001.h5,mm/day,cm^3/cm^3,17.75,LOW,"[""Low overall dynamic environmental triggering pressure""]",PROTOTYPE OPERATIONAL TRIGGER PARAMETERS — REQUIRES REGIONAL SCIENTIFIC CALIBRATION
NER_PILOT_05,"Kohima, Nagaland",Nagaland,25.67,94.11,2025-07-27,17.454999923706055,39.579998314380646,63.63499754667282,,INVALID,N/A,INVALID_RETRIEVAL,VALID,INVALID_RETRIEVAL,PARTIAL_RAINFALL_ONLY,2025-07-27,0,3B-DAY.MS.MRG.3IMERG.20250727-S000000-E235959.V07B.nc4,SMAP_L3_SM_P_20250727_R19240_001.h5,mm/day,cm^3/cm^3,22.8,LOW,"[""Low overall dynamic environmental triggering pressure""]",PROTOTYPE OPERATIONAL TRIGGER PARAMETERS — REQUIRES REGIONAL SCIENTIFIC CALIBRATION
NER_PILOT_06,"Imphal, Manipur",Manipur,24.81,93.94,2025-07-27,78.2300033569336,113.87500476837158,147.1800045967102,,INVALID,N/A,INVALID_RETRIEVAL,VALID,INVALID_RETRIEVAL,PARTIAL_RAINFALL_ONLY,2025-07-27,0,3B-DAY.MS.MRG.3IMERG.20250727-S000000-E235959.V07B.nc4,SMAP_L3_SM_P_20250727_R19240_001.h5,mm/day,cm^3/cm^3,72.52,HIGH,"[""Heavy 1-day rainfall accumulation (78.2 mm/day)"", ""High 3-day antecedent precipitation (113.9 mm)""]",PROTOTYPE OPERATIONAL TRIGGER PARAMETERS — REQUIRES REGIONAL SCIENTIFIC CALIBRATION
NER_PILOT_07,"Itanagar, Arunachal Pradesh",Arunachal Pradesh,27.08,93.61,2025-07-27,58.800010681152344,123.54000949859619,154.42001020908356,,INVALID,N/A,INVALID_RETRIEVAL,VALID,INVALID_RETRIEVAL,PARTIAL_RAINFALL_ONLY,2025-07-27,0,3B-DAY.MS.MRG.3IMERG.20250727-S000000-E235959.V07B.nc4,SMAP_L3_SM_P_20250727_R19240_001.h5,mm/day,cm^3/cm^3,68.38,MODERATE,"[""Heavy 1-day rainfall accumulation (58.8 mm/day)"", ""High 3-day antecedent precipitation (123.5 mm)""]",PROTOTYPE OPERATIONAL TRIGGER PARAMETERS — REQUIRES REGIONAL SCIENTIFIC CALIBRATION
NER_PILOT_08,"Agartala, Tripura",Tripura,23.83,91.28,2025-07-27,7.3949995040893555,31.63499927520752,128.94499397277832,,INVALID,N/A,INVALID_RETRIEVAL,VALID,INVALID_RETRIEVAL,PARTIAL_RAINFALL_ONLY,2025-07-27,0,3B-DAY.MS.MRG.3IMERG.20250727-S000000-E235959.V07B.nc4,SMAP_L3_SM_P_20250727_R19240_001.h5,mm/day,cm^3/cm^3,23.58,LOW,"[""Low overall dynamic environmental triggering pressure""]",PROTOTYPE OPERATIONAL TRIGGER PARAMETERS — REQUIRES REGIONAL SCIENTIFIC CALIBRATION
GSI_SITE_01,Kukinala slide (Hailakandi),Assam,24.27,92.5,2025-07-27,12.045000076293945,33.94499969482422,79.59999495744705,,INVALID,N/A,INVALID_RETRIEVAL,VALID,INVALID_RETRIEVAL,PARTIAL_RAINFALL_ONLY,2025-07-27,0,3B-DAY.MS.MRG.3IMERG.20250727-S000000-E235959.V07B.nc4,SMAP_L3_SM_P_20250727_R19240_001.h5,mm/day,cm^3/cm^3,20.96,LOW,"[""Low overall dynamic environmental triggering pressure""]",PROTOTYPE OPERATIONAL TRIGGER PARAMETERS — REQUIRES REGIONAL SCIENTIFIC CALIBRATION
GSI_SITE_02,Jalnachaura slide (Hailakandi),Assam,24.31,92.56,2025-07-27,21.42500114440918,77.03500366210938,101.96000248193741,,INVALID,N/A,INVALID_RETRIEVAL,VALID,INVALID_RETRIEVAL,PARTIAL_RAINFALL_ONLY,2025-07-27,0,3B-DAY.MS.MRG.3IMERG.20250727-S000000-E235959.V07B.nc4,SMAP_L3_SM_P_20250727_R19240_001.h5,mm/day,cm^3/cm^3,37.49,LOW,"[""Low overall dynamic environmental triggering pressure""]",PROTOTYPE OPERATIONAL TRIGGER PARAMETERS — REQUIRES REGIONAL SCIENTIFIC CALIBRATION
GSI_SITE_03,Nandagram slide (Hailakandi),Assam,24.32,92.51,2025-07-27,21.42500114440918,77.03500366210938,101.96000248193741,,INVALID,N/A,INVALID_RETRIEVAL,VALID,INVALID_RETRIEVAL,PARTIAL_RAINFALL_ONLY,2025-07-27,0,3B-DAY.MS.MRG.3IMERG.20250727-S000000-E235959.V07B.nc4,SMAP_L3_SM_P_20250727_R19240_001.h5,mm/day,cm^3/cm^3,37.49,LOW,"[""Low overall dynamic environmental triggering pressure""]",PROTOTYPE OPERATIONAL TRIGGER PARAMETERS — REQUIRES REGIONAL SCIENTIFIC CALIBRATION
GSI_SITE_04,Nishkar slide (Hailakandi),Assam,24.43,92.55,2025-07-27,29.044998168945312,57.55499839782715,75.44999825954437,,INVALID,N/A,INVALID_RETRIEVAL,VALID,INVALID_RETRIEVAL,PARTIAL_RAINFALL_ONLY,2025-07-27,0,3B-DAY.MS.MRG.3IMERG.20250727-S000000-E235959.V07B.nc4,SMAP_L3_SM_P_20250727_R19240_001.h5,mm/day,cm^3/cm^3,32.83,LOW,"[""Low overall dynamic environmental triggering pressure""]",PROTOTYPE OPERATIONAL TRIGGER PARAMETERS — REQUIRES REGIONAL SCIENTIFIC CALIBRATION
GSI_SITE_05,Paglacherra slide (Karimganj),Assam,24.44,92.5,2025-07-27,19.380001068115234,41.98000144958496,64.52499820291996,,INVALID,N/A,INVALID_RETRIEVAL,VALID,INVALID_RETRIEVAL,PARTIAL_RAINFALL_ONLY,2025-07-27,0,3B-DAY.MS.MRG.3IMERG.20250727-S000000-E235959.V07B.nc4,SMAP_L3_SM_P_20250727_R19240_001.h5,mm/day,cm^3/cm^3,24.22,LOW,"[""Low overall dynamic environmental triggering pressure""]",PROTOTYPE OPERATIONAL TRIGGER PARAMETERS — REQUIRES REGIONAL SCIENTIFIC CALIBRATION
GSI_SITE_06,Lalpani slide (Hailakandi),Assam,24.44,92.56,2025-07-27,29.044998168945312,57.55499839782715,75.44999825954437,,INVALID,N/A,INVALID_RETRIEVAL,VALID,INVALID_RETRIEVAL,PARTIAL_RAINFALL_ONLY,2025-07-27,0,3B-DAY.MS.MRG.3IMERG.20250727-S000000-E235959.V07B.nc4,SMAP_L3_SM_P_20250727_R19240_001.h5,mm/day,cm^3/cm^3,32.83,LOW,"[""Low overall dynamic environmental triggering pressure""]",PROTOTYPE OPERATIONAL TRIGGER PARAMETERS — REQUIRES REGIONAL SCIENTIFIC CALIBRATION
GSI_SITE_07,Garapunjislide (Hailakandi),Assam,24.46,92.52,2025-07-27,29.044998168945312,57.55499839782715,75.44999825954437,,INVALID,N/A,INVALID_RETRIEVAL,VALID,INVALID_RETRIEVAL,PARTIAL_RAINFALL_ONLY,2025-07-27,0,3B-DAY.MS.MRG.3IMERG.20250727-S000000-E235959.V07B.nc4,SMAP_L3_SM_P_20250727_R19240_001.h5,mm/day,cm^3/cm^3,32.83,LOW,"[""Low overall dynamic environmental triggering pressure""]",PROTOTYPE OPERATIONAL TRIGGER PARAMETERS — REQUIRES REGIONAL SCIENTIFIC CALIBRATION
NER_PILOT_01,"Gangtok, Sikkim",Sikkim,27.33,88.61,2025-07-28,69.81000518798828,118.9850025177002,160.75000190734863,0.29937994480133057,WARNING,AM_6AM,AM_NON_RECOMMENDED,VALID,VALID,COMPLETE,2025-07-28,0,3B-DAY.MS.MRG.3IMERG.20250728-S000000-E235959.V07B.nc4,SMAP_L3_SM_P_20250728_R19240_001.h5,mm/day,cm^3/cm^3,70.91,HIGH,"[""Heavy 1-day rainfall accumulation (69.8 mm/day)"", ""High 3-day antecedent precipitation (119.0 mm)""]",PROTOTYPE OPERATIONAL TRIGGER PARAMETERS — REQUIRES REGIONAL SCIENTIFIC CALIBRATION
NER_PILOT_02,"Guwahati, Assam",Assam,26.14,91.73,2025-07-28,19.514995574951172,56.4899959564209,74.55999612808228,,INVALID,N/A,INVALID_RETRIEVAL,VALID,INVALID_RETRIEVAL,PARTIAL_RAINFALL_ONLY,2025-07-28,0,3B-DAY.MS.MRG.3IMERG.20250728-S000000-E235959.V07B.nc4,SMAP_L3_SM_P_20250728_R19240_001.h5,mm/day,cm^3/cm^3,28.9,LOW,"[""Low overall dynamic environmental triggering pressure""]",PROTOTYPE OPERATIONAL TRIGGER PARAMETERS — REQUIRES REGIONAL SCIENTIFIC CALIBRATION
NER_PILOT_03,"Shillong, Meghalaya",Meghalaya,25.57,91.88,2025-07-28,9.854999542236328,92.44498825073242,195.35499477386475,,INVALID,N/A,INVALID_RETRIEVAL,VALID,INVALID_RETRIEVAL,PARTIAL_RAINFALL_ONLY,2025-07-28,0,3B-DAY.MS.MRG.3IMERG.20250728-S000000-E235959.V07B.nc4,SMAP_L3_SM_P_20250728_R19240_001.h5,mm/day,cm^3/cm^3,46.34,MODERATE,"[""Sustained 7-day antecedent precipitation (195.4 mm)""]",PROTOTYPE OPERATIONAL TRIGGER PARAMETERS — REQUIRES REGIONAL SCIENTIFIC CALIBRATION
NER_PILOT_04,"Aizawl, Mizoram",Mizoram,23.73,92.71,2025-07-28,7.5149993896484375,20.81000030040741,49.90999889373779,,INVALID,N/A,INVALID_RETRIEVAL,VALID,INVALID_RETRIEVAL,PARTIAL_RAINFALL_ONLY,2025-07-28,0,3B-DAY.MS.MRG.3IMERG.20250728-S000000-E235959.V07B.nc4,SMAP_L3_SM_P_20250728_R19240_001.h5,mm/day,cm^3/cm^3,13.01,LOW,"[""Low overall dynamic environmental triggering pressure""]",PROTOTYPE OPERATIONAL TRIGGER PARAMETERS — REQUIRES REGIONAL SCIENTIFIC CALIBRATION
NER_PILOT_05,"Kohima, Nagaland",Nagaland,25.67,94.11,2025-07-28,1.7400000095367432,40.374998331069946,60.91499799489975,,INVALID,N/A,INVALID_RETRIEVAL,VALID,INVALID_RETRIEVAL,PARTIAL_RAINFALL_ONLY,2025-07-28,0,3B-DAY.MS.MRG.3IMERG.20250728-S000000-E235959.V07B.nc4,SMAP_L3_SM_P_20250728_R19240_001.h5,mm/day,cm^3/cm^3,16.84,LOW,"[""Low overall dynamic environmental triggering pressure""]",PROTOTYPE OPERATIONAL TRIGGER PARAMETERS — REQUIRES REGIONAL SCIENTIFIC CALIBRATION
NER_PILOT_06,"Imphal, Manipur",Manipur,24.81,93.94,2025-07-28,5.845000743865967,109.34500646591187,150.88000535964966,,INVALID,N/A,INVALID_RETRIEVAL,VALID,INVALID_RETRIEVAL,PARTIAL_RAINFALL_ONLY,2025-07-28,0,3B-DAY.MS.MRG.3IMERG.20250728-S000000-E235959.V07B.nc4,SMAP_L3_SM_P_20250728_R19240_001.h5,mm/day,cm^3/cm^3,44.62,MODERATE,"[""High 3-day antecedent precipitation (109.3 mm)""]",PROTOTYPE OPERATIONAL TRIGGER PARAMETERS — REQUIRES REGIONAL SCIENTIFIC CALIBRATION
NER_PILOT_07,"Itanagar, Arunachal Pradesh",Arunachal Pradesh,27.08,93.61,2025-07-28,1.9350001811981201,111.79500842094421,142.08000886440277,0.08018899522721767,WARNING,AM_PM_MEAN,AM_PM_NON_RECOMMENDED_MEAN,VALID,VALID,COMPLETE,2025-07-28,0,3B-DAY.MS.MRG.3IMERG.20250728-S000000-E235959.V07B.nc4,SMAP_L3_SM_P_20250728_R19240_001.h5,mm/day,cm^3/cm^3,37.87,LOW,"[""High 3-day antecedent precipitation (111.8 mm)""]",PROTOTYPE OPERATIONAL TRIGGER PARAMETERS — REQUIRES REGIONAL SCIENTIFIC CALIBRATION
NER_PILOT_08,"Agartala, Tripura",Tripura,23.83,91.28,2025-07-28,4.274999618530273,30.489998817443848,117.79499244689941,,INVALID,N/A,INVALID_RETRIEVAL,VALID,INVALID_RETRIEVAL,PARTIAL_RAINFALL_ONLY,2025-07-28,0,3B-DAY.MS.MRG.3IMERG.20250728-S000000-E235959.V07B.nc4,SMAP_L3_SM_P_20250728_R19240_001.h5,mm/day,cm^3/cm^3,21.01,LOW,"[""Low overall dynamic environmental triggering pressure""]",PROTOTYPE OPERATIONAL TRIGGER PARAMETERS — REQUIRES REGIONAL SCIENTIFIC CALIBRATION
GSI_SITE_01,Kukinala slide (Hailakandi),Assam,24.27,92.5,2025-07-28,3.8500003814697266,23.51500129699707,47.05999976396561,,INVALID,N/A,INVALID_RETRIEVAL,VALID,INVALID_RETRIEVAL,PARTIAL_RAINFALL_ONLY,2025-07-28,0,3B-DAY.MS.MRG.3IMERG.20250728-S000000-E235959.V07B.nc4,SMAP_L3_SM_P_20250728_R19240_001.h5,mm/day,cm^3/cm^3,12.03,LOW,"[""Low overall dynamic environmental triggering pressure""]",PROTOTYPE OPERATIONAL TRIGGER PARAMETERS — REQUIRES REGIONAL SCIENTIFIC CALIBRATION
GSI_SITE_02,Jalnachaura slide (Hailakandi),Assam,24.31,92.56,2025-07-28,3.429999589920044,63.65499997138977,93.88500291109085,,INVALID,N/A,INVALID_RETRIEVAL,VALID,INVALID_RETRIEVAL,PARTIAL_RAINFALL_ONLY,2025-07-28,0,3B-DAY.MS.MRG.3IMERG.20250728-S000000-E235959.V07B.nc4,SMAP_L3_SM_P_20250728_R19240_001.h5,mm/day,cm^3/cm^3,26.59,LOW,"[""Low overall dynamic environmental triggering pressure""]",PROTOTYPE OPERATIONAL TRIGGER PARAMETERS — REQUIRES REGIONAL SCIENTIFIC CALIBRATION
GSI_SITE_03,Nandagram slide (Hailakandi),Assam,24.32,92.51,2025-07-28,3.429999589920044,63.65499997138977,93.88500291109085,,INVALID,N/A,INVALID_RETRIEVAL,VALID,INVALID_RETRIEVAL,PARTIAL_RAINFALL_ONLY,2025-07-28,0,3B-DAY.MS.MRG.3IMERG.20250728-S000000-E235959.V07B.nc4,SMAP_L3_SM_P_20250728_R19240_001.h5,mm/day,cm^3/cm^3,26.59,LOW,"[""Low overall dynamic environmental triggering pressure""]",PROTOTYPE OPERATIONAL TRIGGER PARAMETERS — REQUIRES REGIONAL SCIENTIFIC CALIBRATION
GSI_SITE_04,Nishkar slide (Hailakandi),Assam,24.43,92.55,2025-07-28,7.354999542236328,45.9849967956543,76.05999791622162,,INVALID,N/A,INVALID_RETRIEVAL,VALID,INVALID_RETRIEVAL,PARTIAL_RAINFALL_ONLY,2025-07-28,0,3B-DAY.MS.MRG.3IMERG.20250728-S000000-E235959.V07B.nc4,SMAP_L3_SM_P_20250728_R19240_001.h5,mm/day,cm^3/cm^3,21.86,LOW,"[""Low overall dynamic environmental triggering pressure""]",PROTOTYPE OPERATIONAL TRIGGER PARAMETERS — REQUIRES REGIONAL SCIENTIFIC CALIBRATION
GSI_SITE_05,Paglacherra slide (Karimganj),Assam,24.44,92.5,2025-07-28,3.9449996948242188,36.82500076293945,50.880001559853554,,INVALID,N/A,INVALID_RETRIEVAL,VALID,INVALID_RETRIEVAL,PARTIAL_RAINFALL_ONLY,2025-07-28,0,3B-DAY.MS.MRG.3IMERG.20250728-S000000-E235959.V07B.nc4,SMAP_L3_SM_P_20250728_R19240_001.h5,mm/day,cm^3/cm^3,15.77,LOW,"[""Low overall dynamic environmental triggering pressure""]",PROTOTYPE OPERATIONAL TRIGGER PARAMETERS — REQUIRES REGIONAL SCIENTIFIC CALIBRATION
GSI_SITE_06,Lalpani slide (Hailakandi),Assam,24.44,92.56,2025-07-28,7.354999542236328,45.9849967956543,76.05999791622162,,INVALID,N/A,INVALID_RETRIEVAL,VALID,INVALID_RETRIEVAL,PARTIAL_RAINFALL_ONLY,2025-07-28,0,3B-DAY.MS.MRG.3IMERG.20250728-S000000-E235959.V07B.nc4,SMAP_L3_SM_P_20250728_R19240_001.h5,mm/day,cm^3/cm^3,21.86,LOW,"[""Low overall dynamic environmental triggering pressure""]",PROTOTYPE OPERATIONAL TRIGGER PARAMETERS — REQUIRES REGIONAL SCIENTIFIC CALIBRATION
GSI_SITE_07,Garapunjislide (Hailakandi),Assam,24.46,92.52,2025-07-28,7.354999542236328,45.9849967956543,76.05999791622162,,INVALID,N/A,INVALID_RETRIEVAL,VALID,INVALID_RETRIEVAL,PARTIAL_RAINFALL_ONLY,2025-07-28,0,3B-DAY.MS.MRG.3IMERG.20250728-S000000-E235959.V07B.nc4,SMAP_L3_SM_P_20250728_R19240_001.h5,mm/day,cm^3/cm^3,21.86,LOW,"[""Low overall dynamic environmental triggering pressure""]",PROTOTYPE OPERATIONAL TRIGGER PARAMETERS — REQUIRES REGIONAL SCIENTIFIC CALIBRATION
NER_PILOT_01,"Gangtok, Sikkim",Sikkim,27.33,88.61,2025-07-29,2.559999942779541,101.14500284194946,147.7900013923645,0.26291337609291077,WARNING,PM_6PM,PM_NON_RECOMMENDED,VALID,VALID,COMPLETE,2025-07-29,0,3B-DAY.MS.MRG.3IMERG.20250729-S000000-E235959.V07B.nc4,SMAP_L3_SM_P_20250729_R19240_002.h5,mm/day,cm^3/cm^3,44.51,MODERATE,"[""High 3-day antecedent precipitation (101.1 mm)""]",PROTOTYPE OPERATIONAL TRIGGER PARAMETERS — REQUIRES REGIONAL SCIENTIFIC CALIBRATION
NER_PILOT_02,"Guwahati, Assam",Assam,26.14,91.73,2025-07-29,3.7249999046325684,43.42999601364136,74.78499603271484,0.25017452239990234,WARNING,PM_6PM,PM_NON_RECOMMENDED,VALID,VALID,COMPLETE,2025-07-29,0,3B-DAY.MS.MRG.3IMERG.20250729-S000000-E235959.V07B.nc4,SMAP_L3_SM_P_20250729_R19240_002.h5,mm/day,cm^3/cm^3,26.91,LOW,"[""Low overall dynamic environmental triggering pressure""]",PROTOTYPE OPERATIONAL TRIGGER PARAMETERS — REQUIRES REGIONAL SCIENTIFIC CALIBRATION
NER_PILOT_03,"Shillong, Meghalaya",Meghalaya,25.57,91.88,2025-07-29,5.189999580383301,83.79998874664307,194.82499408721924,0.2983509302139282,RECOMMENDED,PM_6PM,PM_RECOMMENDED,VALID,VALID,COMPLETE,2025-07-29,0,3B-DAY.MS.MRG.3IMERG.20250729-S000000-E235959.V07B.nc4,SMAP_L3_SM_P_20250729_R19240_002.h5,mm/day,cm^3/cm^3,47.16,MODERATE,"[""Sustained 7-day antecedent precipitation (194.8 mm)""]",PROTOTYPE OPERATIONAL TRIGGER PARAMETERS — REQUIRES REGIONAL SCIENTIFIC CALIBRATION
NER_PILOT_04,"Aizawl, Mizoram",Mizoram,23.73,92.71,2025-07-29,10.1899995803833,30.244999885559082,59.26999843120575,,INVALID,N/A,INVALID_RETRIEVAL,VALID,INVALID_RETRIEVAL,PARTIAL_RAINFALL_ONLY,2025-07-29,0,3B-DAY.MS.MRG.3IMERG.20250729-S000000-E235959.V07B.nc4,SMAP_L3_SM_P_20250729_R19240_002.h5,mm/day,cm^3/cm^3,17.31,LOW,"[""Low overall dynamic environmental triggering pressure""]",PROTOTYPE OPERATIONAL TRIGGER PARAMETERS — REQUIRES REGIONAL SCIENTIFIC CALIBRATION
NER_PILOT_05,"Kohima, Nagaland",Nagaland,25.67,94.11,2025-07-29,5.589999675750732,24.78499960899353,65.01999765634537,,INVALID,N/A,INVALID_RETRIEVAL,VALID,INVALID_RETRIEVAL,PARTIAL_RAINFALL_ONLY,2025-07-29,0,3B-DAY.MS.MRG.3IMERG.20250729-S000000-E235959.V07B.nc4,SMAP_L3_SM_P_20250729_R19240_002.h5,mm/day,cm^3/cm^3,14.79,LOW,"[""Low overall dynamic environmental triggering pressure""]",PROTOTYPE OPERATIONAL TRIGGER PARAMETERS — REQUIRES REGIONAL SCIENTIFIC CALIBRATION
NER_PILOT_06,"Imphal, Manipur",Manipur,24.81,93.94,2025-07-29,0.5199999809265137,84.59500408172607,151.40000534057617,,INVALID,N/A,INVALID_RETRIEVAL,VALID,INVALID_RETRIEVAL,PARTIAL_RAINFALL_ONLY,2025-07-29,0,3B-DAY.MS.MRG.3IMERG.20250729-S000000-E235959.V07B.nc4,SMAP_L3_SM_P_20250729_R19240_002.h5,mm/day,cm^3/cm^3,36.48,LOW,"[""Low overall dynamic environmental triggering pressure""]",PROTOTYPE OPERATIONAL TRIGGER PARAMETERS — REQUIRES REGIONAL SCIENTIFIC CALIBRATION
NER_PILOT_07,"Itanagar, Arunachal Pradesh",Arunachal Pradesh,27.08,93.61,2025-07-29,43.62999725341797,104.36500811576843,181.58000600337982,0.20968832075595856,WARNING,AM_6AM,AM_NON_RECOMMENDED,VALID,VALID,COMPLETE,2025-07-29,0,3B-DAY.MS.MRG.3IMERG.20250729-S000000-E235959.V07B.nc4,SMAP_L3_SM_P_20250729_R19240_002.h5,mm/day,cm^3/cm^3,57.81,MODERATE,"[""High 3-day antecedent precipitation (104.4 mm)"", ""Sustained 7-day antecedent precipitation (181.6 mm)""]",PROTOTYPE OPERATIONAL TRIGGER PARAMETERS — REQUIRES REGIONAL SCIENTIFIC CALIBRATION
NER_PILOT_08,"Agartala, Tripura",Tripura,23.83,91.28,2025-07-29,0.6500000357627869,12.319999158382416,97.80999225378036,,INVALID,N/A,INVALID_RETRIEVAL,VALID,INVALID_RETRIEVAL,PARTIAL_RAINFALL_ONLY,2025-07-29,0,3B-DAY.MS.MRG.3IMERG.20250729-S000000-E235959.V07B.nc4,SMAP_L3_SM_P_20250729_R19240_002.h5,mm/day,cm^3/cm^3,13.1,LOW,"[""Low overall dynamic environmental triggering pressure""]",PROTOTYPE OPERATIONAL TRIGGER PARAMETERS — REQUIRES REGIONAL SCIENTIFIC CALIBRATION
GSI_SITE_01,Kukinala slide (Hailakandi),Assam,24.27,92.5,2025-07-29,3.4850001335144043,19.380000591278076,49.79499989748001,,INVALID,N/A,INVALID_RETRIEVAL,VALID,INVALID_RETRIEVAL,PARTIAL_RAINFALL_ONLY,2025-07-29,0,3B-DAY.MS.MRG.3IMERG.20250729-S000000-E235959.V07B.nc4,SMAP_L3_SM_P_20250729_R19240_002.h5,mm/day,cm^3/cm^3,11.13,LOW,"[""Low overall dynamic environmental triggering pressure""]",PROTOTYPE OPERATIONAL TRIGGER PARAMETERS — REQUIRES REGIONAL SCIENTIFIC CALIBRATION
GSI_SITE_02,Jalnachaura slide (Hailakandi),Assam,24.31,92.56,2025-07-29,0.9099999666213989,25.765000700950623,93.51500278711319,,INVALID,N/A,INVALID_RETRIEVAL,VALID,INVALID_RETRIEVAL,PARTIAL_RAINFALL_ONLY,2025-07-29,0,3B-DAY.MS.MRG.3IMERG.20250729-S000000-E235959.V07B.nc4,SMAP_L3_SM_P_20250729_R19240_002.h5,mm/day,cm^3/cm^3,16.13,LOW,"[""Low overall dynamic environmental triggering pressure""]",PROTOTYPE OPERATIONAL TRIGGER PARAMETERS — REQUIRES REGIONAL SCIENTIFIC CALIBRATION
GSI_SITE_03,Nandagram slide (Hailakandi),Assam,24.32,92.51,2025-07-29,0.9099999666213989,25.765000700950623,93.51500278711319,,INVALID,N/A,INVALID_RETRIEVAL,VALID,INVALID_RETRIEVAL,PARTIAL_RAINFALL_ONLY,2025-07-29,0,3B-DAY.MS.MRG.3IMERG.20250729-S000000-E235959.V07B.nc4,SMAP_L3_SM_P_20250729_R19240_002.h5,mm/day,cm^3/cm^3,16.13,LOW,"[""Low overall dynamic environmental triggering pressure""]",PROTOTYPE OPERATIONAL TRIGGER PARAMETERS — REQUIRES REGIONAL SCIENTIFIC CALIBRATION
GSI_SITE_04,Nishkar slide (Hailakandi),Assam,24.43,92.55,2025-07-29,0.5949999690055847,36.994997680187225,75.6999979019165,,INVALID,N/A,INVALID_RETRIEVAL,VALID,INVALID_RETRIEVAL,PARTIAL_RAINFALL_ONLY,2025-07-29,0,3B-DAY.MS.MRG.3IMERG.20250729-S000000-E235959.V07B.nc4,SMAP_L3_SM_P_20250729_R19240_002.h5,mm/day,cm^3/cm^3,17.04,LOW,"[""Low overall dynamic environmental triggering pressure""]",PROTOTYPE OPERATIONAL TRIGGER PARAMETERS — REQUIRES REGIONAL SCIENTIFIC CALIBRATION
GSI_SITE_05,Paglacherra slide (Karimganj),Assam,24.44,92.5,2025-07-29,0.7599999904632568,24.08500075340271,51.56000155210495,,INVALID,N/A,INVALID_RETRIEVAL,VALID,INVALID_RETRIEVAL,PARTIAL_RAINFALL_ONLY,2025-07-29,0,3B-DAY.MS.MRG.3IMERG.20250729-S000000-E235959.V07B.nc4,SMAP_L3_SM_P_20250729_R19240_002.h5,mm/day,cm^3/cm^3,11.46,LOW,"[""Low overall dynamic environmental triggering pressure""]",PROTOTYPE OPERATIONAL TRIGGER PARAMETERS — REQUIRES REGIONAL SCIENTIFIC CALIBRATION
GSI_SITE_06,Lalpani slide (Hailakandi),Assam,24.44,92.56,2025-07-29,0.5949999690055847,36.994997680187225,75.6999979019165,,INVALID,N/A,INVALID_RETRIEVAL,VALID,INVALID_RETRIEVAL,PARTIAL_RAINFALL_ONLY,2025-07-29,0,3B-DAY.MS.MRG.3IMERG.20250729-S000000-E235959.V07B.nc4,SMAP_L3_SM_P_20250729_R19240_002.h5,mm/day,cm^3/cm^3,17.04,LOW,"[""Low overall dynamic environmental triggering pressure""]",PROTOTYPE OPERATIONAL TRIGGER PARAMETERS — REQUIRES REGIONAL SCIENTIFIC CALIBRATION
GSI_SITE_07,Garapunjislide (Hailakandi),Assam,24.46,92.52,2025-07-29,0.5949999690055847,36.994997680187225,75.6999979019165,,INVALID,N/A,INVALID_RETRIEVAL,VALID,INVALID_RETRIEVAL,PARTIAL_RAINFALL_ONLY,2025-07-29,0,3B-DAY.MS.MRG.3IMERG.20250729-S000000-E235959.V07B.nc4,SMAP_L3_SM_P_20250729_R19240_002.h5,mm/day,cm^3/cm^3,17.04,LOW,"[""Low overall dynamic environmental triggering pressure""]",PROTOTYPE OPERATIONAL TRIGGER PARAMETERS — REQUIRES REGIONAL SCIENTIFIC CALIBRATION
NER_PILOT_01,"Gangtok, Sikkim",Sikkim,27.33,88.61,2025-07-30,15.05000114440918,87.420006275177,159.92500257492065,,INVALID,N/A,INVALID_RETRIEVAL,VALID,INVALID_RETRIEVAL,PARTIAL_RAINFALL_ONLY,2025-07-30,0,3B-DAY.MS.MRG.3IMERG.20250730-S000000-E235959.V07B.nc4,SMAP_L3_SM_P_20250730_R19240_001.h5,mm/day,cm^3/cm^3,43.49,MODERATE,"[""Low overall dynamic environmental triggering pressure""]",PROTOTYPE OPERATIONAL TRIGGER PARAMETERS — REQUIRES REGIONAL SCIENTIFIC CALIBRATION
NER_PILOT_02,"Guwahati, Assam",Assam,26.14,91.73,2025-07-30,1.3350000381469727,24.574995517730713,76.11999607086182,,INVALID,N/A,INVALID_RETRIEVAL,VALID,INVALID_RETRIEVAL,PARTIAL_RAINFALL_ONLY,2025-07-30,0,3B-DAY.MS.MRG.3IMERG.20250730-S000000-E235959.V07B.nc4,SMAP_L3_SM_P_20250730_R19240_001.h5,mm/day,cm^3/cm^3,14.26,LOW,"[""Low overall dynamic environmental triggering pressure""]",PROTOTYPE OPERATIONAL TRIGGER PARAMETERS — REQUIRES REGIONAL SCIENTIFIC CALIBRATION
NER_PILOT_03,"Shillong, Meghalaya",Meghalaya,25.57,91.88,2025-07-30,2.319999933242798,17.364999055862427,196.01999402046204,,INVALID,N/A,INVALID_RETRIEVAL,VALID,INVALID_RETRIEVAL,PARTIAL_RAINFALL_ONLY,2025-07-30,0,3B-DAY.MS.MRG.3IMERG.20250730-S000000-E235959.V07B.nc4,SMAP_L3_SM_P_20250730_R19240_001.h5,mm/day,cm^3/cm^3,24.81,LOW,"[""Sustained 7-day antecedent precipitation (196.0 mm)""]",PROTOTYPE OPERATIONAL TRIGGER PARAMETERS — REQUIRES REGIONAL SCIENTIFIC CALIBRATION
NER_PILOT_04,"Aizawl, Mizoram",Mizoram,23.73,92.71,2025-07-30,0.375,18.07999897003174,57.14499843120575,,INVALID,N/A,INVALID_RETRIEVAL,VALID,INVALID_RETRIEVAL,PARTIAL_RAINFALL_ONLY,2025-07-30,0,3B-DAY.MS.MRG.3IMERG.20250730-S000000-E235959.V07B.nc4,SMAP_L3_SM_P_20250730_R19240_001.h5,mm/day,cm^3/cm^3,10.38,LOW,"[""Low overall dynamic environmental triggering pressure""]",PROTOTYPE OPERATIONAL TRIGGER PARAMETERS — REQUIRES REGIONAL SCIENTIFIC CALIBRATION
NER_PILOT_05,"Kohima, Nagaland",Nagaland,25.67,94.11,2025-07-30,6.299999713897705,13.62999939918518,65.49499756097794,,INVALID,N/A,INVALID_RETRIEVAL,VALID,INVALID_RETRIEVAL,PARTIAL_RAINFALL_ONLY,2025-07-30,0,3B-DAY.MS.MRG.3IMERG.20250730-S000000-E235959.V07B.nc4,SMAP_L3_SM_P_20250730_R19240_001.h5,mm/day,cm^3/cm^3,12.32,LOW,"[""Low overall dynamic environmental triggering pressure""]",PROTOTYPE OPERATIONAL TRIGGER PARAMETERS — REQUIRES REGIONAL SCIENTIFIC CALIBRATION
NER_PILOT_06,"Imphal, Manipur",Manipur,24.81,93.94,2025-07-30,1.9649999141693115,8.330000638961792,150.86500525474548,,INVALID,N/A,INVALID_RETRIEVAL,VALID,INVALID_RETRIEVAL,PARTIAL_RAINFALL_ONLY,2025-07-30,0,3B-DAY.MS.MRG.3IMERG.20250730-S000000-E235959.V07B.nc4,SMAP_L3_SM_P_20250730_R19240_001.h5,mm/day,cm^3/cm^3,17.91,LOW,"[""Low overall dynamic environmental triggering pressure""]",PROTOTYPE OPERATIONAL TRIGGER PARAMETERS — REQUIRES REGIONAL SCIENTIFIC CALIBRATION
NER_PILOT_07,"Itanagar, Arunachal Pradesh",Arunachal Pradesh,27.08,93.61,2025-07-30,2.7049999237060547,48.269997358322144,182.770005941391,,INVALID,N/A,INVALID_RETRIEVAL,VALID,INVALID_RETRIEVAL,PARTIAL_RAINFALL_ONLY,2025-07-30,0,3B-DAY.MS.MRG.3IMERG.20250730-S000000-E235959.V07B.nc4,SMAP_L3_SM_P_20250730_R19240_001.h5,mm/day,cm^3/cm^3,31.36,LOW,"[""Sustained 7-day antecedent precipitation (182.8 mm)""]",PROTOTYPE OPERATIONAL TRIGGER PARAMETERS — REQUIRES REGIONAL SCIENTIFIC CALIBRATION
NER_PILOT_08,"Agartala, Tripura",Tripura,23.83,91.28,2025-07-30,4.6949992179870605,9.61999887228012,53.21499818563461,,INVALID,N/A,INVALID_RETRIEVAL,VALID,INVALID_RETRIEVAL,PARTIAL_RAINFALL_ONLY,2025-07-30,0,3B-DAY.MS.MRG.3IMERG.20250730-S000000-E235959.V07B.nc4,SMAP_L3_SM_P_20250730_R19240_001.h5,mm/day,cm^3/cm^3,9.49,LOW,"[""Low overall dynamic environmental triggering pressure""]",PROTOTYPE OPERATIONAL TRIGGER PARAMETERS — REQUIRES REGIONAL SCIENTIFIC CALIBRATION
GSI_SITE_01,Kukinala slide (Hailakandi),Assam,24.27,92.5,2025-07-30,4.304999828338623,11.640000343322754,53.52999973297119,,INVALID,N/A,INVALID_RETRIEVAL,VALID,INVALID_RETRIEVAL,PARTIAL_RAINFALL_ONLY,2025-07-30,0,3B-DAY.MS.MRG.3IMERG.20250730-S000000-E235959.V07B.nc4,SMAP_L3_SM_P_20250730_R19240_001.h5,mm/day,cm^3/cm^3,9.88,LOW,"[""Low overall dynamic environmental triggering pressure""]",PROTOTYPE OPERATIONAL TRIGGER PARAMETERS — REQUIRES REGIONAL SCIENTIFIC CALIBRATION
GSI_SITE_02,Jalnachaura slide (Hailakandi),Assam,24.31,92.56,2025-07-30,1.934999942779541,6.274999499320984,95.04000270366669,,INVALID,N/A,INVALID_RETRIEVAL,VALID,INVALID_RETRIEVAL,PARTIAL_RAINFALL_ONLY,2025-07-30,0,3B-DAY.MS.MRG.3IMERG.20250730-S000000-E235959.V07B.nc4,SMAP_L3_SM_P_20250730_R19240_001.h5,mm/day,cm^3/cm^3,11.8,LOW,"[""Low overall dynamic environmental triggering pressure""]",PROTOTYPE OPERATIONAL TRIGGER PARAMETERS — REQUIRES REGIONAL SCIENTIFIC CALIBRATION
GSI_SITE_03,Nandagram slide (Hailakandi),Assam,24.32,92.51,2025-07-30,1.934999942779541,6.274999499320984,95.04000270366669,,INVALID,N/A,INVALID_RETRIEVAL,VALID,INVALID_RETRIEVAL,PARTIAL_RAINFALL_ONLY,2025-07-30,0,3B-DAY.MS.MRG.3IMERG.20250730-S000000-E235959.V07B.nc4,SMAP_L3_SM_P_20250730_R19240_001.h5,mm/day,cm^3/cm^3,11.8,LOW,"[""Low overall dynamic environmental triggering pressure""]",PROTOTYPE OPERATIONAL TRIGGER PARAMETERS — REQUIRES REGIONAL SCIENTIFIC CALIBRATION
GSI_SITE_04,Nishkar slide (Hailakandi),Assam,24.43,92.55,2025-07-30,1.684999942779541,9.634999454021454,76.9399978518486,,INVALID,N/A,INVALID_RETRIEVAL,VALID,INVALID_RETRIEVAL,PARTIAL_RAINFALL_ONLY,2025-07-30,0,3B-DAY.MS.MRG.3IMERG.20250730-S000000-E235959.V07B.nc4,SMAP_L3_SM_P_20250730_R19240_001.h5,mm/day,cm^3/cm^3,10.73,LOW,"[""Low overall dynamic environmental triggering pressure""]",PROTOTYPE OPERATIONAL TRIGGER PARAMETERS — REQUIRES REGIONAL SCIENTIFIC CALIBRATION
GSI_SITE_05,Paglacherra slide (Karimganj),Assam,24.44,92.5,2025-07-30,2.179999828338623,6.884999513626099,53.42500138282776,,INVALID,N/A,INVALID_RETRIEVAL,VALID,INVALID_RETRIEVAL,PARTIAL_RAINFALL_ONLY,2025-07-30,0,3B-DAY.MS.MRG.3IMERG.20250730-S000000-E235959.V07B.nc4,SMAP_L3_SM_P_20250730_R19240_001.h5,mm/day,cm^3/cm^3,7.88,LOW,"[""Low overall dynamic environmental triggering pressure""]",PROTOTYPE OPERATIONAL TRIGGER PARAMETERS — REQUIRES REGIONAL SCIENTIFIC CALIBRATION
GSI_SITE_06,Lalpani slide (Hailakandi),Assam,24.44,92.56,2025-07-30,1.684999942779541,9.634999454021454,76.9399978518486,,INVALID,N/A,INVALID_RETRIEVAL,VALID,INVALID_RETRIEVAL,PARTIAL_RAINFALL_ONLY,2025-07-30,0,3B-DAY.MS.MRG.3IMERG.20250730-S000000-E235959.V07B.nc4,SMAP_L3_SM_P_20250730_R19240_001.h5,mm/day,cm^3/cm^3,10.73,LOW,"[""Low overall dynamic environmental triggering pressure""]",PROTOTYPE OPERATIONAL TRIGGER PARAMETERS — REQUIRES REGIONAL SCIENTIFIC CALIBRATION
GSI_SITE_07,Garapunjislide (Hailakandi),Assam,24.46,92.52,2025-07-30,1.684999942779541,9.634999454021454,76.9399978518486,,INVALID,N/A,INVALID_RETRIEVAL,VALID,INVALID_RETRIEVAL,PARTIAL_RAINFALL_ONLY,2025-07-30,0,3B-DAY.MS.MRG.3IMERG.20250730-S000000-E235959.V07B.nc4,SMAP_L3_SM_P_20250730_R19240_001.h5,mm/day,cm^3/cm^3,10.73,LOW,"[""Low overall dynamic environmental triggering pressure""]",PROTOTYPE OPERATIONAL TRIGGER PARAMETERS — REQUIRES REGIONAL SCIENTIFIC CALIBRATION
NER_PILOT_01,"Gangtok, Sikkim",Sikkim,27.33,88.61,2025-07-31,5.849999904632568,23.46000099182129,150.63500308990479,,INVALID,N/A,INVALID_RETRIEVAL,VALID,INVALID_RETRIEVAL,PARTIAL_RAINFALL_ONLY,2025-07-31,0,3B-DAY.MS.MRG.3IMERG.20250731-S000000-E235959.V07B.nc4,SMAP_L3_SM_P_20250731_R19240_001.h5,mm/day,cm^3/cm^3,23.12,LOW,"[""Low overall dynamic environmental triggering pressure""]",PROTOTYPE OPERATIONAL TRIGGER PARAMETERS — REQUIRES REGIONAL SCIENTIFIC CALIBRATION
NER_PILOT_02,"Guwahati, Assam",Assam,26.14,91.73,2025-07-31,2.379999876022339,7.43999981880188,69.43499541282654,0.4004189968109131,WARNING,AM_6AM,AM_NON_RECOMMENDED,VALID,VALID,COMPLETE,2025-07-31,0,3B-DAY.MS.MRG.3IMERG.20250731-S000000-E235959.V07B.nc4,SMAP_L3_SM_P_20250731_R19240_001.h5,mm/day,cm^3/cm^3,25.55,LOW,"[""High volumetric soil moisture saturation (0.400 cm\u00b3/cm\u00b3)""]",PROTOTYPE OPERATIONAL TRIGGER PARAMETERS — REQUIRES REGIONAL SCIENTIFIC CALIBRATION
NER_PILOT_03,"Shillong, Meghalaya",Meghalaya,25.57,91.88,2025-07-31,2.9149999618530273,10.424999475479126,116.86498665809631,0.29074040055274963,RECOMMENDED,AM_6AM,AM_RECOMMENDED,VALID,VALID,COMPLETE,2025-07-31,0,3B-DAY.MS.MRG.3IMERG.20250731-S000000-E235959.V07B.nc4,SMAP_L3_SM_P_20250731_R19240_001.h5,mm/day,cm^3/cm^3,25.23,LOW,"[""Low overall dynamic environmental triggering pressure""]",PROTOTYPE OPERATIONAL TRIGGER PARAMETERS — REQUIRES REGIONAL SCIENTIFIC CALIBRATION
NER_PILOT_04,"Aizawl, Mizoram",Mizoram,23.73,92.71,2025-07-31,0.8849999904632568,11.449999570846558,46.540000557899475,,INVALID,N/A,INVALID_RETRIEVAL,VALID,INVALID_RETRIEVAL,PARTIAL_RAINFALL_ONLY,2025-07-31,0,3B-DAY.MS.MRG.3IMERG.20250731-S000000-E235959.V07B.nc4,SMAP_L3_SM_P_20250731_R19240_001.h5,mm/day,cm^3/cm^3,7.85,LOW,"[""Low overall dynamic environmental triggering pressure""]",PROTOTYPE OPERATIONAL TRIGGER PARAMETERS — REQUIRES REGIONAL SCIENTIFIC CALIBRATION
NER_PILOT_05,"Kohima, Nagaland",Nagaland,25.67,94.11,2025-07-31,2.549999713897705,14.439999103546143,55.75999742746353,,INVALID,N/A,INVALID_RETRIEVAL,VALID,INVALID_RETRIEVAL,PARTIAL_RAINFALL_ONLY,2025-07-31,0,3B-DAY.MS.MRG.3IMERG.20250731-S000000-E235959.V07B.nc4,SMAP_L3_SM_P_20250731_R19240_001.h5,mm/day,cm^3/cm^3,10.14,LOW,"[""Low overall dynamic environmental triggering pressure""]",PROTOTYPE OPERATIONAL TRIGGER PARAMETERS — REQUIRES REGIONAL SCIENTIFIC CALIBRATION
NER_PILOT_06,"Imphal, Manipur",Manipur,24.81,93.94,2025-07-31,2.4850001335144043,4.9700000286102295,124.69000554084778,,INVALID,N/A,INVALID_RETRIEVAL,VALID,INVALID_RETRIEVAL,PARTIAL_RAINFALL_ONLY,2025-07-31,0,3B-DAY.MS.MRG.3IMERG.20250731-S000000-E235959.V07B.nc4,SMAP_L3_SM_P_20250731_R19240_001.h5,mm/day,cm^3/cm^3,14.64,LOW,"[""Low overall dynamic environmental triggering pressure""]",PROTOTYPE OPERATIONAL TRIGGER PARAMETERS — REQUIRES REGIONAL SCIENTIFIC CALIBRATION
NER_PILOT_07,"Itanagar, Arunachal Pradesh",Arunachal Pradesh,27.08,93.61,2025-07-31,8.819999694824219,55.15499687194824,180.63000655174255,0.02000286802649498,WARNING,PM_6PM,PM_NON_RECOMMENDED,VALID,VALID,COMPLETE,2025-07-31,0,3B-DAY.MS.MRG.3IMERG.20250731-S000000-E235959.V07B.nc4,SMAP_L3_SM_P_20250731_R19240_001.h5,mm/day,cm^3/cm^3,29.02,LOW,"[""Sustained 7-day antecedent precipitation (180.6 mm)""]",PROTOTYPE OPERATIONAL TRIGGER PARAMETERS — REQUIRES REGIONAL SCIENTIFIC CALIBRATION
NER_PILOT_08,"Agartala, Tripura",Tripura,23.83,91.28,2025-07-31,6.680000305175781,12.024999558925629,47.93499845266342,,INVALID,N/A,INVALID_RETRIEVAL,VALID,INVALID_RETRIEVAL,PARTIAL_RAINFALL_ONLY,2025-07-31,0,3B-DAY.MS.MRG.3IMERG.20250731-S000000-E235959.V07B.nc4,SMAP_L3_SM_P_20250731_R19240_001.h5,mm/day,cm^3/cm^3,10.3,LOW,"[""Low overall dynamic environmental triggering pressure""]",PROTOTYPE OPERATIONAL TRIGGER PARAMETERS — REQUIRES REGIONAL SCIENTIFIC CALIBRATION
GSI_SITE_01,Kukinala slide (Hailakandi),Assam,24.27,92.5,2025-07-31,0.22499999403953552,8.014999955892563,45.81000003218651,,INVALID,N/A,INVALID_RETRIEVAL,VALID,INVALID_RETRIEVAL,PARTIAL_RAINFALL_ONLY,2025-07-31,0,3B-DAY.MS.MRG.3IMERG.20250731-S000000-E235959.V07B.nc4,SMAP_L3_SM_P_20250731_R19240_001.h5,mm/day,cm^3/cm^3,6.67,LOW,"[""Low overall dynamic environmental triggering pressure""]",PROTOTYPE OPERATIONAL TRIGGER PARAMETERS — REQUIRES REGIONAL SCIENTIFIC CALIBRATION
GSI_SITE_02,Jalnachaura slide (Hailakandi),Assam,24.31,92.56,2025-07-31,0.0,2.84499990940094,83.31000316143036,,INVALID,N/A,INVALID_RETRIEVAL,VALID,INVALID_RETRIEVAL,PARTIAL_RAINFALL_ONLY,2025-07-31,0,3B-DAY.MS.MRG.3IMERG.20250731-S000000-E235959.V07B.nc4,SMAP_L3_SM_P_20250731_R19240_001.h5,mm/day,cm^3/cm^3,9.04,LOW,"[""Low overall dynamic environmental triggering pressure""]",PROTOTYPE OPERATIONAL TRIGGER PARAMETERS — REQUIRES REGIONAL SCIENTIFIC CALIBRATION
GSI_SITE_03,Nandagram slide (Hailakandi),Assam,24.32,92.51,2025-07-31,0.0,2.84499990940094,83.31000316143036,,INVALID,N/A,INVALID_RETRIEVAL,VALID,INVALID_RETRIEVAL,PARTIAL_RAINFALL_ONLY,2025-07-31,0,3B-DAY.MS.MRG.3IMERG.20250731-S000000-E235959.V07B.nc4,SMAP_L3_SM_P_20250731_R19240_001.h5,mm/day,cm^3/cm^3,9.04,LOW,"[""Low overall dynamic environmental triggering pressure""]",PROTOTYPE OPERATIONAL TRIGGER PARAMETERS — REQUIRES REGIONAL SCIENTIFIC CALIBRATION
GSI_SITE_04,Nishkar slide (Hailakandi),Assam,24.43,92.55,2025-07-31,0.0,2.2799999117851257,67.1899978518486,,INVALID,N/A,INVALID_RETRIEVAL,VALID,INVALID_RETRIEVAL,PARTIAL_RAINFALL_ONLY,2025-07-31,0,3B-DAY.MS.MRG.3IMERG.20250731-S000000-E235959.V07B.nc4,SMAP_L3_SM_P_20250731_R19240_001.h5,mm/day,cm^3/cm^3,7.29,LOW,"[""Low overall dynamic environmental triggering pressure""]",PROTOTYPE OPERATIONAL TRIGGER PARAMETERS — REQUIRES REGIONAL SCIENTIFIC CALIBRATION
GSI_SITE_05,Paglacherra slide (Karimganj),Assam,24.44,92.5,2025-07-31,0.0,2.93999981880188,48.86500096321106,,INVALID,N/A,INVALID_RETRIEVAL,VALID,INVALID_RETRIEVAL,PARTIAL_RAINFALL_ONLY,2025-07-31,0,3B-DAY.MS.MRG.3IMERG.20250731-S000000-E235959.V07B.nc4,SMAP_L3_SM_P_20250731_R19240_001.h5,mm/day,cm^3/cm^3,5.62,LOW,"[""Low overall dynamic environmental triggering pressure""]",PROTOTYPE OPERATIONAL TRIGGER PARAMETERS — REQUIRES REGIONAL SCIENTIFIC CALIBRATION
GSI_SITE_06,Lalpani slide (Hailakandi),Assam,24.44,92.56,2025-07-31,0.0,2.2799999117851257,67.1899978518486,,INVALID,N/A,INVALID_RETRIEVAL,VALID,INVALID_RETRIEVAL,PARTIAL_RAINFALL_ONLY,2025-07-31,0,3B-DAY.MS.MRG.3IMERG.20250731-S000000-E235959.V07B.nc4,SMAP_L3_SM_P_20250731_R19240_001.h5,mm/day,cm^3/cm^3,7.29,LOW,"[""Low overall dynamic environmental triggering pressure""]",PROTOTYPE OPERATIONAL TRIGGER PARAMETERS — REQUIRES REGIONAL SCIENTIFIC CALIBRATION
GSI_SITE_07,Garapunjislide (Hailakandi),Assam,24.46,92.52,2025-07-31,0.0,2.2799999117851257,67.1899978518486,,INVALID,N/A,INVALID_RETRIEVAL,VALID,INVALID_RETRIEVAL,PARTIAL_RAINFALL_ONLY,2025-07-31,0,3B-DAY.MS.MRG.3IMERG.20250731-S000000-E235959.V07B.nc4,SMAP_L3_SM_P_20250731_R19240_001.h5,mm/day,cm^3/cm^3,7.29,LOW,"[""Low overall dynamic environmental triggering pressure""]",PROTOTYPE OPERATIONAL TRIGGER PARAMETERS — REQUIRES REGIONAL SCIENTIFIC CALIBRATION
NER_PILOT_01,"Gangtok, Sikkim",Sikkim,27.33,88.61,2025-08-01,8.414999961853027,29.315001010894775,150.8600034713745,0.19151602685451508,WARNING,PM_6PM,PM_NON_RECOMMENDED,VALID,VALID,COMPLETE,2025-08-01,0,3B-DAY.MS.MRG.3IMERG.20250801-S000000-E235959.V07B.nc4,SMAP_L3_SM_P_20250801_R19240_002.h5,mm/day,cm^3/cm^3,28.97,LOW,"[""Low overall dynamic environmental triggering pressure""]",PROTOTYPE OPERATIONAL TRIGGER PARAMETERS — REQUIRES REGIONAL SCIENTIFIC CALIBRATION
NER_PILOT_02,"Guwahati, Assam",Assam,26.14,91.73,2025-08-01,6.574999809265137,10.289999723434448,70.50499558448792,0.2450581192970276,WARNING,PM_6PM,PM_NON_RECOMMENDED,VALID,VALID,COMPLETE,2025-08-01,0,3B-DAY.MS.MRG.3IMERG.20250801-S000000-E235959.V07B.nc4,SMAP_L3_SM_P_20250801_R19240_002.h5,mm/day,cm^3/cm^3,20.56,LOW,"[""Low overall dynamic environmental triggering pressure""]",PROTOTYPE OPERATIONAL TRIGGER PARAMETERS — REQUIRES REGIONAL SCIENTIFIC CALIBRATION
NER_PILOT_03,"Shillong, Meghalaya",Meghalaya,25.57,91.88,2025-08-01,1.5350000858306885,6.769999980926514,104.40498781204224,0.25466272234916687,RECOMMENDED,PM_6PM,PM_RECOMMENDED,VALID,VALID,COMPLETE,2025-08-01,0,3B-DAY.MS.MRG.3IMERG.20250801-S000000-E235959.V07B.nc4,SMAP_L3_SM_P_20250801_R19240_002.h5,mm/day,cm^3/cm^3,21.49,LOW,"[""Low overall dynamic environmental triggering pressure""]",PROTOTYPE OPERATIONAL TRIGGER PARAMETERS — REQUIRES REGIONAL SCIENTIFIC CALIBRATION
NER_PILOT_04,"Aizawl, Mizoram",Mizoram,23.73,92.71,2025-08-01,4.375,5.634999990463257,36.63499987125397,,INVALID,N/A,INVALID_RETRIEVAL,VALID,INVALID_RETRIEVAL,PARTIAL_RAINFALL_ONLY,2025-08-01,0,3B-DAY.MS.MRG.3IMERG.20250801-S000000-E235959.V07B.nc4,SMAP_L3_SM_P_20250801_R19240_002.h5,mm/day,cm^3/cm^3,6.71,LOW,"[""Low overall dynamic environmental triggering pressure""]",PROTOTYPE OPERATIONAL TRIGGER PARAMETERS — REQUIRES REGIONAL SCIENTIFIC CALIBRATION
NER_PILOT_05,"Kohima, Nagaland",Nagaland,25.67,94.11,2025-08-01,14.974998474121094,23.824997901916504,69.78999590873718,,INVALID,N/A,INVALID_RETRIEVAL,VALID,INVALID_RETRIEVAL,PARTIAL_RAINFALL_ONLY,2025-08-01,0,3B-DAY.MS.MRG.3IMERG.20250801-S000000-E235959.V07B.nc4,SMAP_L3_SM_P_20250801_R19240_002.h5,mm/day,cm^3/cm^3,18.55,LOW,"[""Low overall dynamic environmental triggering pressure""]",PROTOTYPE OPERATIONAL TRIGGER PARAMETERS — REQUIRES REGIONAL SCIENTIFIC CALIBRATION
NER_PILOT_06,"Imphal, Manipur",Manipur,24.81,93.94,2025-08-01,6.484999656677246,10.934999704360962,120.80000615119934,,INVALID,N/A,INVALID_RETRIEVAL,VALID,INVALID_RETRIEVAL,PARTIAL_RAINFALL_ONLY,2025-08-01,0,3B-DAY.MS.MRG.3IMERG.20250801-S000000-E235959.V07B.nc4,SMAP_L3_SM_P_20250801_R19240_002.h5,mm/day,cm^3/cm^3,17.25,LOW,"[""Low overall dynamic environmental triggering pressure""]",PROTOTYPE OPERATIONAL TRIGGER PARAMETERS — REQUIRES REGIONAL SCIENTIFIC CALIBRATION
NER_PILOT_07,"Itanagar, Arunachal Pradesh",Arunachal Pradesh,27.08,93.61,2025-08-01,51.69000244140625,63.21500205993652,218.6400077342987,,INVALID,N/A,INVALID_RETRIEVAL,VALID,INVALID_RETRIEVAL,PARTIAL_RAINFALL_ONLY,2025-08-01,0,3B-DAY.MS.MRG.3IMERG.20250801-S000000-E235959.V07B.nc4,SMAP_L3_SM_P_20250801_R19240_002.h5,mm/day,cm^3/cm^3,57.05,MODERATE,"[""Heavy 1-day rainfall accumulation (51.7 mm/day)"", ""Sustained 7-day antecedent precipitation (218.6 mm)""]",PROTOTYPE OPERATIONAL TRIGGER PARAMETERS — REQUIRES REGIONAL SCIENTIFIC CALIBRATION
NER_PILOT_08,"Agartala, Tripura",Tripura,23.83,91.28,2025-08-01,4.619999408721924,15.994998931884766,47.1349977850914,0.36012133955955505,RECOMMENDED,PM_6PM,PM_RECOMMENDED,VALID,VALID,COMPLETE,2025-08-01,0,3B-DAY.MS.MRG.3IMERG.20250801-S000000-E235959.V07B.nc4,SMAP_L3_SM_P_20250801_R19240_002.h5,mm/day,cm^3/cm^3,24.36,LOW,"[""High volumetric soil moisture saturation (0.360 cm\u00b3/cm\u00b3)""]",PROTOTYPE OPERATIONAL TRIGGER PARAMETERS — REQUIRES REGIONAL SCIENTIFIC CALIBRATION
GSI_SITE_01,Kukinala slide (Hailakandi),Assam,24.27,92.5,2025-08-01,2.615000009536743,7.144999831914902,34.145001262426376,0.36012133955955505,RECOMMENDED,PM_6PM,PM_RECOMMENDED,VALID,VALID,COMPLETE,2025-08-01,0,3B-DAY.MS.MRG.3IMERG.20250801-S000000-E235959.V07B.nc4,SMAP_L3_SM_P_20250801_R19240_002.h5,mm/day,cm^3/cm^3,20.95,LOW,"[""High volumetric soil moisture saturation (0.360 cm\u00b3/cm\u00b3)""]",PROTOTYPE OPERATIONAL TRIGGER PARAMETERS — REQUIRES REGIONAL SCIENTIFIC CALIBRATION
GSI_SITE_02,Jalnachaura slide (Hailakandi),Assam,24.31,92.56,2025-08-01,4.00499963760376,5.939999580383301,70.50499951839447,0.36012133955955505,RECOMMENDED,PM_6PM,PM_RECOMMENDED,VALID,VALID,COMPLETE,2025-08-01,0,3B-DAY.MS.MRG.3IMERG.20250801-S000000-E235959.V07B.nc4,SMAP_L3_SM_P_20250801_R19240_002.h5,mm/day,cm^3/cm^3,24.04,LOW,"[""High volumetric soil moisture saturation (0.360 cm\u00b3/cm\u00b3)""]",PROTOTYPE OPERATIONAL TRIGGER PARAMETERS — REQUIRES REGIONAL SCIENTIFIC CALIBRATION
GSI_SITE_03,Nandagram slide (Hailakandi),Assam,24.32,92.51,2025-08-01,4.00499963760376,5.939999580383301,70.50499951839447,0.36012133955955505,RECOMMENDED,PM_6PM,PM_RECOMMENDED,VALID,VALID,COMPLETE,2025-08-01,0,3B-DAY.MS.MRG.3IMERG.20250801-S000000-E235959.V07B.nc4,SMAP_L3_SM_P_20250801_R19240_002.h5,mm/day,cm^3/cm^3,24.04,LOW,"[""High volumetric soil moisture saturation (0.360 cm\u00b3/cm\u00b3)""]",PROTOTYPE OPERATIONAL TRIGGER PARAMETERS — REQUIRES REGIONAL SCIENTIFIC CALIBRATION
GSI_SITE_04,Nishkar slide (Hailakandi),Assam,24.43,92.55,2025-08-01,3.9449996948242188,5.62999963760376,52.20999640226364,0.36012133955955505,RECOMMENDED,PM_6PM,PM_RECOMMENDED,VALID,VALID,COMPLETE,2025-08-01,0,3B-DAY.MS.MRG.3IMERG.20250801-S000000-E235959.V07B.nc4,SMAP_L3_SM_P_20250801_R19240_002.h5,mm/day,cm^3/cm^3,22.49,LOW,"[""High volumetric soil moisture saturation (0.360 cm\u00b3/cm\u00b3)""]",PROTOTYPE OPERATIONAL TRIGGER PARAMETERS — REQUIRES REGIONAL SCIENTIFIC CALIBRATION
GSI_SITE_05,Paglacherra slide (Karimganj),Assam,24.44,92.5,2025-08-01,0.625,2.804999828338623,40.39000058174133,0.36012133955955505,RECOMMENDED,PM_6PM,PM_RECOMMENDED,VALID,VALID,COMPLETE,2025-08-01,0,3B-DAY.MS.MRG.3IMERG.20250801-S000000-E235959.V07B.nc4,SMAP_L3_SM_P_20250801_R19240_002.h5,mm/day,cm^3/cm^3,19.99,LOW,"[""High volumetric soil moisture saturation (0.360 cm\u00b3/cm\u00b3)""]",PROTOTYPE OPERATIONAL TRIGGER PARAMETERS — REQUIRES REGIONAL SCIENTIFIC CALIBRATION
GSI_SITE_06,Lalpani slide (Hailakandi),Assam,24.44,92.56,2025-08-01,3.9449996948242188,5.62999963760376,52.20999640226364,0.36012133955955505,RECOMMENDED,PM_6PM,PM_RECOMMENDED,VALID,VALID,COMPLETE,2025-08-01,0,3B-DAY.MS.MRG.3IMERG.20250801-S000000-E235959.V07B.nc4,SMAP_L3_SM_P_20250801_R19240_002.h5,mm/day,cm^3/cm^3,22.49,LOW,"[""High volumetric soil moisture saturation (0.360 cm\u00b3/cm\u00b3)""]",PROTOTYPE OPERATIONAL TRIGGER PARAMETERS — REQUIRES REGIONAL SCIENTIFIC CALIBRATION
GSI_SITE_07,Garapunjislide (Hailakandi),Assam,24.46,92.52,2025-08-01,3.9449996948242188,5.62999963760376,52.20999640226364,0.4652557671070099,RECOMMENDED,PM_6PM,PM_RECOMMENDED,VALID,VALID,COMPLETE,2025-08-01,0,3B-DAY.MS.MRG.3IMERG.20250801-S000000-E235959.V07B.nc4,SMAP_L3_SM_P_20250801_R19240_002.h5,mm/day,cm^3/cm^3,26.49,LOW,"[""High volumetric soil moisture saturation (0.465 cm\u00b3/cm\u00b3)""]",PROTOTYPE OPERATIONAL TRIGGER PARAMETERS — REQUIRES REGIONAL SCIENTIFIC CALIBRATION
NER_PILOT_01,"Gangtok, Sikkim",Sikkim,27.33,88.61,2025-08-02,11.774999618530273,26.03999948501587,142.2350034713745,,INVALID,N/A,INVALID_RETRIEVAL,VALID,INVALID_RETRIEVAL,PARTIAL_RAINFALL_ONLY,2025-08-02,0,3B-DAY.MS.MRG.3IMERG.20250802-S000000-E235959.V07B.nc4,SMAP_L3_SM_P_20250802_R19240_001.h5,mm/day,cm^3/cm^3,25.15,LOW,"[""Low overall dynamic environmental triggering pressure""]",PROTOTYPE OPERATIONAL TRIGGER PARAMETERS — REQUIRES REGIONAL SCIENTIFIC CALIBRATION
NER_PILOT_02,"Guwahati, Assam",Assam,26.14,91.73,2025-08-02,25.665000915527344,34.62000060081482,79.38499665260315,,INVALID,N/A,INVALID_RETRIEVAL,VALID,INVALID_RETRIEVAL,PARTIAL_RAINFALL_ONLY,2025-08-02,0,3B-DAY.MS.MRG.3IMERG.20250802-S000000-E235959.V07B.nc4,SMAP_L3_SM_P_20250802_R19240_001.h5,mm/day,cm^3/cm^3,26.22,LOW,"[""Low overall dynamic environmental triggering pressure""]",PROTOTYPE OPERATIONAL TRIGGER PARAMETERS — REQUIRES REGIONAL SCIENTIFIC CALIBRATION
NER_PILOT_03,"Shillong, Meghalaya",Meghalaya,25.57,91.88,2025-08-02,19.55999755859375,24.009997606277466,110.12998628616333,,INVALID,N/A,INVALID_RETRIEVAL,VALID,INVALID_RETRIEVAL,PARTIAL_RAINFALL_ONLY,2025-08-02,0,3B-DAY.MS.MRG.3IMERG.20250802-S000000-E235959.V07B.nc4,SMAP_L3_SM_P_20250802_R19240_001.h5,mm/day,cm^3/cm^3,24.35,LOW,"[""Low overall dynamic environmental triggering pressure""]",PROTOTYPE OPERATIONAL TRIGGER PARAMETERS — REQUIRES REGIONAL SCIENTIFIC CALIBRATION
NER_PILOT_04,"Aizawl, Mizoram",Mizoram,23.73,92.71,2025-08-02,5.670000076293945,10.930000066757202,41.549999952316284,,INVALID,N/A,INVALID_RETRIEVAL,VALID,INVALID_RETRIEVAL,PARTIAL_RAINFALL_ONLY,2025-08-02,0,3B-DAY.MS.MRG.3IMERG.20250802-S000000-E235959.V07B.nc4,SMAP_L3_SM_P_20250802_R19240_001.h5,mm/day,cm^3/cm^3,9.01,LOW,"[""Low overall dynamic environmental triggering pressure""]",PROTOTYPE OPERATIONAL TRIGGER PARAMETERS — REQUIRES REGIONAL SCIENTIFIC CALIBRATION
NER_PILOT_05,"Kohima, Nagaland",Nagaland,25.67,94.11,2025-08-02,9.680000305175781,27.20499849319458,58.289997816085815,,INVALID,N/A,INVALID_RETRIEVAL,VALID,INVALID_RETRIEVAL,PARTIAL_RAINFALL_ONLY,2025-08-02,0,3B-DAY.MS.MRG.3IMERG.20250802-S000000-E235959.V07B.nc4,SMAP_L3_SM_P_20250802_R19240_001.h5,mm/day,cm^3/cm^3,16.26,LOW,"[""Low overall dynamic environmental triggering pressure""]",PROTOTYPE OPERATIONAL TRIGGER PARAMETERS — REQUIRES REGIONAL SCIENTIFIC CALIBRATION
NER_PILOT_06,"Imphal, Manipur",Manipur,24.81,93.94,2025-08-02,28.68499755859375,37.6549973487854,124.21500134468079,,INVALID,N/A,INVALID_RETRIEVAL,VALID,INVALID_RETRIEVAL,PARTIAL_RAINFALL_ONLY,2025-08-02,0,3B-DAY.MS.MRG.3IMERG.20250802-S000000-E235959.V07B.nc4,SMAP_L3_SM_P_20250802_R19240_001.h5,mm/day,cm^3/cm^3,32.59,LOW,"[""Low overall dynamic environmental triggering pressure""]",PROTOTYPE OPERATIONAL TRIGGER PARAMETERS — REQUIRES REGIONAL SCIENTIFIC CALIBRATION
NER_PILOT_07,"Itanagar, Arunachal Pradesh",Arunachal Pradesh,27.08,93.61,2025-08-02,62.96501541137695,123.47501754760742,230.5450255870819,,INVALID,N/A,INVALID_RETRIEVAL,VALID,INVALID_RETRIEVAL,PARTIAL_RAINFALL_ONLY,2025-08-02,0,3B-DAY.MS.MRG.3IMERG.20250802-S000000-E235959.V07B.nc4,SMAP_L3_SM_P_20250802_R19240_001.h5,mm/day,cm^3/cm^3,77.54,HIGH,"[""Heavy 1-day rainfall accumulation (63.0 mm/day)"", ""High 3-day antecedent precipitation (123.5 mm)"", ""Sustained 7-day antecedent precipitation (230.5 mm)""]",PROTOTYPE OPERATIONAL TRIGGER PARAMETERS — REQUIRES REGIONAL SCIENTIFIC CALIBRATION
NER_PILOT_08,"Agartala, Tripura",Tripura,23.83,91.28,2025-08-02,2.3499999046325684,13.649999618530273,30.66499799489975,,INVALID,N/A,INVALID_RETRIEVAL,VALID,INVALID_RETRIEVAL,PARTIAL_RAINFALL_ONLY,2025-08-02,0,3B-DAY.MS.MRG.3IMERG.20250802-S000000-E235959.V07B.nc4,SMAP_L3_SM_P_20250802_R19240_001.h5,mm/day,cm^3/cm^3,7.36,LOW,"[""Low overall dynamic environmental triggering pressure""]",PROTOTYPE OPERATIONAL TRIGGER PARAMETERS — REQUIRES REGIONAL SCIENTIFIC CALIBRATION
GSI_SITE_01,Kukinala slide (Hailakandi),Assam,24.27,92.5,2025-08-02,2.674999713897705,5.514999717473984,29.200000137090683,,INVALID,N/A,INVALID_RETRIEVAL,VALID,INVALID_RETRIEVAL,PARTIAL_RAINFALL_ONLY,2025-08-02,0,3B-DAY.MS.MRG.3IMERG.20250802-S000000-E235959.V07B.nc4,SMAP_L3_SM_P_20250802_R19240_001.h5,mm/day,cm^3/cm^3,5.3,LOW,"[""Low overall dynamic environmental triggering pressure""]",PROTOTYPE OPERATIONAL TRIGGER PARAMETERS — REQUIRES REGIONAL SCIENTIFIC CALIBRATION
GSI_SITE_02,Jalnachaura slide (Hailakandi),Assam,24.31,92.56,2025-08-02,67.92000579833984,71.9250054359436,99.62500607967377,,INVALID,N/A,INVALID_RETRIEVAL,VALID,INVALID_RETRIEVAL,PARTIAL_RAINFALL_ONLY,2025-08-02,0,3B-DAY.MS.MRG.3IMERG.20250802-S000000-E235959.V07B.nc4,SMAP_L3_SM_P_20250802_R19240_001.h5,mm/day,cm^3/cm^3,53.41,MODERATE,"[""Heavy 1-day rainfall accumulation (67.9 mm/day)""]",PROTOTYPE OPERATIONAL TRIGGER PARAMETERS — REQUIRES REGIONAL SCIENTIFIC CALIBRATION
GSI_SITE_03,Nandagram slide (Hailakandi),Assam,24.32,92.51,2025-08-02,67.92000579833984,71.9250054359436,99.62500607967377,,INVALID,N/A,INVALID_RETRIEVAL,VALID,INVALID_RETRIEVAL,PARTIAL_RAINFALL_ONLY,2025-08-02,0,3B-DAY.MS.MRG.3IMERG.20250802-S000000-E235959.V07B.nc4,SMAP_L3_SM_P_20250802_R19240_001.h5,mm/day,cm^3/cm^3,53.41,MODERATE,"[""Heavy 1-day rainfall accumulation (67.9 mm/day)""]",PROTOTYPE OPERATIONAL TRIGGER PARAMETERS — REQUIRES REGIONAL SCIENTIFIC CALIBRATION
GSI_SITE_04,Nishkar slide (Hailakandi),Assam,24.43,92.55,2025-08-02,3.0399999618530273,6.984999656677246,45.66499727964401,,INVALID,N/A,INVALID_RETRIEVAL,VALID,INVALID_RETRIEVAL,PARTIAL_RAINFALL_ONLY,2025-08-02,0,3B-DAY.MS.MRG.3IMERG.20250802-S000000-E235959.V07B.nc4,SMAP_L3_SM_P_20250802_R19240_001.h5,mm/day,cm^3/cm^3,7.45,LOW,"[""Low overall dynamic environmental triggering pressure""]",PROTOTYPE OPERATIONAL TRIGGER PARAMETERS — REQUIRES REGIONAL SCIENTIFIC CALIBRATION
GSI_SITE_05,Paglacherra slide (Karimganj),Assam,24.44,92.5,2025-08-02,2.745000123977661,3.370000123977661,29.635000705718994,,INVALID,N/A,INVALID_RETRIEVAL,VALID,INVALID_RETRIEVAL,PARTIAL_RAINFALL_ONLY,2025-08-02,0,3B-DAY.MS.MRG.3IMERG.20250802-S000000-E235959.V07B.nc4,SMAP_L3_SM_P_20250802_R19240_001.h5,mm/day,cm^3/cm^3,4.84,LOW,"[""Low overall dynamic environmental triggering pressure""]",PROTOTYPE OPERATIONAL TRIGGER PARAMETERS — REQUIRES REGIONAL SCIENTIFIC CALIBRATION
GSI_SITE_06,Lalpani slide (Hailakandi),Assam,24.44,92.56,2025-08-02,3.0399999618530273,6.984999656677246,45.66499727964401,,INVALID,N/A,INVALID_RETRIEVAL,VALID,INVALID_RETRIEVAL,PARTIAL_RAINFALL_ONLY,2025-08-02,0,3B-DAY.MS.MRG.3IMERG.20250802-S000000-E235959.V07B.nc4,SMAP_L3_SM_P_20250802_R19240_001.h5,mm/day,cm^3/cm^3,7.45,LOW,"[""Low overall dynamic environmental triggering pressure""]",PROTOTYPE OPERATIONAL TRIGGER PARAMETERS — REQUIRES REGIONAL SCIENTIFIC CALIBRATION
GSI_SITE_07,Garapunjislide (Hailakandi),Assam,24.46,92.52,2025-08-02,3.0399999618530273,6.984999656677246,45.66499727964401,,INVALID,N/A,INVALID_RETRIEVAL,VALID,INVALID_RETRIEVAL,PARTIAL_RAINFALL_ONLY,2025-08-02,0,3B-DAY.MS.MRG.3IMERG.20250802-S000000-E235959.V07B.nc4,SMAP_L3_SM_P_20250802_R19240_001.h5,mm/day,cm^3/cm^3,7.45,LOW,"[""Low overall dynamic environmental triggering pressure""]",PROTOTYPE OPERATIONAL TRIGGER PARAMETERS — REQUIRES REGIONAL SCIENTIFIC CALIBRATION
NER_PILOT_01,"Gangtok, Sikkim",Sikkim,27.33,88.61,2025-08-03,7.2649993896484375,27.45499897003174,120.72500514984131,0.22661466151475906,WARNING,AM_PM_MEAN,AM_PM_NON_RECOMMENDED_MEAN,VALID,VALID,COMPLETE,2025-08-03,0,3B-DAY.MS.MRG.3IMERG.20250803-S000000-E235959.V07B.nc4,SMAP_L3_SM_P_20250803_R19240_003.h5,mm/day,cm^3/cm^3,27.4,LOW,"[""Low overall dynamic environmental triggering pressure""]",PROTOTYPE OPERATIONAL TRIGGER PARAMETERS — REQUIRES REGIONAL SCIENTIFIC CALIBRATION
NER_PILOT_02,"Guwahati, Assam",Assam,26.14,91.73,2025-08-03,9.365001678466797,41.60500240325928,68.55999779701233,,INVALID,N/A,INVALID_RETRIEVAL,VALID,INVALID_RETRIEVAL,PARTIAL_RAINFALL_ONLY,2025-08-03,0,3B-DAY.MS.MRG.3IMERG.20250803-S000000-E235959.V07B.nc4,SMAP_L3_SM_P_20250803_R19240_003.h5,mm/day,cm^3/cm^3,20.77,LOW,"[""Low overall dynamic environmental triggering pressure""]",PROTOTYPE OPERATIONAL TRIGGER PARAMETERS — REQUIRES REGIONAL SCIENTIFIC CALIBRATION
NER_PILOT_03,"Shillong, Meghalaya",Meghalaya,25.57,91.88,2025-08-03,30.68000030517578,51.77499794960022,72.05499696731567,0.33300644159317017,RECOMMENDED,PM_6PM,PM_RECOMMENDED,VALID,VALID,COMPLETE,2025-08-03,0,3B-DAY.MS.MRG.3IMERG.20250803-S000000-E235959.V07B.nc4,SMAP_L3_SM_P_20250803_R19240_003.h5,mm/day,cm^3/cm^3,40.12,MODERATE,"[""High volumetric soil moisture saturation (0.333 cm\u00b3/cm\u00b3)""]",PROTOTYPE OPERATIONAL TRIGGER PARAMETERS — REQUIRES REGIONAL SCIENTIFIC CALIBRATION
NER_PILOT_04,"Aizawl, Mizoram",Mizoram,23.73,92.71,2025-08-03,10.655000686645508,20.700000762939453,39.66499972343445,0.20300409197807312,WARNING,AM_6AM,AM_NON_RECOMMENDED,VALID,VALID,COMPLETE,2025-08-03,0,3B-DAY.MS.MRG.3IMERG.20250803-S000000-E235959.V07B.nc4,SMAP_L3_SM_P_20250803_R19240_003.h5,mm/day,cm^3/cm^3,19.53,LOW,"[""Low overall dynamic environmental triggering pressure""]",PROTOTYPE OPERATIONAL TRIGGER PARAMETERS — REQUIRES REGIONAL SCIENTIFIC CALIBRATION
NER_PILOT_05,"Kohima, Nagaland",Nagaland,25.67,94.11,2025-08-03,8.529999732971191,33.184998512268066,49.36499762535095,,INVALID,N/A,INVALID_RETRIEVAL,VALID,INVALID_RETRIEVAL,PARTIAL_RAINFALL_ONLY,2025-08-03,0,3B-DAY.MS.MRG.3IMERG.20250803-S000000-E235959.V07B.nc4,SMAP_L3_SM_P_20250803_R19240_003.h5,mm/day,cm^3/cm^3,16.43,LOW,"[""Low overall dynamic environmental triggering pressure""]",PROTOTYPE OPERATIONAL TRIGGER PARAMETERS — REQUIRES REGIONAL SCIENTIFIC CALIBRATION
NER_PILOT_06,"Imphal, Manipur",Manipur,24.81,93.94,2025-08-03,12.854997634887695,48.02499485015869,58.83999562263489,0.2703835368156433,WARNING,AM_6AM,AM_NON_RECOMMENDED,VALID,VALID,COMPLETE,2025-08-03,0,3B-DAY.MS.MRG.3IMERG.20250803-S000000-E235959.V07B.nc4,SMAP_L3_SM_P_20250803_R19240_003.h5,mm/day,cm^3/cm^3,30.19,LOW,"[""Low overall dynamic environmental triggering pressure""]",PROTOTYPE OPERATIONAL TRIGGER PARAMETERS — REQUIRES REGIONAL SCIENTIFIC CALIBRATION
NER_PILOT_07,"Itanagar, Arunachal Pradesh",Arunachal Pradesh,27.08,93.61,2025-08-03,7.320000171661377,121.97501802444458,179.06501507759094,0.17058025300502777,WARNING,PM_6PM,PM_NON_RECOMMENDED,VALID,VALID,COMPLETE,2025-08-03,0,3B-DAY.MS.MRG.3IMERG.20250803-S000000-E235959.V07B.nc4,SMAP_L3_SM_P_20250803_R19240_003.h5,mm/day,cm^3/cm^3,48.5,MODERATE,"[""High 3-day antecedent precipitation (122.0 mm)"", ""Sustained 7-day antecedent precipitation (179.1 mm)""]",PROTOTYPE OPERATIONAL TRIGGER PARAMETERS — REQUIRES REGIONAL SCIENTIFIC CALIBRATION
NER_PILOT_08,"Agartala, Tripura",Tripura,23.83,91.28,2025-08-03,10.385001182556152,17.355000495910645,33.65499967336655,,INVALID,N/A,INVALID_RETRIEVAL,VALID,INVALID_RETRIEVAL,PARTIAL_RAINFALL_ONLY,2025-08-03,0,3B-DAY.MS.MRG.3IMERG.20250803-S000000-E235959.V07B.nc4,SMAP_L3_SM_P_20250803_R19240_003.h5,mm/day,cm^3/cm^3,11.6,LOW,"[""Low overall dynamic environmental triggering pressure""]",PROTOTYPE OPERATIONAL TRIGGER PARAMETERS — REQUIRES REGIONAL SCIENTIFIC CALIBRATION
GSI_SITE_01,Kukinala slide (Hailakandi),Assam,24.27,92.5,2025-08-03,7.409999847412109,12.699999570846558,24.564999908208847,,INVALID,N/A,INVALID_RETRIEVAL,VALID,INVALID_RETRIEVAL,PARTIAL_RAINFALL_ONLY,2025-08-03,0,3B-DAY.MS.MRG.3IMERG.20250803-S000000-E235959.V07B.nc4,SMAP_L3_SM_P_20250803_R19240_003.h5,mm/day,cm^3/cm^3,8.41,LOW,"[""Low overall dynamic environmental triggering pressure""]",PROTOTYPE OPERATIONAL TRIGGER PARAMETERS — REQUIRES REGIONAL SCIENTIFIC CALIBRATION
GSI_SITE_02,Jalnachaura slide (Hailakandi),Assam,24.31,92.56,2025-08-03,4.429999828338623,76.35500526428223,82.63000476360321,,INVALID,N/A,INVALID_RETRIEVAL,VALID,INVALID_RETRIEVAL,PARTIAL_RAINFALL_ONLY,2025-08-03,0,3B-DAY.MS.MRG.3IMERG.20250803-S000000-E235959.V07B.nc4,SMAP_L3_SM_P_20250803_R19240_003.h5,mm/day,cm^3/cm^3,29.01,LOW,"[""Low overall dynamic environmental triggering pressure""]",PROTOTYPE OPERATIONAL TRIGGER PARAMETERS — REQUIRES REGIONAL SCIENTIFIC CALIBRATION
GSI_SITE_03,Nandagram slide (Hailakandi),Assam,24.32,92.51,2025-08-03,4.429999828338623,76.35500526428223,82.63000476360321,,INVALID,N/A,INVALID_RETRIEVAL,VALID,INVALID_RETRIEVAL,PARTIAL_RAINFALL_ONLY,2025-08-03,0,3B-DAY.MS.MRG.3IMERG.20250803-S000000-E235959.V07B.nc4,SMAP_L3_SM_P_20250803_R19240_003.h5,mm/day,cm^3/cm^3,29.01,LOW,"[""Low overall dynamic environmental triggering pressure""]",PROTOTYPE OPERATIONAL TRIGGER PARAMETERS — REQUIRES REGIONAL SCIENTIFIC CALIBRATION
GSI_SITE_04,Nishkar slide (Hailakandi),Assam,24.43,92.55,2025-08-03,0.7049999237060547,7.689999580383301,17.324999034404755,,INVALID,N/A,INVALID_RETRIEVAL,VALID,INVALID_RETRIEVAL,PARTIAL_RAINFALL_ONLY,2025-08-03,0,3B-DAY.MS.MRG.3IMERG.20250803-S000000-E235959.V07B.nc4,SMAP_L3_SM_P_20250803_R19240_003.h5,mm/day,cm^3/cm^3,3.92,LOW,"[""Low overall dynamic environmental triggering pressure""]",PROTOTYPE OPERATIONAL TRIGGER PARAMETERS — REQUIRES REGIONAL SCIENTIFIC CALIBRATION
GSI_SITE_05,Paglacherra slide (Karimganj),Assam,24.44,92.5,2025-08-03,0.949999988079071,4.320000112056732,11.20499962568283,,INVALID,N/A,INVALID_RETRIEVAL,VALID,INVALID_RETRIEVAL,PARTIAL_RAINFALL_ONLY,2025-08-03,0,3B-DAY.MS.MRG.3IMERG.20250803-S000000-E235959.V07B.nc4,SMAP_L3_SM_P_20250803_R19240_003.h5,mm/day,cm^3/cm^3,2.56,LOW,"[""Low overall dynamic environmental triggering pressure""]",PROTOTYPE OPERATIONAL TRIGGER PARAMETERS — REQUIRES REGIONAL SCIENTIFIC CALIBRATION
GSI_SITE_06,Lalpani slide (Hailakandi),Assam,24.44,92.56,2025-08-03,0.7049999237060547,7.689999580383301,17.324999034404755,,INVALID,N/A,INVALID_RETRIEVAL,VALID,INVALID_RETRIEVAL,PARTIAL_RAINFALL_ONLY,2025-08-03,0,3B-DAY.MS.MRG.3IMERG.20250803-S000000-E235959.V07B.nc4,SMAP_L3_SM_P_20250803_R19240_003.h5,mm/day,cm^3/cm^3,3.92,LOW,"[""Low overall dynamic environmental triggering pressure""]",PROTOTYPE OPERATIONAL TRIGGER PARAMETERS — REQUIRES REGIONAL SCIENTIFIC CALIBRATION
GSI_SITE_07,Garapunjislide (Hailakandi),Assam,24.46,92.52,2025-08-03,0.7049999237060547,7.689999580383301,17.324999034404755,,INVALID,N/A,INVALID_RETRIEVAL,VALID,INVALID_RETRIEVAL,PARTIAL_RAINFALL_ONLY,2025-08-03,0,3B-DAY.MS.MRG.3IMERG.20250803-S000000-E235959.V07B.nc4,SMAP_L3_SM_P_20250803_R19240_003.h5,mm/day,cm^3/cm^3,3.92,LOW,"[""Low overall dynamic environmental triggering pressure""]",PROTOTYPE OPERATIONAL TRIGGER PARAMETERS — REQUIRES REGIONAL SCIENTIFIC CALIBRATION
NER_PILOT_01,"Gangtok, Sikkim",Sikkim,27.33,88.61,2025-08-04,2.2950000762939453,21.334999084472656,53.21000003814697,0.2353905290365219,WARNING,PM_6PM,PM_NON_RECOMMENDED,VALID,VALID,COMPLETE,2025-08-04,0,3B-DAY.MS.MRG.3IMERG.20250804-S000000-E235959.V07B.nc4,SMAP_L3_SM_P_20250804_R19240_001.h5,mm/day,cm^3/cm^3,19.67,LOW,"[""Low overall dynamic environmental triggering pressure""]",PROTOTYPE OPERATIONAL TRIGGER PARAMETERS — REQUIRES REGIONAL SCIENTIFIC CALIBRATION
NER_PILOT_02,"Guwahati, Assam",Assam,26.14,91.73,2025-08-04,0.1899999976158142,35.220002591609955,49.23500221967697,,INVALID,N/A,INVALID_RETRIEVAL,VALID,INVALID_RETRIEVAL,PARTIAL_RAINFALL_ONLY,2025-08-04,0,3B-DAY.MS.MRG.3IMERG.20250804-S000000-E235959.V07B.nc4,SMAP_L3_SM_P_20250804_R19240_001.h5,mm/day,cm^3/cm^3,13.8,LOW,"[""Low overall dynamic environmental triggering pressure""]",PROTOTYPE OPERATIONAL TRIGGER PARAMETERS — REQUIRES REGIONAL SCIENTIFIC CALIBRATION
NER_PILOT_03,"Shillong, Meghalaya",Meghalaya,25.57,91.88,2025-08-04,30.74500274658203,80.98500061035156,92.94500017166138,,INVALID,N/A,INVALID_RETRIEVAL,VALID,INVALID_RETRIEVAL,PARTIAL_RAINFALL_ONLY,2025-08-04,0,3B-DAY.MS.MRG.3IMERG.20250804-S000000-E235959.V07B.nc4,SMAP_L3_SM_P_20250804_R19240_001.h5,mm/day,cm^3/cm^3,41.07,MODERATE,"[""Low overall dynamic environmental triggering pressure""]",PROTOTYPE OPERATIONAL TRIGGER PARAMETERS — REQUIRES REGIONAL SCIENTIFIC CALIBRATION
NER_PILOT_04,"Aizawl, Mizoram",Mizoram,23.73,92.71,2025-08-04,19.299999237060547,35.625,51.44999957084656,,INVALID,N/A,INVALID_RETRIEVAL,VALID,INVALID_RETRIEVAL,PARTIAL_RAINFALL_ONLY,2025-08-04,0,3B-DAY.MS.MRG.3IMERG.20250804-S000000-E235959.V07B.nc4,SMAP_L3_SM_P_20250804_R19240_001.h5,mm/day,cm^3/cm^3,21.29,LOW,"[""Low overall dynamic environmental triggering pressure""]",PROTOTYPE OPERATIONAL TRIGGER PARAMETERS — REQUIRES REGIONAL SCIENTIFIC CALIBRATION
NER_PILOT_05,"Kohima, Nagaland",Nagaland,25.67,94.11,2025-08-04,0.0,18.210000038146973,47.62499761581421,,INVALID,N/A,INVALID_RETRIEVAL,VALID,INVALID_RETRIEVAL,PARTIAL_RAINFALL_ONLY,2025-08-04,0,3B-DAY.MS.MRG.3IMERG.20250804-S000000-E235959.V07B.nc4,SMAP_L3_SM_P_20250804_R19240_001.h5,mm/day,cm^3/cm^3,9.31,LOW,"[""Low overall dynamic environmental triggering pressure""]",PROTOTYPE OPERATIONAL TRIGGER PARAMETERS — REQUIRES REGIONAL SCIENTIFIC CALIBRATION
NER_PILOT_06,"Imphal, Manipur",Manipur,24.81,93.94,2025-08-04,1.2549999952316284,42.794995188713074,54.24999487400055,,INVALID,N/A,INVALID_RETRIEVAL,VALID,INVALID_RETRIEVAL,PARTIAL_RAINFALL_ONLY,2025-08-04,0,3B-DAY.MS.MRG.3IMERG.20250804-S000000-E235959.V07B.nc4,SMAP_L3_SM_P_20250804_R19240_001.h5,mm/day,cm^3/cm^3,16.59,LOW,"[""Low overall dynamic environmental triggering pressure""]",PROTOTYPE OPERATIONAL TRIGGER PARAMETERS — REQUIRES REGIONAL SCIENTIFIC CALIBRATION
NER_PILOT_07,"Itanagar, Arunachal Pradesh",Arunachal Pradesh,27.08,93.61,2025-08-04,0.25999999046325684,70.54501557350159,177.39001488685608,,INVALID,N/A,INVALID_RETRIEVAL,VALID,INVALID_RETRIEVAL,PARTIAL_RAINFALL_ONLY,2025-08-04,0,3B-DAY.MS.MRG.3IMERG.20250804-S000000-E235959.V07B.nc4,SMAP_L3_SM_P_20250804_R19240_001.h5,mm/day,cm^3/cm^3,35.47,LOW,"[""Sustained 7-day antecedent precipitation (177.4 mm)""]",PROTOTYPE OPERATIONAL TRIGGER PARAMETERS — REQUIRES REGIONAL SCIENTIFIC CALIBRATION
NER_PILOT_08,"Agartala, Tripura",Tripura,23.83,91.28,2025-08-04,19.470003128051758,32.20500421524048,48.85000318288803,,INVALID,N/A,INVALID_RETRIEVAL,VALID,INVALID_RETRIEVAL,PARTIAL_RAINFALL_ONLY,2025-08-04,0,3B-DAY.MS.MRG.3IMERG.20250804-S000000-E235959.V07B.nc4,SMAP_L3_SM_P_20250804_R19240_001.h5,mm/day,cm^3/cm^3,20.24,LOW,"[""Low overall dynamic environmental triggering pressure""]",PROTOTYPE OPERATIONAL TRIGGER PARAMETERS — REQUIRES REGIONAL SCIENTIFIC CALIBRATION
GSI_SITE_01,Kukinala slide (Hailakandi),Assam,24.27,92.5,2025-08-04,35.570003509521484,45.6550030708313,56.285003036260605,,INVALID,N/A,INVALID_RETRIEVAL,VALID,INVALID_RETRIEVAL,PARTIAL_RAINFALL_ONLY,2025-08-04,0,3B-DAY.MS.MRG.3IMERG.20250804-S000000-E235959.V07B.nc4,SMAP_L3_SM_P_20250804_R19240_001.h5,mm/day,cm^3/cm^3,30.38,LOW,"[""Low overall dynamic environmental triggering pressure""]",PROTOTYPE OPERATIONAL TRIGGER PARAMETERS — REQUIRES REGIONAL SCIENTIFIC CALIBRATION
GSI_SITE_02,Jalnachaura slide (Hailakandi),Assam,24.31,92.56,2025-08-04,27.104995727539062,99.45500135421753,106.30500090122223,,INVALID,N/A,INVALID_RETRIEVAL,VALID,INVALID_RETRIEVAL,PARTIAL_RAINFALL_ONLY,2025-08-04,0,3B-DAY.MS.MRG.3IMERG.20250804-S000000-E235959.V07B.nc4,SMAP_L3_SM_P_20250804_R19240_001.h5,mm/day,cm^3/cm^3,45.66,MODERATE,"[""Low overall dynamic environmental triggering pressure""]",PROTOTYPE OPERATIONAL TRIGGER PARAMETERS — REQUIRES REGIONAL SCIENTIFIC CALIBRATION
GSI_SITE_03,Nandagram slide (Hailakandi),Assam,24.32,92.51,2025-08-04,27.104995727539062,99.45500135421753,106.30500090122223,,INVALID,N/A,INVALID_RETRIEVAL,VALID,INVALID_RETRIEVAL,PARTIAL_RAINFALL_ONLY,2025-08-04,0,3B-DAY.MS.MRG.3IMERG.20250804-S000000-E235959.V07B.nc4,SMAP_L3_SM_P_20250804_R19240_001.h5,mm/day,cm^3/cm^3,45.66,MODERATE,"[""Low overall dynamic environmental triggering pressure""]",PROTOTYPE OPERATIONAL TRIGGER PARAMETERS — REQUIRES REGIONAL SCIENTIFIC CALIBRATION
GSI_SITE_04,Nishkar slide (Hailakandi),Assam,24.43,92.55,2025-08-04,47.08999252319336,50.83499240875244,57.059992015361786,,INVALID,N/A,INVALID_RETRIEVAL,VALID,INVALID_RETRIEVAL,PARTIAL_RAINFALL_ONLY,2025-08-04,0,3B-DAY.MS.MRG.3IMERG.20250804-S000000-E235959.V07B.nc4,SMAP_L3_SM_P_20250804_R19240_001.h5,mm/day,cm^3/cm^3,36.07,LOW,"[""Low overall dynamic environmental triggering pressure""]",PROTOTYPE OPERATIONAL TRIGGER PARAMETERS — REQUIRES REGIONAL SCIENTIFIC CALIBRATION
GSI_SITE_05,Paglacherra slide (Karimganj),Assam,24.44,92.5,2025-08-04,51.99501037597656,55.690010488033295,59.255010306835175,,INVALID,N/A,INVALID_RETRIEVAL,VALID,INVALID_RETRIEVAL,PARTIAL_RAINFALL_ONLY,2025-08-04,0,3B-DAY.MS.MRG.3IMERG.20250804-S000000-E235959.V07B.nc4,SMAP_L3_SM_P_20250804_R19240_001.h5,mm/day,cm^3/cm^3,39.35,LOW,"[""Heavy 1-day rainfall accumulation (52.0 mm/day)""]",PROTOTYPE OPERATIONAL TRIGGER PARAMETERS — REQUIRES REGIONAL SCIENTIFIC CALIBRATION
GSI_SITE_06,Lalpani slide (Hailakandi),Assam,24.44,92.56,2025-08-04,47.08999252319336,50.83499240875244,57.059992015361786,,INVALID,N/A,INVALID_RETRIEVAL,VALID,INVALID_RETRIEVAL,PARTIAL_RAINFALL_ONLY,2025-08-04,0,3B-DAY.MS.MRG.3IMERG.20250804-S000000-E235959.V07B.nc4,SMAP_L3_SM_P_20250804_R19240_001.h5,mm/day,cm^3/cm^3,36.07,LOW,"[""Low overall dynamic environmental triggering pressure""]",PROTOTYPE OPERATIONAL TRIGGER PARAMETERS — REQUIRES REGIONAL SCIENTIFIC CALIBRATION
GSI_SITE_07,Garapunjislide (Hailakandi),Assam,24.46,92.52,2025-08-04,47.08999252319336,50.83499240875244,57.059992015361786,,INVALID,N/A,INVALID_RETRIEVAL,VALID,INVALID_RETRIEVAL,PARTIAL_RAINFALL_ONLY,2025-08-04,0,3B-DAY.MS.MRG.3IMERG.20250804-S000000-E235959.V07B.nc4,SMAP_L3_SM_P_20250804_R19240_001.h5,mm/day,cm^3/cm^3,36.07,LOW,"[""Low overall dynamic environmental triggering pressure""]",PROTOTYPE OPERATIONAL TRIGGER PARAMETERS — REQUIRES REGIONAL SCIENTIFIC CALIBRATION
NER_PILOT_01,"Gangtok, Sikkim",Sikkim,27.33,88.61,2025-08-05,2.8249998092651367,12.38499927520752,53.47499990463257,0.22085881233215332,WARNING,AM_6AM,AM_NON_RECOMMENDED,VALID,VALID,COMPLETE,2025-08-05,0,3B-DAY.MS.MRG.3IMERG.20250805-S000000-E235959.V07B.nc4,SMAP_L3_SM_P_20250805_R19240_001.h5,mm/day,cm^3/cm^3,17.42,LOW,"[""Low overall dynamic environmental triggering pressure""]",PROTOTYPE OPERATIONAL TRIGGER PARAMETERS — REQUIRES REGIONAL SCIENTIFIC CALIBRATION
NER_PILOT_02,"Guwahati, Assam",Assam,26.14,91.73,2025-08-05,18.095001220703125,27.650002896785736,63.60500353574753,,INVALID,N/A,INVALID_RETRIEVAL,VALID,INVALID_RETRIEVAL,PARTIAL_RAINFALL_ONLY,2025-08-05,0,3B-DAY.MS.MRG.3IMERG.20250805-S000000-E235959.V07B.nc4,SMAP_L3_SM_P_20250805_R19240_001.h5,mm/day,cm^3/cm^3,20.06,LOW,"[""Low overall dynamic environmental triggering pressure""]",PROTOTYPE OPERATIONAL TRIGGER PARAMETERS — REQUIRES REGIONAL SCIENTIFIC CALIBRATION
NER_PILOT_03,"Shillong, Meghalaya",Meghalaya,25.57,91.88,2025-08-05,2.115000009536743,63.540003061294556,89.87000060081482,0.3493236005306244,RECOMMENDED,AM_6AM,AM_RECOMMENDED,VALID,VALID,COMPLETE,2025-08-05,0,3B-DAY.MS.MRG.3IMERG.20250805-S000000-E235959.V07B.nc4,SMAP_L3_SM_P_20250805_R19240_001.h5,mm/day,cm^3/cm^3,36.06,LOW,"[""High volumetric soil moisture saturation (0.349 cm\u00b3/cm\u00b3)""]",PROTOTYPE OPERATIONAL TRIGGER PARAMETERS — REQUIRES REGIONAL SCIENTIFIC CALIBRATION
NER_PILOT_04,"Aizawl, Mizoram",Mizoram,23.73,92.71,2025-08-05,2.6150002479553223,32.57000017166138,43.87500023841858,,INVALID,N/A,INVALID_RETRIEVAL,VALID,INVALID_RETRIEVAL,PARTIAL_RAINFALL_ONLY,2025-08-05,0,3B-DAY.MS.MRG.3IMERG.20250805-S000000-E235959.V07B.nc4,SMAP_L3_SM_P_20250805_R19240_001.h5,mm/day,cm^3/cm^3,13.51,LOW,"[""Low overall dynamic environmental triggering pressure""]",PROTOTYPE OPERATIONAL TRIGGER PARAMETERS — REQUIRES REGIONAL SCIENTIFIC CALIBRATION
NER_PILOT_05,"Kohima, Nagaland",Nagaland,25.67,94.11,2025-08-05,1.9900000095367432,10.519999742507935,44.02499794960022,0.020007990300655365,WARNING,AM_6AM,AM_NON_RECOMMENDED,VALID,VALID,COMPLETE,2025-08-05,0,3B-DAY.MS.MRG.3IMERG.20250805-S000000-E235959.V07B.nc4,SMAP_L3_SM_P_20250805_R19240_001.h5,mm/day,cm^3/cm^3,7.11,LOW,"[""Low overall dynamic environmental triggering pressure""]",PROTOTYPE OPERATIONAL TRIGGER PARAMETERS — REQUIRES REGIONAL SCIENTIFIC CALIBRATION
NER_PILOT_06,"Imphal, Manipur",Manipur,24.81,93.94,2025-08-05,3.929999351501465,18.03999698162079,57.6599942445755,,INVALID,N/A,INVALID_RETRIEVAL,VALID,INVALID_RETRIEVAL,PARTIAL_RAINFALL_ONLY,2025-08-05,0,3B-DAY.MS.MRG.3IMERG.20250805-S000000-E235959.V07B.nc4,SMAP_L3_SM_P_20250805_R19240_001.h5,mm/day,cm^3/cm^3,11.75,LOW,"[""Low overall dynamic environmental triggering pressure""]",PROTOTYPE OPERATIONAL TRIGGER PARAMETERS — REQUIRES REGIONAL SCIENTIFIC CALIBRATION
NER_PILOT_07,"Itanagar, Arunachal Pradesh",Arunachal Pradesh,27.08,93.61,2025-08-05,2.9900002479553223,10.570000410079956,136.75001788139343,0.10128407180309296,WARNING,AM_PM_MEAN,AM_PM_NON_RECOMMENDED_MEAN,VALID,VALID,COMPLETE,2025-08-05,0,3B-DAY.MS.MRG.3IMERG.20250805-S000000-E235959.V07B.nc4,SMAP_L3_SM_P_20250805_R19240_001.h5,mm/day,cm^3/cm^3,18.45,LOW,"[""Low overall dynamic environmental triggering pressure""]",PROTOTYPE OPERATIONAL TRIGGER PARAMETERS — REQUIRES REGIONAL SCIENTIFIC CALIBRATION
NER_PILOT_08,"Agartala, Tripura",Tripura,23.83,91.28,2025-08-05,27.334999084472656,57.190003395080566,75.5350022315979,,INVALID,N/A,INVALID_RETRIEVAL,VALID,INVALID_RETRIEVAL,PARTIAL_RAINFALL_ONLY,2025-08-05,0,3B-DAY.MS.MRG.3IMERG.20250805-S000000-E235959.V07B.nc4,SMAP_L3_SM_P_20250805_R19240_001.h5,mm/day,cm^3/cm^3,32.1,LOW,"[""Low overall dynamic environmental triggering pressure""]",PROTOTYPE OPERATIONAL TRIGGER PARAMETERS — REQUIRES REGIONAL SCIENTIFIC CALIBRATION
GSI_SITE_01,Kukinala slide (Hailakandi),Assam,24.27,92.5,2025-08-05,4.079999923706055,47.06000328063965,56.880002826452255,,INVALID,N/A,INVALID_RETRIEVAL,VALID,INVALID_RETRIEVAL,PARTIAL_RAINFALL_ONLY,2025-08-05,0,3B-DAY.MS.MRG.3IMERG.20250805-S000000-E235959.V07B.nc4,SMAP_L3_SM_P_20250805_R19240_001.h5,mm/day,cm^3/cm^3,18.98,LOW,"[""Low overall dynamic environmental triggering pressure""]",PROTOTYPE OPERATIONAL TRIGGER PARAMETERS — REQUIRES REGIONAL SCIENTIFIC CALIBRATION
GSI_SITE_02,Jalnachaura slide (Hailakandi),Assam,24.31,92.56,2025-08-05,4.4549994468688965,35.98999500274658,109.85000038146973,,INVALID,N/A,INVALID_RETRIEVAL,VALID,INVALID_RETRIEVAL,PARTIAL_RAINFALL_ONLY,2025-08-05,0,3B-DAY.MS.MRG.3IMERG.20250805-S000000-E235959.V07B.nc4,SMAP_L3_SM_P_20250805_R19240_001.h5,mm/day,cm^3/cm^3,21.65,LOW,"[""Low overall dynamic environmental triggering pressure""]",PROTOTYPE OPERATIONAL TRIGGER PARAMETERS — REQUIRES REGIONAL SCIENTIFIC CALIBRATION
GSI_SITE_03,Nandagram slide (Hailakandi),Assam,24.32,92.51,2025-08-05,4.4549994468688965,35.98999500274658,109.85000038146973,,INVALID,N/A,INVALID_RETRIEVAL,VALID,INVALID_RETRIEVAL,PARTIAL_RAINFALL_ONLY,2025-08-05,0,3B-DAY.MS.MRG.3IMERG.20250805-S000000-E235959.V07B.nc4,SMAP_L3_SM_P_20250805_R19240_001.h5,mm/day,cm^3/cm^3,21.65,LOW,"[""Low overall dynamic environmental triggering pressure""]",PROTOTYPE OPERATIONAL TRIGGER PARAMETERS — REQUIRES REGIONAL SCIENTIFIC CALIBRATION
GSI_SITE_04,Nishkar slide (Hailakandi),Assam,24.43,92.55,2025-08-05,4.675000190734863,52.46999263763428,61.139992237091064,,INVALID,N/A,INVALID_RETRIEVAL,VALID,INVALID_RETRIEVAL,PARTIAL_RAINFALL_ONLY,2025-08-05,0,3B-DAY.MS.MRG.3IMERG.20250805-S000000-E235959.V07B.nc4,SMAP_L3_SM_P_20250805_R19240_001.h5,mm/day,cm^3/cm^3,20.98,LOW,"[""Low overall dynamic environmental triggering pressure""]",PROTOTYPE OPERATIONAL TRIGGER PARAMETERS — REQUIRES REGIONAL SCIENTIFIC CALIBRATION
GSI_SITE_05,Paglacherra slide (Karimganj),Assam,24.44,92.5,2025-08-05,5.369999885559082,58.315010249614716,63.865010201931,,INVALID,N/A,INVALID_RETRIEVAL,VALID,INVALID_RETRIEVAL,PARTIAL_RAINFALL_ONLY,2025-08-05,0,3B-DAY.MS.MRG.3IMERG.20250805-S000000-E235959.V07B.nc4,SMAP_L3_SM_P_20250805_R19240_001.h5,mm/day,cm^3/cm^3,22.98,LOW,"[""Low overall dynamic environmental triggering pressure""]",PROTOTYPE OPERATIONAL TRIGGER PARAMETERS — REQUIRES REGIONAL SCIENTIFIC CALIBRATION
GSI_SITE_06,Lalpani slide (Hailakandi),Assam,24.44,92.56,2025-08-05,4.675000190734863,52.46999263763428,61.139992237091064,,INVALID,N/A,INVALID_RETRIEVAL,VALID,INVALID_RETRIEVAL,PARTIAL_RAINFALL_ONLY,2025-08-05,0,3B-DAY.MS.MRG.3IMERG.20250805-S000000-E235959.V07B.nc4,SMAP_L3_SM_P_20250805_R19240_001.h5,mm/day,cm^3/cm^3,20.98,LOW,"[""Low overall dynamic environmental triggering pressure""]",PROTOTYPE OPERATIONAL TRIGGER PARAMETERS — REQUIRES REGIONAL SCIENTIFIC CALIBRATION
GSI_SITE_07,Garapunjislide (Hailakandi),Assam,24.46,92.52,2025-08-05,4.675000190734863,52.46999263763428,61.139992237091064,,INVALID,N/A,INVALID_RETRIEVAL,VALID,INVALID_RETRIEVAL,PARTIAL_RAINFALL_ONLY,2025-08-05,0,3B-DAY.MS.MRG.3IMERG.20250805-S000000-E235959.V07B.nc4,SMAP_L3_SM_P_20250805_R19240_001.h5,mm/day,cm^3/cm^3,20.98,LOW,"[""Low overall dynamic environmental triggering pressure""]",PROTOTYPE OPERATIONAL TRIGGER PARAMETERS — REQUIRES REGIONAL SCIENTIFIC CALIBRATION
NER_PILOT_01,"Gangtok, Sikkim",Sikkim,27.33,88.61,2025-08-06,3.0250000953674316,8.144999980926514,41.44999885559082,0.22952663898468018,WARNING,PM_6PM,PM_NON_RECOMMENDED,VALID,VALID,COMPLETE,2025-08-06,0,3B-DAY.MS.MRG.3IMERG.20250806-S000000-E235959.V07B.nc4,SMAP_L3_SM_P_20250806_R19240_001.h5,mm/day,cm^3/cm^3,16.05,LOW,"[""Low overall dynamic environmental triggering pressure""]",PROTOTYPE OPERATIONAL TRIGGER PARAMETERS — REQUIRES REGIONAL SCIENTIFIC CALIBRATION
NER_PILOT_02,"Guwahati, Assam",Assam,26.14,91.73,2025-08-06,7.130000114440918,25.415001332759857,69.40000361204147,0.175756573677063,WARNING,PM_6PM,PM_NON_RECOMMENDED,VALID,VALID,COMPLETE,2025-08-06,0,3B-DAY.MS.MRG.3IMERG.20250806-S000000-E235959.V07B.nc4,SMAP_L3_SM_P_20250806_R19240_001.h5,mm/day,cm^3/cm^3,20.59,LOW,"[""Low overall dynamic environmental triggering pressure""]",PROTOTYPE OPERATIONAL TRIGGER PARAMETERS — REQUIRES REGIONAL SCIENTIFIC CALIBRATION
NER_PILOT_03,"Shillong, Meghalaya",Meghalaya,25.57,91.88,2025-08-06,5.559999942779541,38.420002698898315,93.11000061035156,0.2702493667602539,RECOMMENDED,PM_6PM,PM_RECOMMENDED,VALID,VALID,COMPLETE,2025-08-06,0,3B-DAY.MS.MRG.3IMERG.20250806-S000000-E235959.V07B.nc4,SMAP_L3_SM_P_20250806_R19240_001.h5,mm/day,cm^3/cm^3,28.81,LOW,"[""Low overall dynamic environmental triggering pressure""]",PROTOTYPE OPERATIONAL TRIGGER PARAMETERS — REQUIRES REGIONAL SCIENTIFIC CALIBRATION
NER_PILOT_04,"Aizawl, Mizoram",Mizoram,23.73,92.71,2025-08-06,1.149999976158142,23.06499946117401,44.65000021457672,,INVALID,N/A,INVALID_RETRIEVAL,VALID,INVALID_RETRIEVAL,PARTIAL_RAINFALL_ONLY,2025-08-06,0,3B-DAY.MS.MRG.3IMERG.20250806-S000000-E235959.V07B.nc4,SMAP_L3_SM_P_20250806_R19240_001.h5,mm/day,cm^3/cm^3,10.66,LOW,"[""Low overall dynamic environmental triggering pressure""]",PROTOTYPE OPERATIONAL TRIGGER PARAMETERS — REQUIRES REGIONAL SCIENTIFIC CALIBRATION
NER_PILOT_05,"Kohima, Nagaland",Nagaland,25.67,94.11,2025-08-06,35.439998626708984,37.42999863624573,73.1649968624115,,INVALID,N/A,INVALID_RETRIEVAL,VALID,INVALID_RETRIEVAL,PARTIAL_RAINFALL_ONLY,2025-08-06,0,3B-DAY.MS.MRG.3IMERG.20250806-S000000-E235959.V07B.nc4,SMAP_L3_SM_P_20250806_R19240_001.h5,mm/day,cm^3/cm^3,29.96,LOW,"[""Low overall dynamic environmental triggering pressure""]",PROTOTYPE OPERATIONAL TRIGGER PARAMETERS — REQUIRES REGIONAL SCIENTIFIC CALIBRATION
NER_PILOT_06,"Imphal, Manipur",Manipur,24.81,93.94,2025-08-06,26.424999237060547,31.60999858379364,82.11999356746674,,INVALID,N/A,INVALID_RETRIEVAL,VALID,INVALID_RETRIEVAL,PARTIAL_RAINFALL_ONLY,2025-08-06,0,3B-DAY.MS.MRG.3IMERG.20250806-S000000-E235959.V07B.nc4,SMAP_L3_SM_P_20250806_R19240_001.h5,mm/day,cm^3/cm^3,26.02,LOW,"[""Low overall dynamic environmental triggering pressure""]",PROTOTYPE OPERATIONAL TRIGGER PARAMETERS — REQUIRES REGIONAL SCIENTIFIC CALIBRATION
NER_PILOT_07,"Itanagar, Arunachal Pradesh",Arunachal Pradesh,27.08,93.61,2025-08-06,15.3100004196167,18.56000065803528,149.35501837730408,0.12251844257116318,WARNING,AM_6AM,AM_NON_RECOMMENDED,VALID,VALID,COMPLETE,2025-08-06,0,3B-DAY.MS.MRG.3IMERG.20250806-S000000-E235959.V07B.nc4,SMAP_L3_SM_P_20250806_R19240_001.h5,mm/day,cm^3/cm^3,25.7,LOW,"[""Low overall dynamic environmental triggering pressure""]",PROTOTYPE OPERATIONAL TRIGGER PARAMETERS — REQUIRES REGIONAL SCIENTIFIC CALIBRATION
NER_PILOT_08,"Agartala, Tripura",Tripura,23.83,91.28,2025-08-06,19.80500030517578,66.6100025177002,90.64500331878662,,INVALID,N/A,INVALID_RETRIEVAL,VALID,INVALID_RETRIEVAL,PARTIAL_RAINFALL_ONLY,2025-08-06,0,3B-DAY.MS.MRG.3IMERG.20250806-S000000-E235959.V07B.nc4,SMAP_L3_SM_P_20250806_R19240_001.h5,mm/day,cm^3/cm^3,33.14,LOW,"[""Low overall dynamic environmental triggering pressure""]",PROTOTYPE OPERATIONAL TRIGGER PARAMETERS — REQUIRES REGIONAL SCIENTIFIC CALIBRATION
GSI_SITE_01,Kukinala slide (Hailakandi),Assam,24.27,92.5,2025-08-06,3.7099995613098145,43.36000299453735,56.28500255942345,,INVALID,N/A,INVALID_RETRIEVAL,VALID,INVALID_RETRIEVAL,PARTIAL_RAINFALL_ONLY,2025-08-06,0,3B-DAY.MS.MRG.3IMERG.20250806-S000000-E235959.V07B.nc4,SMAP_L3_SM_P_20250806_R19240_001.h5,mm/day,cm^3/cm^3,17.86,LOW,"[""Low overall dynamic environmental triggering pressure""]",PROTOTYPE OPERATIONAL TRIGGER PARAMETERS — REQUIRES REGIONAL SCIENTIFIC CALIBRATION
GSI_SITE_02,Jalnachaura slide (Hailakandi),Assam,24.31,92.56,2025-08-06,5.119999885559082,36.67999505996704,113.03500032424927,,INVALID,N/A,INVALID_RETRIEVAL,VALID,INVALID_RETRIEVAL,PARTIAL_RAINFALL_ONLY,2025-08-06,0,3B-DAY.MS.MRG.3IMERG.20250806-S000000-E235959.V07B.nc4,SMAP_L3_SM_P_20250806_R19240_001.h5,mm/day,cm^3/cm^3,22.39,LOW,"[""Low overall dynamic environmental triggering pressure""]",PROTOTYPE OPERATIONAL TRIGGER PARAMETERS — REQUIRES REGIONAL SCIENTIFIC CALIBRATION
GSI_SITE_03,Nandagram slide (Hailakandi),Assam,24.32,92.51,2025-08-06,5.119999885559082,36.67999505996704,113.03500032424927,,INVALID,N/A,INVALID_RETRIEVAL,VALID,INVALID_RETRIEVAL,PARTIAL_RAINFALL_ONLY,2025-08-06,0,3B-DAY.MS.MRG.3IMERG.20250806-S000000-E235959.V07B.nc4,SMAP_L3_SM_P_20250806_R19240_001.h5,mm/day,cm^3/cm^3,22.39,LOW,"[""Low overall dynamic environmental triggering pressure""]",PROTOTYPE OPERATIONAL TRIGGER PARAMETERS — REQUIRES REGIONAL SCIENTIFIC CALIBRATION
GSI_SITE_04,Nishkar slide (Hailakandi),Assam,24.43,92.55,2025-08-06,7.75,59.51499271392822,67.20499229431152,,INVALID,N/A,INVALID_RETRIEVAL,VALID,INVALID_RETRIEVAL,PARTIAL_RAINFALL_ONLY,2025-08-06,0,3B-DAY.MS.MRG.3IMERG.20250806-S000000-E235959.V07B.nc4,SMAP_L3_SM_P_20250806_R19240_001.h5,mm/day,cm^3/cm^3,24.51,LOW,"[""Low overall dynamic environmental triggering pressure""]",PROTOTYPE OPERATIONAL TRIGGER PARAMETERS — REQUIRES REGIONAL SCIENTIFIC CALIBRATION
GSI_SITE_05,Paglacherra slide (Karimganj),Assam,24.44,92.5,2025-08-06,6.954999923706055,64.3200101852417,68.64001029729843,,INVALID,N/A,INVALID_RETRIEVAL,VALID,INVALID_RETRIEVAL,PARTIAL_RAINFALL_ONLY,2025-08-06,0,3B-DAY.MS.MRG.3IMERG.20250806-S000000-E235959.V07B.nc4,SMAP_L3_SM_P_20250806_R19240_001.h5,mm/day,cm^3/cm^3,25.55,LOW,"[""Low overall dynamic environmental triggering pressure""]",PROTOTYPE OPERATIONAL TRIGGER PARAMETERS — REQUIRES REGIONAL SCIENTIFIC CALIBRATION
GSI_SITE_06,Lalpani slide (Hailakandi),Assam,24.44,92.56,2025-08-06,7.75,59.51499271392822,67.20499229431152,,INVALID,N/A,INVALID_RETRIEVAL,VALID,INVALID_RETRIEVAL,PARTIAL_RAINFALL_ONLY,2025-08-06,0,3B-DAY.MS.MRG.3IMERG.20250806-S000000-E235959.V07B.nc4,SMAP_L3_SM_P_20250806_R19240_001.h5,mm/day,cm^3/cm^3,24.51,LOW,"[""Low overall dynamic environmental triggering pressure""]",PROTOTYPE OPERATIONAL TRIGGER PARAMETERS — REQUIRES REGIONAL SCIENTIFIC CALIBRATION
GSI_SITE_07,Garapunjislide (Hailakandi),Assam,24.46,92.52,2025-08-06,7.75,59.51499271392822,67.20499229431152,,INVALID,N/A,INVALID_RETRIEVAL,VALID,INVALID_RETRIEVAL,PARTIAL_RAINFALL_ONLY,2025-08-06,0,3B-DAY.MS.MRG.3IMERG.20250806-S000000-E235959.V07B.nc4,SMAP_L3_SM_P_20250806_R19240_001.h5,mm/day,cm^3/cm^3,24.51,LOW,"[""Low overall dynamic environmental triggering pressure""]",PROTOTYPE OPERATIONAL TRIGGER PARAMETERS — REQUIRES REGIONAL SCIENTIFIC CALIBRATION
NER_PILOT_01,"Gangtok, Sikkim",Sikkim,27.33,88.61,2025-08-07,32.91499710083008,38.76499700546265,68.51499605178833,,INVALID,N/A,INVALID_RETRIEVAL,VALID,INVALID_RETRIEVAL,PARTIAL_RAINFALL_ONLY,2025-08-07,0,3B-DAY.MS.MRG.3IMERG.20250807-S000000-E235959.V07B.nc4,SMAP_L3_SM_P_20250807_R19240_001.h5,mm/day,cm^3/cm^3,28.89,LOW,"[""Low overall dynamic environmental triggering pressure""]",PROTOTYPE OPERATIONAL TRIGGER PARAMETERS — REQUIRES REGIONAL SCIENTIFIC CALIBRATION
NER_PILOT_02,"Guwahati, Assam",Assam,26.14,91.73,2025-08-07,4.194999694824219,29.42000102996826,71.21500343084335,,INVALID,N/A,INVALID_RETRIEVAL,VALID,INVALID_RETRIEVAL,PARTIAL_RAINFALL_ONLY,2025-08-07,0,3B-DAY.MS.MRG.3IMERG.20250807-S000000-E235959.V07B.nc4,SMAP_L3_SM_P_20250807_R19240_001.h5,mm/day,cm^3/cm^3,16.05,LOW,"[""Low overall dynamic environmental triggering pressure""]",PROTOTYPE OPERATIONAL TRIGGER PARAMETERS — REQUIRES REGIONAL SCIENTIFIC CALIBRATION
NER_PILOT_03,"Shillong, Meghalaya",Meghalaya,25.57,91.88,2025-08-07,13.964999198913574,21.63999915122986,104.15999984741211,,INVALID,N/A,INVALID_RETRIEVAL,VALID,INVALID_RETRIEVAL,PARTIAL_RAINFALL_ONLY,2025-08-07,0,3B-DAY.MS.MRG.3IMERG.20250807-S000000-E235959.V07B.nc4,SMAP_L3_SM_P_20250807_R19240_001.h5,mm/day,cm^3/cm^3,21.06,LOW,"[""Low overall dynamic environmental triggering pressure""]",PROTOTYPE OPERATIONAL TRIGGER PARAMETERS — REQUIRES REGIONAL SCIENTIFIC CALIBRATION
NER_PILOT_04,"Aizawl, Mizoram",Mizoram,23.73,92.71,2025-08-07,1.0850000381469727,4.850000262260437,44.85000026226044,,INVALID,N/A,INVALID_RETRIEVAL,VALID,INVALID_RETRIEVAL,PARTIAL_RAINFALL_ONLY,2025-08-07,0,3B-DAY.MS.MRG.3IMERG.20250807-S000000-E235959.V07B.nc4,SMAP_L3_SM_P_20250807_R19240_001.h5,mm/day,cm^3/cm^3,6.1,LOW,"[""Low overall dynamic environmental triggering pressure""]",PROTOTYPE OPERATIONAL TRIGGER PARAMETERS — REQUIRES REGIONAL SCIENTIFIC CALIBRATION
NER_PILOT_05,"Kohima, Nagaland",Nagaland,25.67,94.11,2025-08-07,44.09999465942383,81.52999329566956,114.71499180793762,,INVALID,N/A,INVALID_RETRIEVAL,VALID,INVALID_RETRIEVAL,PARTIAL_RAINFALL_ONLY,2025-08-07,0,3B-DAY.MS.MRG.3IMERG.20250807-S000000-E235959.V07B.nc4,SMAP_L3_SM_P_20250807_R19240_001.h5,mm/day,cm^3/cm^3,48.39,MODERATE,"[""Low overall dynamic environmental triggering pressure""]",PROTOTYPE OPERATIONAL TRIGGER PARAMETERS — REQUIRES REGIONAL SCIENTIFIC CALIBRATION
NER_PILOT_06,"Imphal, Manipur",Manipur,24.81,93.94,2025-08-07,27.20999526977539,57.5649938583374,106.84498870372772,,INVALID,N/A,INVALID_RETRIEVAL,VALID,INVALID_RETRIEVAL,PARTIAL_RAINFALL_ONLY,2025-08-07,0,3B-DAY.MS.MRG.3IMERG.20250807-S000000-E235959.V07B.nc4,SMAP_L3_SM_P_20250807_R19240_001.h5,mm/day,cm^3/cm^3,35.28,LOW,"[""Low overall dynamic environmental triggering pressure""]",PROTOTYPE OPERATIONAL TRIGGER PARAMETERS — REQUIRES REGIONAL SCIENTIFIC CALIBRATION
NER_PILOT_07,"Itanagar, Arunachal Pradesh",Arunachal Pradesh,27.08,93.61,2025-08-07,31.244998931884766,49.54499959945679,171.78001761436462,,INVALID,N/A,INVALID_RETRIEVAL,VALID,INVALID_RETRIEVAL,PARTIAL_RAINFALL_ONLY,2025-08-07,0,3B-DAY.MS.MRG.3IMERG.20250807-S000000-E235959.V07B.nc4,SMAP_L3_SM_P_20250807_R19240_001.h5,mm/day,cm^3/cm^3,41.28,MODERATE,"[""Low overall dynamic environmental triggering pressure""]",PROTOTYPE OPERATIONAL TRIGGER PARAMETERS — REQUIRES REGIONAL SCIENTIFIC CALIBRATION
NER_PILOT_08,"Agartala, Tripura",Tripura,23.83,91.28,2025-08-07,6.755001068115234,53.89500045776367,90.72000408172607,,INVALID,N/A,INVALID_RETRIEVAL,VALID,INVALID_RETRIEVAL,PARTIAL_RAINFALL_ONLY,2025-08-07,0,3B-DAY.MS.MRG.3IMERG.20250807-S000000-E235959.V07B.nc4,SMAP_L3_SM_P_20250807_R19240_001.h5,mm/day,cm^3/cm^3,25.08,LOW,"[""Low overall dynamic environmental triggering pressure""]",PROTOTYPE OPERATIONAL TRIGGER PARAMETERS — REQUIRES REGIONAL SCIENTIFIC CALIBRATION
GSI_SITE_01,Kukinala slide (Hailakandi),Assam,24.27,92.5,2025-08-07,7.34499979019165,15.13499927520752,63.40500235557556,,INVALID,N/A,INVALID_RETRIEVAL,VALID,INVALID_RETRIEVAL,PARTIAL_RAINFALL_ONLY,2025-08-07,0,3B-DAY.MS.MRG.3IMERG.20250807-S000000-E235959.V07B.nc4,SMAP_L3_SM_P_20250807_R19240_001.h5,mm/day,cm^3/cm^3,12.88,LOW,"[""Low overall dynamic environmental triggering pressure""]",PROTOTYPE OPERATIONAL TRIGGER PARAMETERS — REQUIRES REGIONAL SCIENTIFIC CALIBRATION
GSI_SITE_02,Jalnachaura slide (Hailakandi),Assam,24.31,92.56,2025-08-07,8.34999942779541,17.92499876022339,121.38499975204468,,INVALID,N/A,INVALID_RETRIEVAL,VALID,INVALID_RETRIEVAL,PARTIAL_RAINFALL_ONLY,2025-08-07,0,3B-DAY.MS.MRG.3IMERG.20250807-S000000-E235959.V07B.nc4,SMAP_L3_SM_P_20250807_R19240_001.h5,mm/day,cm^3/cm^3,19.75,LOW,"[""Low overall dynamic environmental triggering pressure""]",PROTOTYPE OPERATIONAL TRIGGER PARAMETERS — REQUIRES REGIONAL SCIENTIFIC CALIBRATION
GSI_SITE_03,Nandagram slide (Hailakandi),Assam,24.32,92.51,2025-08-07,8.34999942779541,17.92499876022339,121.38499975204468,,INVALID,N/A,INVALID_RETRIEVAL,VALID,INVALID_RETRIEVAL,PARTIAL_RAINFALL_ONLY,2025-08-07,0,3B-DAY.MS.MRG.3IMERG.20250807-S000000-E235959.V07B.nc4,SMAP_L3_SM_P_20250807_R19240_001.h5,mm/day,cm^3/cm^3,19.75,LOW,"[""Low overall dynamic environmental triggering pressure""]",PROTOTYPE OPERATIONAL TRIGGER PARAMETERS — REQUIRES REGIONAL SCIENTIFIC CALIBRATION
GSI_SITE_04,Nishkar slide (Hailakandi),Assam,24.43,92.55,2025-08-07,13.92500114440918,26.350001335144043,81.1299934387207,,INVALID,N/A,INVALID_RETRIEVAL,VALID,INVALID_RETRIEVAL,PARTIAL_RAINFALL_ONLY,2025-08-07,0,3B-DAY.MS.MRG.3IMERG.20250807-S000000-E235959.V07B.nc4,SMAP_L3_SM_P_20250807_R19240_001.h5,mm/day,cm^3/cm^3,19.92,LOW,"[""Low overall dynamic environmental triggering pressure""]",PROTOTYPE OPERATIONAL TRIGGER PARAMETERS — REQUIRES REGIONAL SCIENTIFIC CALIBRATION
GSI_SITE_05,Paglacherra slide (Karimganj),Assam,24.44,92.5,2025-08-07,11.510000228881836,23.835000038146973,80.15001052618027,,INVALID,N/A,INVALID_RETRIEVAL,VALID,INVALID_RETRIEVAL,PARTIAL_RAINFALL_ONLY,2025-08-07,0,3B-DAY.MS.MRG.3IMERG.20250807-S000000-E235959.V07B.nc4,SMAP_L3_SM_P_20250807_R19240_001.h5,mm/day,cm^3/cm^3,18.29,LOW,"[""Low overall dynamic environmental triggering pressure""]",PROTOTYPE OPERATIONAL TRIGGER PARAMETERS — REQUIRES REGIONAL SCIENTIFIC CALIBRATION
GSI_SITE_06,Lalpani slide (Hailakandi),Assam,24.44,92.56,2025-08-07,13.92500114440918,26.350001335144043,81.1299934387207,,INVALID,N/A,INVALID_RETRIEVAL,VALID,INVALID_RETRIEVAL,PARTIAL_RAINFALL_ONLY,2025-08-07,0,3B-DAY.MS.MRG.3IMERG.20250807-S000000-E235959.V07B.nc4,SMAP_L3_SM_P_20250807_R19240_001.h5,mm/day,cm^3/cm^3,19.92,LOW,"[""Low overall dynamic environmental triggering pressure""]",PROTOTYPE OPERATIONAL TRIGGER PARAMETERS — REQUIRES REGIONAL SCIENTIFIC CALIBRATION
GSI_SITE_07,Garapunjislide (Hailakandi),Assam,24.46,92.52,2025-08-07,13.92500114440918,26.350001335144043,81.1299934387207,,INVALID,N/A,INVALID_RETRIEVAL,VALID,INVALID_RETRIEVAL,PARTIAL_RAINFALL_ONLY,2025-08-07,0,3B-DAY.MS.MRG.3IMERG.20250807-S000000-E235959.V07B.nc4,SMAP_L3_SM_P_20250807_R19240_001.h5,mm/day,cm^3/cm^3,19.92,LOW,"[""Low overall dynamic environmental triggering pressure""]",PROTOTYPE OPERATIONAL TRIGGER PARAMETERS — REQUIRES REGIONAL SCIENTIFIC CALIBRATION
NER_PILOT_01,"Gangtok, Sikkim",Sikkim,27.33,88.61,2025-08-08,12.39000129699707,48.32999849319458,72.48999738693237,0.2214803397655487,WARNING,AM_6AM,AM_NON_RECOMMENDED,VALID,VALID,COMPLETE,2025-08-08,0,3B-DAY.MS.MRG.3IMERG.20250808-S000000-E235959.V07B.nc4,SMAP_L3_SM_P_20250808_R19240_001.h5,mm/day,cm^3/cm^3,29.03,LOW,"[""Low overall dynamic environmental triggering pressure""]",PROTOTYPE OPERATIONAL TRIGGER PARAMETERS — REQUIRES REGIONAL SCIENTIFIC CALIBRATION
NER_PILOT_02,"Guwahati, Assam",Assam,26.14,91.73,2025-08-08,8.170000076293945,19.494999885559082,72.81000369787216,0.29051151871681213,WARNING,AM_6AM,AM_NON_RECOMMENDED,VALID,VALID,COMPLETE,2025-08-08,0,3B-DAY.MS.MRG.3IMERG.20250808-S000000-E235959.V07B.nc4,SMAP_L3_SM_P_20250808_R19240_001.h5,mm/day,cm^3/cm^3,25.09,LOW,"[""Low overall dynamic environmental triggering pressure""]",PROTOTYPE OPERATIONAL TRIGGER PARAMETERS — REQUIRES REGIONAL SCIENTIFIC CALIBRATION
NER_PILOT_03,"Shillong, Meghalaya",Meghalaya,25.57,91.88,2025-08-08,9.690000534057617,29.214999675750732,112.31500029563904,0.25915250182151794,RECOMMENDED,AM_6AM,AM_RECOMMENDED,VALID,VALID,COMPLETE,2025-08-08,0,3B-DAY.MS.MRG.3IMERG.20250808-S000000-E235959.V07B.nc4,SMAP_L3_SM_P_20250808_R19240_001.h5,mm/day,cm^3/cm^3,29.25,LOW,"[""Low overall dynamic environmental triggering pressure""]",PROTOTYPE OPERATIONAL TRIGGER PARAMETERS — REQUIRES REGIONAL SCIENTIFIC CALIBRATION
NER_PILOT_04,"Aizawl, Mizoram",Mizoram,23.73,92.71,2025-08-08,3.3350000381469727,5.570000052452087,43.81000030040741,,INVALID,N/A,INVALID_RETRIEVAL,VALID,INVALID_RETRIEVAL,PARTIAL_RAINFALL_ONLY,2025-08-08,0,3B-DAY.MS.MRG.3IMERG.20250808-S000000-E235959.V07B.nc4,SMAP_L3_SM_P_20250808_R19240_001.h5,mm/day,cm^3/cm^3,7.02,LOW,"[""Low overall dynamic environmental triggering pressure""]",PROTOTYPE OPERATIONAL TRIGGER PARAMETERS — REQUIRES REGIONAL SCIENTIFIC CALIBRATION
NER_PILOT_05,"Kohima, Nagaland",Nagaland,25.67,94.11,2025-08-08,19.779998779296875,99.31999206542969,119.5199921131134,,INVALID,N/A,INVALID_RETRIEVAL,VALID,INVALID_RETRIEVAL,PARTIAL_RAINFALL_ONLY,2025-08-08,0,3B-DAY.MS.MRG.3IMERG.20250808-S000000-E235959.V07B.nc4,SMAP_L3_SM_P_20250808_R19240_001.h5,mm/day,cm^3/cm^3,44.2,MODERATE,"[""Low overall dynamic environmental triggering pressure""]",PROTOTYPE OPERATIONAL TRIGGER PARAMETERS — REQUIRES REGIONAL SCIENTIFIC CALIBRATION
NER_PILOT_06,"Imphal, Manipur",Manipur,24.81,93.94,2025-08-08,1.0099999904632568,54.644994497299194,101.36998903751373,,INVALID,N/A,INVALID_RETRIEVAL,VALID,INVALID_RETRIEVAL,PARTIAL_RAINFALL_ONLY,2025-08-08,0,3B-DAY.MS.MRG.3IMERG.20250808-S000000-E235959.V07B.nc4,SMAP_L3_SM_P_20250808_R19240_001.h5,mm/day,cm^3/cm^3,24.18,LOW,"[""Low overall dynamic environmental triggering pressure""]",PROTOTYPE OPERATIONAL TRIGGER PARAMETERS — REQUIRES REGIONAL SCIENTIFIC CALIBRATION
NER_PILOT_07,"Itanagar, Arunachal Pradesh",Arunachal Pradesh,27.08,93.61,2025-08-08,22.574996948242188,69.12999629974365,142.66501212120056,0.040820926427841187,WARNING,PM_6PM,PM_NON_RECOMMENDED,VALID,VALID,COMPLETE,2025-08-08,0,3B-DAY.MS.MRG.3IMERG.20250808-S000000-E235959.V07B.nc4,SMAP_L3_SM_P_20250808_R19240_001.h5,mm/day,cm^3/cm^3,33.83,LOW,"[""Low overall dynamic environmental triggering pressure""]",PROTOTYPE OPERATIONAL TRIGGER PARAMETERS — REQUIRES REGIONAL SCIENTIFIC CALIBRATION
NER_PILOT_08,"Agartala, Tripura",Tripura,23.83,91.28,2025-08-08,1.9199999570846558,28.48000133037567,88.0200046300888,,INVALID,N/A,INVALID_RETRIEVAL,VALID,INVALID_RETRIEVAL,PARTIAL_RAINFALL_ONLY,2025-08-08,0,3B-DAY.MS.MRG.3IMERG.20250808-S000000-E235959.V07B.nc4,SMAP_L3_SM_P_20250808_R19240_001.h5,mm/day,cm^3/cm^3,16.64,LOW,"[""Low overall dynamic environmental triggering pressure""]",PROTOTYPE OPERATIONAL TRIGGER PARAMETERS — REQUIRES REGIONAL SCIENTIFIC CALIBRATION
GSI_SITE_01,Kukinala slide (Hailakandi),Assam,24.27,92.5,2025-08-08,0.0,11.054999351501465,60.79000234603882,,INVALID,N/A,INVALID_RETRIEVAL,VALID,INVALID_RETRIEVAL,PARTIAL_RAINFALL_ONLY,2025-08-08,0,3B-DAY.MS.MRG.3IMERG.20250808-S000000-E235959.V07B.nc4,SMAP_L3_SM_P_20250808_R19240_001.h5,mm/day,cm^3/cm^3,8.84,LOW,"[""Low overall dynamic environmental triggering pressure""]",PROTOTYPE OPERATIONAL TRIGGER PARAMETERS — REQUIRES REGIONAL SCIENTIFIC CALIBRATION
GSI_SITE_02,Jalnachaura slide (Hailakandi),Assam,24.31,92.56,2025-08-08,0.6349999904632568,14.104999303817749,118.01500010490417,,INVALID,N/A,INVALID_RETRIEVAL,VALID,INVALID_RETRIEVAL,PARTIAL_RAINFALL_ONLY,2025-08-08,0,3B-DAY.MS.MRG.3IMERG.20250808-S000000-E235959.V07B.nc4,SMAP_L3_SM_P_20250808_R19240_001.h5,mm/day,cm^3/cm^3,15.57,LOW,"[""Low overall dynamic environmental triggering pressure""]",PROTOTYPE OPERATIONAL TRIGGER PARAMETERS — REQUIRES REGIONAL SCIENTIFIC CALIBRATION
GSI_SITE_03,Nandagram slide (Hailakandi),Assam,24.32,92.51,2025-08-08,0.6349999904632568,14.104999303817749,118.01500010490417,,INVALID,N/A,INVALID_RETRIEVAL,VALID,INVALID_RETRIEVAL,PARTIAL_RAINFALL_ONLY,2025-08-08,0,3B-DAY.MS.MRG.3IMERG.20250808-S000000-E235959.V07B.nc4,SMAP_L3_SM_P_20250808_R19240_001.h5,mm/day,cm^3/cm^3,15.57,LOW,"[""Low overall dynamic environmental triggering pressure""]",PROTOTYPE OPERATIONAL TRIGGER PARAMETERS — REQUIRES REGIONAL SCIENTIFIC CALIBRATION
GSI_SITE_04,Nishkar slide (Hailakandi),Assam,24.43,92.55,2025-08-08,0.9149999618530273,22.590001106262207,78.09999370574951,,INVALID,N/A,INVALID_RETRIEVAL,VALID,INVALID_RETRIEVAL,PARTIAL_RAINFALL_ONLY,2025-08-08,0,3B-DAY.MS.MRG.3IMERG.20250808-S000000-E235959.V07B.nc4,SMAP_L3_SM_P_20250808_R19240_001.h5,mm/day,cm^3/cm^3,13.8,LOW,"[""Low overall dynamic environmental triggering pressure""]",PROTOTYPE OPERATIONAL TRIGGER PARAMETERS — REQUIRES REGIONAL SCIENTIFIC CALIBRATION
GSI_SITE_05,Paglacherra slide (Karimganj),Assam,24.44,92.5,2025-08-08,0.934999942779541,19.40000009536743,80.46001046895981,,INVALID,N/A,INVALID_RETRIEVAL,VALID,INVALID_RETRIEVAL,PARTIAL_RAINFALL_ONLY,2025-08-08,0,3B-DAY.MS.MRG.3IMERG.20250808-S000000-E235959.V07B.nc4,SMAP_L3_SM_P_20250808_R19240_001.h5,mm/day,cm^3/cm^3,13.25,LOW,"[""Low overall dynamic environmental triggering pressure""]",PROTOTYPE OPERATIONAL TRIGGER PARAMETERS — REQUIRES REGIONAL SCIENTIFIC CALIBRATION
GSI_SITE_06,Lalpani slide (Hailakandi),Assam,24.44,92.56,2025-08-08,0.9149999618530273,22.590001106262207,78.09999370574951,,INVALID,N/A,INVALID_RETRIEVAL,VALID,INVALID_RETRIEVAL,PARTIAL_RAINFALL_ONLY,2025-08-08,0,3B-DAY.MS.MRG.3IMERG.20250808-S000000-E235959.V07B.nc4,SMAP_L3_SM_P_20250808_R19240_001.h5,mm/day,cm^3/cm^3,13.8,LOW,"[""Low overall dynamic environmental triggering pressure""]",PROTOTYPE OPERATIONAL TRIGGER PARAMETERS — REQUIRES REGIONAL SCIENTIFIC CALIBRATION
GSI_SITE_07,Garapunjislide (Hailakandi),Assam,24.46,92.52,2025-08-08,0.9149999618530273,22.590001106262207,78.09999370574951,,INVALID,N/A,INVALID_RETRIEVAL,VALID,INVALID_RETRIEVAL,PARTIAL_RAINFALL_ONLY,2025-08-08,0,3B-DAY.MS.MRG.3IMERG.20250808-S000000-E235959.V07B.nc4,SMAP_L3_SM_P_20250808_R19240_001.h5,mm/day,cm^3/cm^3,13.8,LOW,"[""Low overall dynamic environmental triggering pressure""]",PROTOTYPE OPERATIONAL TRIGGER PARAMETERS — REQUIRES REGIONAL SCIENTIFIC CALIBRATION
NER_PILOT_01,"Gangtok, Sikkim",Sikkim,27.33,88.61,2025-08-09,2.6550002098083496,47.9599986076355,63.36999797821045,0.18586626648902893,WARNING,PM_6PM,PM_NON_RECOMMENDED,VALID,VALID,COMPLETE,2025-08-09,0,3B-DAY.MS.MRG.3IMERG.20250809-S000000-E235959.V07B.nc4,SMAP_L3_SM_P_20250809_R19240_002.h5,mm/day,cm^3/cm^3,23.72,LOW,"[""Low overall dynamic environmental triggering pressure""]",PROTOTYPE OPERATIONAL TRIGGER PARAMETERS — REQUIRES REGIONAL SCIENTIFIC CALIBRATION
NER_PILOT_02,"Guwahati, Assam",Assam,26.14,91.73,2025-08-09,3.190000057220459,15.554999828338623,50.33500283956528,0.3187086284160614,WARNING,PM_6PM,PM_NON_RECOMMENDED,VALID,VALID,COMPLETE,2025-08-09,0,3B-DAY.MS.MRG.3IMERG.20250809-S000000-E235959.V07B.nc4,SMAP_L3_SM_P_20250809_R19240_002.h5,mm/day,cm^3/cm^3,22.26,LOW,"[""High volumetric soil moisture saturation (0.319 cm\u00b3/cm\u00b3)""]",PROTOTYPE OPERATIONAL TRIGGER PARAMETERS — REQUIRES REGIONAL SCIENTIFIC CALIBRATION
NER_PILOT_03,"Shillong, Meghalaya",Meghalaya,25.57,91.88,2025-08-09,1.7000000476837158,25.354999780654907,94.455002784729,0.34077370166778564,RECOMMENDED,PM_6PM,PM_RECOMMENDED,VALID,VALID,COMPLETE,2025-08-09,0,3B-DAY.MS.MRG.3IMERG.20250809-S000000-E235959.V07B.nc4,SMAP_L3_SM_P_20250809_R19240_002.h5,mm/day,cm^3/cm^3,28.28,LOW,"[""High volumetric soil moisture saturation (0.341 cm\u00b3/cm\u00b3)""]",PROTOTYPE OPERATIONAL TRIGGER PARAMETERS — REQUIRES REGIONAL SCIENTIFIC CALIBRATION
NER_PILOT_04,"Aizawl, Mizoram",Mizoram,23.73,92.71,2025-08-09,0.0,4.420000076293945,38.140000224113464,,INVALID,N/A,INVALID_RETRIEVAL,VALID,INVALID_RETRIEVAL,PARTIAL_RAINFALL_ONLY,2025-08-09,0,3B-DAY.MS.MRG.3IMERG.20250809-S000000-E235959.V07B.nc4,SMAP_L3_SM_P_20250809_R19240_002.h5,mm/day,cm^3/cm^3,4.92,LOW,"[""Low overall dynamic environmental triggering pressure""]",PROTOTYPE OPERATIONAL TRIGGER PARAMETERS — REQUIRES REGIONAL SCIENTIFIC CALIBRATION
NER_PILOT_05,"Kohima, Nagaland",Nagaland,25.67,94.11,2025-08-09,2.0,65.8799934387207,111.83999180793762,,INVALID,N/A,INVALID_RETRIEVAL,VALID,INVALID_RETRIEVAL,PARTIAL_RAINFALL_ONLY,2025-08-09,0,3B-DAY.MS.MRG.3IMERG.20250809-S000000-E235959.V07B.nc4,SMAP_L3_SM_P_20250809_R19240_002.h5,mm/day,cm^3/cm^3,28.4,LOW,"[""Low overall dynamic environmental triggering pressure""]",PROTOTYPE OPERATIONAL TRIGGER PARAMETERS — REQUIRES REGIONAL SCIENTIFIC CALIBRATION
NER_PILOT_06,"Imphal, Manipur",Manipur,24.81,93.94,2025-08-09,0.5099999904632568,28.729995250701904,73.19499146938324,,INVALID,N/A,INVALID_RETRIEVAL,VALID,INVALID_RETRIEVAL,PARTIAL_RAINFALL_ONLY,2025-08-09,0,3B-DAY.MS.MRG.3IMERG.20250809-S000000-E235959.V07B.nc4,SMAP_L3_SM_P_20250809_R19240_002.h5,mm/day,cm^3/cm^3,14.69,LOW,"[""Low overall dynamic environmental triggering pressure""]",PROTOTYPE OPERATIONAL TRIGGER PARAMETERS — REQUIRES REGIONAL SCIENTIFIC CALIBRATION
NER_PILOT_07,"Itanagar, Arunachal Pradesh",Arunachal Pradesh,27.08,93.61,2025-08-09,9.644999504089355,63.46499538421631,89.34499621391296,,INVALID,N/A,INVALID_RETRIEVAL,VALID,INVALID_RETRIEVAL,PARTIAL_RAINFALL_ONLY,2025-08-09,0,3B-DAY.MS.MRG.3IMERG.20250809-S000000-E235959.V07B.nc4,SMAP_L3_SM_P_20250809_R19240_002.h5,mm/day,cm^3/cm^3,28.42,LOW,"[""Low overall dynamic environmental triggering pressure""]",PROTOTYPE OPERATIONAL TRIGGER PARAMETERS — REQUIRES REGIONAL SCIENTIFIC CALIBRATION
NER_PILOT_08,"Agartala, Tripura",Tripura,23.83,91.28,2025-08-09,0.0,8.67500102519989,85.67000472545624,0.4480956494808197,RECOMMENDED,PM_6PM,PM_RECOMMENDED,VALID,VALID,COMPLETE,2025-08-09,0,3B-DAY.MS.MRG.3IMERG.20250809-S000000-E235959.V07B.nc4,SMAP_L3_SM_P_20250809_R19240_002.h5,mm/day,cm^3/cm^3,28.5,LOW,"[""High volumetric soil moisture saturation (0.448 cm\u00b3/cm\u00b3)""]",PROTOTYPE OPERATIONAL TRIGGER PARAMETERS — REQUIRES REGIONAL SCIENTIFIC CALIBRATION
GSI_SITE_01,Kukinala slide (Hailakandi),Assam,24.27,92.5,2025-08-09,0.2449999898672104,7.589999780058861,58.360002622008324,0.4480956494808197,RECOMMENDED,PM_6PM,PM_RECOMMENDED,VALID,VALID,COMPLETE,2025-08-09,0,3B-DAY.MS.MRG.3IMERG.20250809-S000000-E235959.V07B.nc4,SMAP_L3_SM_P_20250809_R19240_002.h5,mm/day,cm^3/cm^3,26.18,LOW,"[""High volumetric soil moisture saturation (0.448 cm\u00b3/cm\u00b3)""]",PROTOTYPE OPERATIONAL TRIGGER PARAMETERS — REQUIRES REGIONAL SCIENTIFIC CALIBRATION
GSI_SITE_02,Jalnachaura slide (Hailakandi),Assam,24.31,92.56,2025-08-09,2.18999981880188,11.174999237060547,52.28499412536621,0.4480956494808197,RECOMMENDED,PM_6PM,PM_RECOMMENDED,VALID,VALID,COMPLETE,2025-08-09,0,3B-DAY.MS.MRG.3IMERG.20250809-S000000-E235959.V07B.nc4,SMAP_L3_SM_P_20250809_R19240_002.h5,mm/day,cm^3/cm^3,26.99,LOW,"[""High volumetric soil moisture saturation (0.448 cm\u00b3/cm\u00b3)""]",PROTOTYPE OPERATIONAL TRIGGER PARAMETERS — REQUIRES REGIONAL SCIENTIFIC CALIBRATION
GSI_SITE_03,Nandagram slide (Hailakandi),Assam,24.32,92.51,2025-08-09,2.18999981880188,11.174999237060547,52.28499412536621,0.4480956494808197,RECOMMENDED,PM_6PM,PM_RECOMMENDED,VALID,VALID,COMPLETE,2025-08-09,0,3B-DAY.MS.MRG.3IMERG.20250809-S000000-E235959.V07B.nc4,SMAP_L3_SM_P_20250809_R19240_002.h5,mm/day,cm^3/cm^3,26.99,LOW,"[""High volumetric soil moisture saturation (0.448 cm\u00b3/cm\u00b3)""]",PROTOTYPE OPERATIONAL TRIGGER PARAMETERS — REQUIRES REGIONAL SCIENTIFIC CALIBRATION
GSI_SITE_04,Nishkar slide (Hailakandi),Assam,24.43,92.55,2025-08-09,2.365000009536743,17.20500111579895,77.42499375343323,0.4480956494808197,RECOMMENDED,PM_6PM,PM_RECOMMENDED,VALID,VALID,COMPLETE,2025-08-09,0,3B-DAY.MS.MRG.3IMERG.20250809-S000000-E235959.V07B.nc4,SMAP_L3_SM_P_20250809_R19240_002.h5,mm/day,cm^3/cm^3,30.26,LOW,"[""High volumetric soil moisture saturation (0.448 cm\u00b3/cm\u00b3)""]",PROTOTYPE OPERATIONAL TRIGGER PARAMETERS — REQUIRES REGIONAL SCIENTIFIC CALIBRATION
GSI_SITE_05,Paglacherra slide (Karimganj),Assam,24.44,92.5,2025-08-09,0.04999999701976776,12.495000168681145,77.76501034200191,0.4480956494808197,RECOMMENDED,PM_6PM,PM_RECOMMENDED,VALID,VALID,COMPLETE,2025-08-09,0,3B-DAY.MS.MRG.3IMERG.20250809-S000000-E235959.V07B.nc4,SMAP_L3_SM_P_20250809_R19240_002.h5,mm/day,cm^3/cm^3,28.65,LOW,"[""High volumetric soil moisture saturation (0.448 cm\u00b3/cm\u00b3)""]",PROTOTYPE OPERATIONAL TRIGGER PARAMETERS — REQUIRES REGIONAL SCIENTIFIC CALIBRATION
GSI_SITE_06,Lalpani slide (Hailakandi),Assam,24.44,92.56,2025-08-09,2.365000009536743,17.20500111579895,77.42499375343323,0.4480956494808197,RECOMMENDED,PM_6PM,PM_RECOMMENDED,VALID,VALID,COMPLETE,2025-08-09,0,3B-DAY.MS.MRG.3IMERG.20250809-S000000-E235959.V07B.nc4,SMAP_L3_SM_P_20250809_R19240_002.h5,mm/day,cm^3/cm^3,30.26,LOW,"[""High volumetric soil moisture saturation (0.448 cm\u00b3/cm\u00b3)""]",PROTOTYPE OPERATIONAL TRIGGER PARAMETERS — REQUIRES REGIONAL SCIENTIFIC CALIBRATION
GSI_SITE_07,Garapunjislide (Hailakandi),Assam,24.46,92.52,2025-08-09,2.365000009536743,17.20500111579895,77.42499375343323,0.4822448194026947,RECOMMENDED,PM_6PM,PM_RECOMMENDED,VALID,VALID,COMPLETE,2025-08-09,0,3B-DAY.MS.MRG.3IMERG.20250809-S000000-E235959.V07B.nc4,SMAP_L3_SM_P_20250809_R19240_002.h5,mm/day,cm^3/cm^3,30.34,LOW,"[""High volumetric soil moisture saturation (0.482 cm\u00b3/cm\u00b3)""]",PROTOTYPE OPERATIONAL TRIGGER PARAMETERS — REQUIRES REGIONAL SCIENTIFIC CALIBRATION
NER_PILOT_01,"Gangtok, Sikkim",Sikkim,27.33,88.61,2025-08-11,16.23000144958496,,,0.2333030104637146,WARNING,AM_PM_MEAN,AM_PM_NON_RECOMMENDED_MEAN,INSUFFICIENT_HISTORY,VALID,COMPLETE,2025-08-11,0,3B-DAY.MS.MRG.3IMERG.20250811-S000000-E235959.V07B.nc4,SMAP_L3_SM_P_20250811_R19240_001.h5,mm/day,cm^3/cm^3,,INSUFFICIENT_DATA,"[""Missing or insufficient rainfall history""]",PROTOTYPE OPERATIONAL TRIGGER PARAMETERS — REQUIRES REGIONAL SCIENTIFIC CALIBRATION
NER_PILOT_02,"Guwahati, Assam",Assam,26.14,91.73,2025-08-11,5.170000076293945,,,0.4588773548603058,WARNING,PM_6PM,PM_NON_RECOMMENDED,INSUFFICIENT_HISTORY,VALID,COMPLETE,2025-08-11,0,3B-DAY.MS.MRG.3IMERG.20250811-S000000-E235959.V07B.nc4,SMAP_L3_SM_P_20250811_R19240_001.h5,mm/day,cm^3/cm^3,,INSUFFICIENT_DATA,"[""Missing or insufficient rainfall history""]",PROTOTYPE OPERATIONAL TRIGGER PARAMETERS — REQUIRES REGIONAL SCIENTIFIC CALIBRATION
NER_PILOT_03,"Shillong, Meghalaya",Meghalaya,25.57,91.88,2025-08-11,17.48999786376953,,,0.30246880650520325,RECOMMENDED,PM_6PM,PM_RECOMMENDED,INSUFFICIENT_HISTORY,VALID,COMPLETE,2025-08-11,0,3B-DAY.MS.MRG.3IMERG.20250811-S000000-E235959.V07B.nc4,SMAP_L3_SM_P_20250811_R19240_001.h5,mm/day,cm^3/cm^3,,INSUFFICIENT_DATA,"[""Missing or insufficient rainfall history""]",PROTOTYPE OPERATIONAL TRIGGER PARAMETERS — REQUIRES REGIONAL SCIENTIFIC CALIBRATION
NER_PILOT_04,"Aizawl, Mizoram",Mizoram,23.73,92.71,2025-08-11,0.17999999225139618,,,,INVALID,N/A,INVALID_RETRIEVAL,INSUFFICIENT_HISTORY,INVALID_RETRIEVAL,PARTIAL_RAINFALL_ONLY,2025-08-11,0,3B-DAY.MS.MRG.3IMERG.20250811-S000000-E235959.V07B.nc4,SMAP_L3_SM_P_20250811_R19240_001.h5,mm/day,cm^3/cm^3,,INSUFFICIENT_DATA,"[""Missing or insufficient rainfall history""]",PROTOTYPE OPERATIONAL TRIGGER PARAMETERS — REQUIRES REGIONAL SCIENTIFIC CALIBRATION
NER_PILOT_05,"Kohima, Nagaland",Nagaland,25.67,94.11,2025-08-11,0.5,,,,INVALID,N/A,INVALID_RETRIEVAL,INSUFFICIENT_HISTORY,INVALID_RETRIEVAL,PARTIAL_RAINFALL_ONLY,2025-08-11,0,3B-DAY.MS.MRG.3IMERG.20250811-S000000-E235959.V07B.nc4,SMAP_L3_SM_P_20250811_R19240_001.h5,mm/day,cm^3/cm^3,,INSUFFICIENT_DATA,"[""Missing or insufficient rainfall history""]",PROTOTYPE OPERATIONAL TRIGGER PARAMETERS — REQUIRES REGIONAL SCIENTIFIC CALIBRATION
NER_PILOT_06,"Imphal, Manipur",Manipur,24.81,93.94,2025-08-11,7.829999923706055,,,,INVALID,N/A,INVALID_RETRIEVAL,INSUFFICIENT_HISTORY,INVALID_RETRIEVAL,PARTIAL_RAINFALL_ONLY,2025-08-11,0,3B-DAY.MS.MRG.3IMERG.20250811-S000000-E235959.V07B.nc4,SMAP_L3_SM_P_20250811_R19240_001.h5,mm/day,cm^3/cm^3,,INSUFFICIENT_DATA,"[""Missing or insufficient rainfall history""]",PROTOTYPE OPERATIONAL TRIGGER PARAMETERS — REQUIRES REGIONAL SCIENTIFIC CALIBRATION
NER_PILOT_07,"Itanagar, Arunachal Pradesh",Arunachal Pradesh,27.08,93.61,2025-08-11,15.615001678466797,,,0.1264217495918274,WARNING,PM_6PM,PM_NON_RECOMMENDED,INSUFFICIENT_HISTORY,VALID,COMPLETE,2025-08-11,0,3B-DAY.MS.MRG.3IMERG.20250811-S000000-E235959.V07B.nc4,SMAP_L3_SM_P_20250811_R19240_001.h5,mm/day,cm^3/cm^3,,INSUFFICIENT_DATA,"[""Missing or insufficient rainfall history""]",PROTOTYPE OPERATIONAL TRIGGER PARAMETERS — REQUIRES REGIONAL SCIENTIFIC CALIBRATION
NER_PILOT_08,"Agartala, Tripura",Tripura,23.83,91.28,2025-08-11,2.6349997520446777,,,,INVALID,N/A,INVALID_RETRIEVAL,INSUFFICIENT_HISTORY,INVALID_RETRIEVAL,PARTIAL_RAINFALL_ONLY,2025-08-11,0,3B-DAY.MS.MRG.3IMERG.20250811-S000000-E235959.V07B.nc4,SMAP_L3_SM_P_20250811_R19240_001.h5,mm/day,cm^3/cm^3,,INSUFFICIENT_DATA,"[""Missing or insufficient rainfall history""]",PROTOTYPE OPERATIONAL TRIGGER PARAMETERS — REQUIRES REGIONAL SCIENTIFIC CALIBRATION
GSI_SITE_01,Kukinala slide (Hailakandi),Assam,24.27,92.5,2025-08-11,1.1100000143051147,,,,INVALID,N/A,INVALID_RETRIEVAL,INSUFFICIENT_HISTORY,INVALID_RETRIEVAL,PARTIAL_RAINFALL_ONLY,2025-08-11,0,3B-DAY.MS.MRG.3IMERG.20250811-S000000-E235959.V07B.nc4,SMAP_L3_SM_P_20250811_R19240_001.h5,mm/day,cm^3/cm^3,,INSUFFICIENT_DATA,"[""Missing or insufficient rainfall history""]",PROTOTYPE OPERATIONAL TRIGGER PARAMETERS — REQUIRES REGIONAL SCIENTIFIC CALIBRATION
GSI_SITE_02,Jalnachaura slide (Hailakandi),Assam,24.31,92.56,2025-08-11,4.75499963760376,,,,INVALID,N/A,INVALID_RETRIEVAL,INSUFFICIENT_HISTORY,INVALID_RETRIEVAL,PARTIAL_RAINFALL_ONLY,2025-08-11,0,3B-DAY.MS.MRG.3IMERG.20250811-S000000-E235959.V07B.nc4,SMAP_L3_SM_P_20250811_R19240_001.h5,mm/day,cm^3/cm^3,,INSUFFICIENT_DATA,"[""Missing or insufficient rainfall history""]",PROTOTYPE OPERATIONAL TRIGGER PARAMETERS — REQUIRES REGIONAL SCIENTIFIC CALIBRATION
GSI_SITE_03,Nandagram slide (Hailakandi),Assam,24.32,92.51,2025-08-11,4.75499963760376,,,,INVALID,N/A,INVALID_RETRIEVAL,INSUFFICIENT_HISTORY,INVALID_RETRIEVAL,PARTIAL_RAINFALL_ONLY,2025-08-11,0,3B-DAY.MS.MRG.3IMERG.20250811-S000000-E235959.V07B.nc4,SMAP_L3_SM_P_20250811_R19240_001.h5,mm/day,cm^3/cm^3,,INSUFFICIENT_DATA,"[""Missing or insufficient rainfall history""]",PROTOTYPE OPERATIONAL TRIGGER PARAMETERS — REQUIRES REGIONAL SCIENTIFIC CALIBRATION
GSI_SITE_04,Nishkar slide (Hailakandi),Assam,24.43,92.55,2025-08-11,10.554999351501465,,,,INVALID,N/A,INVALID_RETRIEVAL,INSUFFICIENT_HISTORY,INVALID_RETRIEVAL,PARTIAL_RAINFALL_ONLY,2025-08-11,0,3B-DAY.MS.MRG.3IMERG.20250811-S000000-E235959.V07B.nc4,SMAP_L3_SM_P_20250811_R19240_001.h5,mm/day,cm^3/cm^3,,INSUFFICIENT_DATA,"[""Missing or insufficient rainfall history""]",PROTOTYPE OPERATIONAL TRIGGER PARAMETERS — REQUIRES REGIONAL SCIENTIFIC CALIBRATION
GSI_SITE_05,Paglacherra slide (Karimganj),Assam,24.44,92.5,2025-08-11,7.135000228881836,,,,INVALID,N/A,INVALID_RETRIEVAL,INSUFFICIENT_HISTORY,INVALID_RETRIEVAL,PARTIAL_RAINFALL_ONLY,2025-08-11,0,3B-DAY.MS.MRG.3IMERG.20250811-S000000-E235959.V07B.nc4,SMAP_L3_SM_P_20250811_R19240_001.h5,mm/day,cm^3/cm^3,,INSUFFICIENT_DATA,"[""Missing or insufficient rainfall history""]",PROTOTYPE OPERATIONAL TRIGGER PARAMETERS — REQUIRES REGIONAL SCIENTIFIC CALIBRATION
GSI_SITE_06,Lalpani slide (Hailakandi),Assam,24.44,92.56,2025-08-11,10.554999351501465,,,,INVALID,N/A,INVALID_RETRIEVAL,INSUFFICIENT_HISTORY,INVALID_RETRIEVAL,PARTIAL_RAINFALL_ONLY,2025-08-11,0,3B-DAY.MS.MRG.3IMERG.20250811-S000000-E235959.V07B.nc4,SMAP_L3_SM_P_20250811_R19240_001.h5,mm/day,cm^3/cm^3,,INSUFFICIENT_DATA,"[""Missing or insufficient rainfall history""]",PROTOTYPE OPERATIONAL TRIGGER PARAMETERS — REQUIRES REGIONAL SCIENTIFIC CALIBRATION
GSI_SITE_07,Garapunjislide (Hailakandi),Assam,24.46,92.52,2025-08-11,10.554999351501465,,,,INVALID,N/A,INVALID_RETRIEVAL,INSUFFICIENT_HISTORY,INVALID_RETRIEVAL,PARTIAL_RAINFALL_ONLY,2025-08-11,0,3B-DAY.MS.MRG.3IMERG.20250811-S000000-E235959.V07B.nc4,SMAP_L3_SM_P_20250811_R19240_001.h5,mm/day,cm^3/cm^3,,INSUFFICIENT_DATA,"[""Missing or insufficient rainfall history""]",PROTOTYPE OPERATIONAL TRIGGER PARAMETERS — REQUIRES REGIONAL SCIENTIFIC CALIBRATION
NER_PILOT_01,"Gangtok, Sikkim",Sikkim,27.33,88.61,2025-08-12,32.939998626708984,,,0.2509891986846924,WARNING,PM_6PM,PM_NON_RECOMMENDED,INSUFFICIENT_HISTORY,VALID,COMPLETE,2025-08-12,0,3B-DAY.MS.MRG.3IMERG.20250812-S000000-E235959.V07B.nc4,SMAP_L3_SM_P_20250812_R19240_001.h5,mm/day,cm^3/cm^3,,INSUFFICIENT_DATA,"[""Missing or insufficient rainfall history""]",PROTOTYPE OPERATIONAL TRIGGER PARAMETERS — REQUIRES REGIONAL SCIENTIFIC CALIBRATION
NER_PILOT_02,"Guwahati, Assam",Assam,26.14,91.73,2025-08-12,49.034996032714844,,,,INVALID,N/A,INVALID_RETRIEVAL,INSUFFICIENT_HISTORY,INVALID_RETRIEVAL,PARTIAL_RAINFALL_ONLY,2025-08-12,0,3B-DAY.MS.MRG.3IMERG.20250812-S000000-E235959.V07B.nc4,SMAP_L3_SM_P_20250812_R19240_001.h5,mm/day,cm^3/cm^3,,INSUFFICIENT_DATA,"[""Missing or insufficient rainfall history""]",PROTOTYPE OPERATIONAL TRIGGER PARAMETERS — REQUIRES REGIONAL SCIENTIFIC CALIBRATION
NER_PILOT_03,"Shillong, Meghalaya",Meghalaya,25.57,91.88,2025-08-12,81.11500549316406,,,,INVALID,N/A,INVALID_RETRIEVAL,INSUFFICIENT_HISTORY,INVALID_RETRIEVAL,PARTIAL_RAINFALL_ONLY,2025-08-12,0,3B-DAY.MS.MRG.3IMERG.20250812-S000000-E235959.V07B.nc4,SMAP_L3_SM_P_20250812_R19240_001.h5,mm/day,cm^3/cm^3,,INSUFFICIENT_DATA,"[""Missing or insufficient rainfall history""]",PROTOTYPE OPERATIONAL TRIGGER PARAMETERS — REQUIRES REGIONAL SCIENTIFIC CALIBRATION
NER_PILOT_04,"Aizawl, Mizoram",Mizoram,23.73,92.71,2025-08-12,30.09499740600586,,,,INVALID,N/A,INVALID_RETRIEVAL,INSUFFICIENT_HISTORY,INVALID_RETRIEVAL,PARTIAL_RAINFALL_ONLY,2025-08-12,0,3B-DAY.MS.MRG.3IMERG.20250812-S000000-E235959.V07B.nc4,SMAP_L3_SM_P_20250812_R19240_001.h5,mm/day,cm^3/cm^3,,INSUFFICIENT_DATA,"[""Missing or insufficient rainfall history""]",PROTOTYPE OPERATIONAL TRIGGER PARAMETERS — REQUIRES REGIONAL SCIENTIFIC CALIBRATION
NER_PILOT_05,"Kohima, Nagaland",Nagaland,25.67,94.11,2025-08-12,21.31999969482422,,,,INVALID,N/A,INVALID_RETRIEVAL,INSUFFICIENT_HISTORY,INVALID_RETRIEVAL,PARTIAL_RAINFALL_ONLY,2025-08-12,0,3B-DAY.MS.MRG.3IMERG.20250812-S000000-E235959.V07B.nc4,SMAP_L3_SM_P_20250812_R19240_001.h5,mm/day,cm^3/cm^3,,INSUFFICIENT_DATA,"[""Missing or insufficient rainfall history""]",PROTOTYPE OPERATIONAL TRIGGER PARAMETERS — REQUIRES REGIONAL SCIENTIFIC CALIBRATION
NER_PILOT_06,"Imphal, Manipur",Manipur,24.81,93.94,2025-08-12,24.099998474121094,,,,INVALID,N/A,INVALID_RETRIEVAL,INSUFFICIENT_HISTORY,INVALID_RETRIEVAL,PARTIAL_RAINFALL_ONLY,2025-08-12,0,3B-DAY.MS.MRG.3IMERG.20250812-S000000-E235959.V07B.nc4,SMAP_L3_SM_P_20250812_R19240_001.h5,mm/day,cm^3/cm^3,,INSUFFICIENT_DATA,"[""Missing or insufficient rainfall history""]",PROTOTYPE OPERATIONAL TRIGGER PARAMETERS — REQUIRES REGIONAL SCIENTIFIC CALIBRATION
NER_PILOT_07,"Itanagar, Arunachal Pradesh",Arunachal Pradesh,27.08,93.61,2025-08-12,86.70999908447266,,,,INVALID,N/A,INVALID_RETRIEVAL,INSUFFICIENT_HISTORY,INVALID_RETRIEVAL,PARTIAL_RAINFALL_ONLY,2025-08-12,0,3B-DAY.MS.MRG.3IMERG.20250812-S000000-E235959.V07B.nc4,SMAP_L3_SM_P_20250812_R19240_001.h5,mm/day,cm^3/cm^3,,INSUFFICIENT_DATA,"[""Missing or insufficient rainfall history""]",PROTOTYPE OPERATIONAL TRIGGER PARAMETERS — REQUIRES REGIONAL SCIENTIFIC CALIBRATION
NER_PILOT_08,"Agartala, Tripura",Tripura,23.83,91.28,2025-08-12,24.264999389648438,,,,INVALID,N/A,INVALID_RETRIEVAL,INSUFFICIENT_HISTORY,INVALID_RETRIEVAL,PARTIAL_RAINFALL_ONLY,2025-08-12,0,3B-DAY.MS.MRG.3IMERG.20250812-S000000-E235959.V07B.nc4,SMAP_L3_SM_P_20250812_R19240_001.h5,mm/day,cm^3/cm^3,,INSUFFICIENT_DATA,"[""Missing or insufficient rainfall history""]",PROTOTYPE OPERATIONAL TRIGGER PARAMETERS — REQUIRES REGIONAL SCIENTIFIC CALIBRATION
GSI_SITE_01,Kukinala slide (Hailakandi),Assam,24.27,92.5,2025-08-12,29.62999725341797,,,,INVALID,N/A,INVALID_RETRIEVAL,INSUFFICIENT_HISTORY,INVALID_RETRIEVAL,PARTIAL_RAINFALL_ONLY,2025-08-12,0,3B-DAY.MS.MRG.3IMERG.20250812-S000000-E235959.V07B.nc4,SMAP_L3_SM_P_20250812_R19240_001.h5,mm/day,cm^3/cm^3,,INSUFFICIENT_DATA,"[""Missing or insufficient rainfall history""]",PROTOTYPE OPERATIONAL TRIGGER PARAMETERS — REQUIRES REGIONAL SCIENTIFIC CALIBRATION
GSI_SITE_02,Jalnachaura slide (Hailakandi),Assam,24.31,92.56,2025-08-12,29.60999298095703,,,,INVALID,N/A,INVALID_RETRIEVAL,INSUFFICIENT_HISTORY,INVALID_RETRIEVAL,PARTIAL_RAINFALL_ONLY,2025-08-12,0,3B-DAY.MS.MRG.3IMERG.20250812-S000000-E235959.V07B.nc4,SMAP_L3_SM_P_20250812_R19240_001.h5,mm/day,cm^3/cm^3,,INSUFFICIENT_DATA,"[""Missing or insufficient rainfall history""]",PROTOTYPE OPERATIONAL TRIGGER PARAMETERS — REQUIRES REGIONAL SCIENTIFIC CALIBRATION
GSI_SITE_03,Nandagram slide (Hailakandi),Assam,24.32,92.51,2025-08-12,29.60999298095703,,,,INVALID,N/A,INVALID_RETRIEVAL,INSUFFICIENT_HISTORY,INVALID_RETRIEVAL,PARTIAL_RAINFALL_ONLY,2025-08-12,0,3B-DAY.MS.MRG.3IMERG.20250812-S000000-E235959.V07B.nc4,SMAP_L3_SM_P_20250812_R19240_001.h5,mm/day,cm^3/cm^3,,INSUFFICIENT_DATA,"[""Missing or insufficient rainfall history""]",PROTOTYPE OPERATIONAL TRIGGER PARAMETERS — REQUIRES REGIONAL SCIENTIFIC CALIBRATION
GSI_SITE_04,Nishkar slide (Hailakandi),Assam,24.43,92.55,2025-08-12,22.909997940063477,,,,INVALID,N/A,INVALID_RETRIEVAL,INSUFFICIENT_HISTORY,INVALID_RETRIEVAL,PARTIAL_RAINFALL_ONLY,2025-08-12,0,3B-DAY.MS.MRG.3IMERG.20250812-S000000-E235959.V07B.nc4,SMAP_L3_SM_P_20250812_R19240_001.h5,mm/day,cm^3/cm^3,,INSUFFICIENT_DATA,"[""Missing or insufficient rainfall history""]",PROTOTYPE OPERATIONAL TRIGGER PARAMETERS — REQUIRES REGIONAL SCIENTIFIC CALIBRATION
GSI_SITE_05,Paglacherra slide (Karimganj),Assam,24.44,92.5,2025-08-12,24.404991149902344,,,,INVALID,N/A,INVALID_RETRIEVAL,INSUFFICIENT_HISTORY,INVALID_RETRIEVAL,PARTIAL_RAINFALL_ONLY,2025-08-12,0,3B-DAY.MS.MRG.3IMERG.20250812-S000000-E235959.V07B.nc4,SMAP_L3_SM_P_20250812_R19240_001.h5,mm/day,cm^3/cm^3,,INSUFFICIENT_DATA,"[""Missing or insufficient rainfall history""]",PROTOTYPE OPERATIONAL TRIGGER PARAMETERS — REQUIRES REGIONAL SCIENTIFIC CALIBRATION
GSI_SITE_06,Lalpani slide (Hailakandi),Assam,24.44,92.56,2025-08-12,22.909997940063477,,,,INVALID,N/A,INVALID_RETRIEVAL,INSUFFICIENT_HISTORY,INVALID_RETRIEVAL,PARTIAL_RAINFALL_ONLY,2025-08-12,0,3B-DAY.MS.MRG.3IMERG.20250812-S000000-E235959.V07B.nc4,SMAP_L3_SM_P_20250812_R19240_001.h5,mm/day,cm^3/cm^3,,INSUFFICIENT_DATA,"[""Missing or insufficient rainfall history""]",PROTOTYPE OPERATIONAL TRIGGER PARAMETERS — REQUIRES REGIONAL SCIENTIFIC CALIBRATION
GSI_SITE_07,Garapunjislide (Hailakandi),Assam,24.46,92.52,2025-08-12,22.909997940063477,,,,INVALID,N/A,INVALID_RETRIEVAL,INSUFFICIENT_HISTORY,INVALID_RETRIEVAL,PARTIAL_RAINFALL_ONLY,2025-08-12,0,3B-DAY.MS.MRG.3IMERG.20250812-S000000-E235959.V07B.nc4,SMAP_L3_SM_P_20250812_R19240_001.h5,mm/day,cm^3/cm^3,,INSUFFICIENT_DATA,"[""Missing or insufficient rainfall history""]",PROTOTYPE OPERATIONAL TRIGGER PARAMETERS — REQUIRES REGIONAL SCIENTIFIC CALIBRATION
NER_PILOT_01,"Gangtok, Sikkim",Sikkim,27.33,88.61,2025-08-13,36.60499954223633,85.77499961853027,,,INVALID,N/A,INVALID_RETRIEVAL,INSUFFICIENT_HISTORY,INVALID_RETRIEVAL,PARTIAL_RAINFALL_ONLY,2025-08-13,0,3B-DAY.MS.MRG.3IMERG.20250813-S000000-E235959.V07B.nc4,SMAP_L3_SM_P_20250813_R19240_001.h5,mm/day,cm^3/cm^3,,INSUFFICIENT_DATA,"[""Missing or insufficient rainfall history""]",PROTOTYPE OPERATIONAL TRIGGER PARAMETERS — REQUIRES REGIONAL SCIENTIFIC CALIBRATION
NER_PILOT_02,"Guwahati, Assam",Assam,26.14,91.73,2025-08-13,37.399993896484375,91.60499000549316,,,INVALID,N/A,INVALID_RETRIEVAL,INSUFFICIENT_HISTORY,INVALID_RETRIEVAL,PARTIAL_RAINFALL_ONLY,2025-08-13,0,3B-DAY.MS.MRG.3IMERG.20250813-S000000-E235959.V07B.nc4,SMAP_L3_SM_P_20250813_R19240_001.h5,mm/day,cm^3/cm^3,,INSUFFICIENT_DATA,"[""Missing or insufficient rainfall history""]",PROTOTYPE OPERATIONAL TRIGGER PARAMETERS — REQUIRES REGIONAL SCIENTIFIC CALIBRATION
NER_PILOT_03,"Shillong, Meghalaya",Meghalaya,25.57,91.88,2025-08-13,31.62000274658203,130.22500610351562,,0.28829890489578247,RECOMMENDED,AM_6AM,AM_RECOMMENDED,INSUFFICIENT_HISTORY,VALID,COMPLETE,2025-08-13,0,3B-DAY.MS.MRG.3IMERG.20250813-S000000-E235959.V07B.nc4,SMAP_L3_SM_P_20250813_R19240_001.h5,mm/day,cm^3/cm^3,,INSUFFICIENT_DATA,"[""Missing or insufficient rainfall history""]",PROTOTYPE OPERATIONAL TRIGGER PARAMETERS — REQUIRES REGIONAL SCIENTIFIC CALIBRATION
NER_PILOT_04,"Aizawl, Mizoram",Mizoram,23.73,92.71,2025-08-13,42.84500503540039,73.12000243365765,,,INVALID,N/A,INVALID_RETRIEVAL,INSUFFICIENT_HISTORY,INVALID_RETRIEVAL,PARTIAL_RAINFALL_ONLY,2025-08-13,0,3B-DAY.MS.MRG.3IMERG.20250813-S000000-E235959.V07B.nc4,SMAP_L3_SM_P_20250813_R19240_001.h5,mm/day,cm^3/cm^3,,INSUFFICIENT_DATA,"[""Missing or insufficient rainfall history""]",PROTOTYPE OPERATIONAL TRIGGER PARAMETERS — REQUIRES REGIONAL SCIENTIFIC CALIBRATION
NER_PILOT_05,"Kohima, Nagaland",Nagaland,25.67,94.11,2025-08-13,42.195003509521484,64.0150032043457,,0.12842800840735435,WARNING,AM_PM_MEAN,AM_PM_NON_RECOMMENDED_MEAN,INSUFFICIENT_HISTORY,VALID,COMPLETE,2025-08-13,0,3B-DAY.MS.MRG.3IMERG.20250813-S000000-E235959.V07B.nc4,SMAP_L3_SM_P_20250813_R19240_001.h5,mm/day,cm^3/cm^3,,INSUFFICIENT_DATA,"[""Missing or insufficient rainfall history""]",PROTOTYPE OPERATIONAL TRIGGER PARAMETERS — REQUIRES REGIONAL SCIENTIFIC CALIBRATION
NER_PILOT_06,"Imphal, Manipur",Manipur,24.81,93.94,2025-08-13,4.625,36.55499839782715,,,INVALID,N/A,INVALID_RETRIEVAL,INSUFFICIENT_HISTORY,INVALID_RETRIEVAL,PARTIAL_RAINFALL_ONLY,2025-08-13,0,3B-DAY.MS.MRG.3IMERG.20250813-S000000-E235959.V07B.nc4,SMAP_L3_SM_P_20250813_R19240_001.h5,mm/day,cm^3/cm^3,,INSUFFICIENT_DATA,"[""Missing or insufficient rainfall history""]",PROTOTYPE OPERATIONAL TRIGGER PARAMETERS — REQUIRES REGIONAL SCIENTIFIC CALIBRATION
NER_PILOT_07,"Itanagar, Arunachal Pradesh",Arunachal Pradesh,27.08,93.61,2025-08-13,84.83499908447266,187.1599998474121,,0.10189313441514969,WARNING,AM_PM_MEAN,AM_PM_NON_RECOMMENDED_MEAN,INSUFFICIENT_HISTORY,VALID,COMPLETE,2025-08-13,0,3B-DAY.MS.MRG.3IMERG.20250813-S000000-E235959.V07B.nc4,SMAP_L3_SM_P_20250813_R19240_001.h5,mm/day,cm^3/cm^3,,INSUFFICIENT_DATA,"[""Missing or insufficient rainfall history""]",PROTOTYPE OPERATIONAL TRIGGER PARAMETERS — REQUIRES REGIONAL SCIENTIFIC CALIBRATION
NER_PILOT_08,"Agartala, Tripura",Tripura,23.83,91.28,2025-08-13,69.83499908447266,96.73499822616577,,,INVALID,N/A,INVALID_RETRIEVAL,INSUFFICIENT_HISTORY,INVALID_RETRIEVAL,PARTIAL_RAINFALL_ONLY,2025-08-13,0,3B-DAY.MS.MRG.3IMERG.20250813-S000000-E235959.V07B.nc4,SMAP_L3_SM_P_20250813_R19240_001.h5,mm/day,cm^3/cm^3,,INSUFFICIENT_DATA,"[""Missing or insufficient rainfall history""]",PROTOTYPE OPERATIONAL TRIGGER PARAMETERS — REQUIRES REGIONAL SCIENTIFIC CALIBRATION
GSI_SITE_01,Kukinala slide (Hailakandi),Assam,24.27,92.5,2025-08-13,16.05500030517578,46.794997572898865,,,INVALID,N/A,INVALID_RETRIEVAL,INSUFFICIENT_HISTORY,INVALID_RETRIEVAL,PARTIAL_RAINFALL_ONLY,2025-08-13,0,3B-DAY.MS.MRG.3IMERG.20250813-S000000-E235959.V07B.nc4,SMAP_L3_SM_P_20250813_R19240_001.h5,mm/day,cm^3/cm^3,,INSUFFICIENT_DATA,"[""Missing or insufficient rainfall history""]",PROTOTYPE OPERATIONAL TRIGGER PARAMETERS — REQUIRES REGIONAL SCIENTIFIC CALIBRATION
GSI_SITE_02,Jalnachaura slide (Hailakandi),Assam,24.31,92.56,2025-08-13,21.609996795654297,55.97498941421509,,,INVALID,N/A,INVALID_RETRIEVAL,INSUFFICIENT_HISTORY,INVALID_RETRIEVAL,PARTIAL_RAINFALL_ONLY,2025-08-13,0,3B-DAY.MS.MRG.3IMERG.20250813-S000000-E235959.V07B.nc4,SMAP_L3_SM_P_20250813_R19240_001.h5,mm/day,cm^3/cm^3,,INSUFFICIENT_DATA,"[""Missing or insufficient rainfall history""]",PROTOTYPE OPERATIONAL TRIGGER PARAMETERS — REQUIRES REGIONAL SCIENTIFIC CALIBRATION
GSI_SITE_03,Nandagram slide (Hailakandi),Assam,24.32,92.51,2025-08-13,21.609996795654297,55.97498941421509,,,INVALID,N/A,INVALID_RETRIEVAL,INSUFFICIENT_HISTORY,INVALID_RETRIEVAL,PARTIAL_RAINFALL_ONLY,2025-08-13,0,3B-DAY.MS.MRG.3IMERG.20250813-S000000-E235959.V07B.nc4,SMAP_L3_SM_P_20250813_R19240_001.h5,mm/day,cm^3/cm^3,,INSUFFICIENT_DATA,"[""Missing or insufficient rainfall history""]",PROTOTYPE OPERATIONAL TRIGGER PARAMETERS — REQUIRES REGIONAL SCIENTIFIC CALIBRATION
GSI_SITE_04,Nishkar slide (Hailakandi),Assam,24.43,92.55,2025-08-13,17.09499740600586,50.5599946975708,,,INVALID,N/A,INVALID_RETRIEVAL,INSUFFICIENT_HISTORY,INVALID_RETRIEVAL,PARTIAL_RAINFALL_ONLY,2025-08-13,0,3B-DAY.MS.MRG.3IMERG.20250813-S000000-E235959.V07B.nc4,SMAP_L3_SM_P_20250813_R19240_001.h5,mm/day,cm^3/cm^3,,INSUFFICIENT_DATA,"[""Missing or insufficient rainfall history""]",PROTOTYPE OPERATIONAL TRIGGER PARAMETERS — REQUIRES REGIONAL SCIENTIFIC CALIBRATION
GSI_SITE_05,Paglacherra slide (Karimganj),Assam,24.44,92.5,2025-08-13,19.23499870300293,50.77499008178711,,,INVALID,N/A,INVALID_RETRIEVAL,INSUFFICIENT_HISTORY,INVALID_RETRIEVAL,PARTIAL_RAINFALL_ONLY,2025-08-13,0,3B-DAY.MS.MRG.3IMERG.20250813-S000000-E235959.V07B.nc4,SMAP_L3_SM_P_20250813_R19240_001.h5,mm/day,cm^3/cm^3,,INSUFFICIENT_DATA,"[""Missing or insufficient rainfall history""]",PROTOTYPE OPERATIONAL TRIGGER PARAMETERS — REQUIRES REGIONAL SCIENTIFIC CALIBRATION
GSI_SITE_06,Lalpani slide (Hailakandi),Assam,24.44,92.56,2025-08-13,17.09499740600586,50.5599946975708,,,INVALID,N/A,INVALID_RETRIEVAL,INSUFFICIENT_HISTORY,INVALID_RETRIEVAL,PARTIAL_RAINFALL_ONLY,2025-08-13,0,3B-DAY.MS.MRG.3IMERG.20250813-S000000-E235959.V07B.nc4,SMAP_L3_SM_P_20250813_R19240_001.h5,mm/day,cm^3/cm^3,,INSUFFICIENT_DATA,"[""Missing or insufficient rainfall history""]",PROTOTYPE OPERATIONAL TRIGGER PARAMETERS — REQUIRES REGIONAL SCIENTIFIC CALIBRATION
GSI_SITE_07,Garapunjislide (Hailakandi),Assam,24.46,92.52,2025-08-13,17.09499740600586,50.5599946975708,,0.47638872265815735,RECOMMENDED,AM_6AM,AM_RECOMMENDED,INSUFFICIENT_HISTORY,VALID,COMPLETE,2025-08-13,0,3B-DAY.MS.MRG.3IMERG.20250813-S000000-E235959.V07B.nc4,SMAP_L3_SM_P_20250813_R19240_001.h5,mm/day,cm^3/cm^3,,INSUFFICIENT_DATA,"[""Missing or insufficient rainfall history""]",PROTOTYPE OPERATIONAL TRIGGER PARAMETERS — REQUIRES REGIONAL SCIENTIFIC CALIBRATION
NER_PILOT_01,"Gangtok, Sikkim",Sikkim,27.33,88.61,2025-08-14,4.135000228881836,73.67999839782715,,0.2498675137758255,WARNING,PM_6PM,PM_NON_RECOMMENDED,INSUFFICIENT_HISTORY,VALID,COMPLETE,2025-08-14,0,3B-DAY.MS.MRG.3IMERG.20250814-S000000-E235959.V07B.nc4,SMAP_L3_SM_P_20250814_R19240_001.h5,mm/day,cm^3/cm^3,,INSUFFICIENT_DATA,"[""Missing or insufficient rainfall history""]",PROTOTYPE OPERATIONAL TRIGGER PARAMETERS — REQUIRES REGIONAL SCIENTIFIC CALIBRATION
NER_PILOT_02,"Guwahati, Assam",Assam,26.14,91.73,2025-08-14,5.310000896453857,91.74499082565308,,0.40490785241127014,WARNING,PM_6PM,PM_NON_RECOMMENDED,INSUFFICIENT_HISTORY,VALID,COMPLETE,2025-08-14,0,3B-DAY.MS.MRG.3IMERG.20250814-S000000-E235959.V07B.nc4,SMAP_L3_SM_P_20250814_R19240_001.h5,mm/day,cm^3/cm^3,,INSUFFICIENT_DATA,"[""Missing or insufficient rainfall history""]",PROTOTYPE OPERATIONAL TRIGGER PARAMETERS — REQUIRES REGIONAL SCIENTIFIC CALIBRATION
NER_PILOT_03,"Shillong, Meghalaya",Meghalaya,25.57,91.88,2025-08-14,94.94999694824219,207.68500518798828,,0.1860177218914032,RECOMMENDED,PM_6PM,PM_RECOMMENDED,INSUFFICIENT_HISTORY,VALID,COMPLETE,2025-08-14,0,3B-DAY.MS.MRG.3IMERG.20250814-S000000-E235959.V07B.nc4,SMAP_L3_SM_P_20250814_R19240_001.h5,mm/day,cm^3/cm^3,,INSUFFICIENT_DATA,"[""Missing or insufficient rainfall history""]",PROTOTYPE OPERATIONAL TRIGGER PARAMETERS — REQUIRES REGIONAL SCIENTIFIC CALIBRATION
NER_PILOT_04,"Aizawl, Mizoram",Mizoram,23.73,92.71,2025-08-14,43.55500030517578,116.49500274658203,,,INVALID,N/A,INVALID_RETRIEVAL,INSUFFICIENT_HISTORY,INVALID_RETRIEVAL,PARTIAL_RAINFALL_ONLY,2025-08-14,0,3B-DAY.MS.MRG.3IMERG.20250814-S000000-E235959.V07B.nc4,SMAP_L3_SM_P_20250814_R19240_001.h5,mm/day,cm^3/cm^3,,INSUFFICIENT_DATA,"[""Missing or insufficient rainfall history""]",PROTOTYPE OPERATIONAL TRIGGER PARAMETERS — REQUIRES REGIONAL SCIENTIFIC CALIBRATION
NER_PILOT_05,"Kohima, Nagaland",Nagaland,25.67,94.11,2025-08-14,13.065000534057617,76.58000373840332,,,INVALID,N/A,INVALID_RETRIEVAL,INSUFFICIENT_HISTORY,INVALID_RETRIEVAL,PARTIAL_RAINFALL_ONLY,2025-08-14,0,3B-DAY.MS.MRG.3IMERG.20250814-S000000-E235959.V07B.nc4,SMAP_L3_SM_P_20250814_R19240_001.h5,mm/day,cm^3/cm^3,,INSUFFICIENT_DATA,"[""Missing or insufficient rainfall history""]",PROTOTYPE OPERATIONAL TRIGGER PARAMETERS — REQUIRES REGIONAL SCIENTIFIC CALIBRATION
NER_PILOT_06,"Imphal, Manipur",Manipur,24.81,93.94,2025-08-14,14.549999237060547,43.27499771118164,,,INVALID,N/A,INVALID_RETRIEVAL,INSUFFICIENT_HISTORY,INVALID_RETRIEVAL,PARTIAL_RAINFALL_ONLY,2025-08-14,0,3B-DAY.MS.MRG.3IMERG.20250814-S000000-E235959.V07B.nc4,SMAP_L3_SM_P_20250814_R19240_001.h5,mm/day,cm^3/cm^3,,INSUFFICIENT_DATA,"[""Missing or insufficient rainfall history""]",PROTOTYPE OPERATIONAL TRIGGER PARAMETERS — REQUIRES REGIONAL SCIENTIFIC CALIBRATION
NER_PILOT_07,"Itanagar, Arunachal Pradesh",Arunachal Pradesh,27.08,93.61,2025-08-14,3.570000171661377,175.1149983406067,,,INVALID,N/A,INVALID_RETRIEVAL,INSUFFICIENT_HISTORY,INVALID_RETRIEVAL,PARTIAL_RAINFALL_ONLY,2025-08-14,0,3B-DAY.MS.MRG.3IMERG.20250814-S000000-E235959.V07B.nc4,SMAP_L3_SM_P_20250814_R19240_001.h5,mm/day,cm^3/cm^3,,INSUFFICIENT_DATA,"[""Missing or insufficient rainfall history""]",PROTOTYPE OPERATIONAL TRIGGER PARAMETERS — REQUIRES REGIONAL SCIENTIFIC CALIBRATION
NER_PILOT_08,"Agartala, Tripura",Tripura,23.83,91.28,2025-08-14,28.700000762939453,122.79999923706055,,,INVALID,N/A,INVALID_RETRIEVAL,INSUFFICIENT_HISTORY,INVALID_RETRIEVAL,PARTIAL_RAINFALL_ONLY,2025-08-14,0,3B-DAY.MS.MRG.3IMERG.20250814-S000000-E235959.V07B.nc4,SMAP_L3_SM_P_20250814_R19240_001.h5,mm/day,cm^3/cm^3,,INSUFFICIENT_DATA,"[""Missing or insufficient rainfall history""]",PROTOTYPE OPERATIONAL TRIGGER PARAMETERS — REQUIRES REGIONAL SCIENTIFIC CALIBRATION
GSI_SITE_01,Kukinala slide (Hailakandi),Assam,24.27,92.5,2025-08-14,35.529998779296875,81.21499633789062,,,INVALID,N/A,INVALID_RETRIEVAL,INSUFFICIENT_HISTORY,INVALID_RETRIEVAL,PARTIAL_RAINFALL_ONLY,2025-08-14,0,3B-DAY.MS.MRG.3IMERG.20250814-S000000-E235959.V07B.nc4,SMAP_L3_SM_P_20250814_R19240_001.h5,mm/day,cm^3/cm^3,,INSUFFICIENT_DATA,"[""Missing or insufficient rainfall history""]",PROTOTYPE OPERATIONAL TRIGGER PARAMETERS — REQUIRES REGIONAL SCIENTIFIC CALIBRATION
GSI_SITE_02,Jalnachaura slide (Hailakandi),Assam,24.31,92.56,2025-08-14,27.66499900817871,78.88498878479004,,,INVALID,N/A,INVALID_RETRIEVAL,INSUFFICIENT_HISTORY,INVALID_RETRIEVAL,PARTIAL_RAINFALL_ONLY,2025-08-14,0,3B-DAY.MS.MRG.3IMERG.20250814-S000000-E235959.V07B.nc4,SMAP_L3_SM_P_20250814_R19240_001.h5,mm/day,cm^3/cm^3,,INSUFFICIENT_DATA,"[""Missing or insufficient rainfall history""]",PROTOTYPE OPERATIONAL TRIGGER PARAMETERS — REQUIRES REGIONAL SCIENTIFIC CALIBRATION
GSI_SITE_03,Nandagram slide (Hailakandi),Assam,24.32,92.51,2025-08-14,27.66499900817871,78.88498878479004,,,INVALID,N/A,INVALID_RETRIEVAL,INSUFFICIENT_HISTORY,INVALID_RETRIEVAL,PARTIAL_RAINFALL_ONLY,2025-08-14,0,3B-DAY.MS.MRG.3IMERG.20250814-S000000-E235959.V07B.nc4,SMAP_L3_SM_P_20250814_R19240_001.h5,mm/day,cm^3/cm^3,,INSUFFICIENT_DATA,"[""Missing or insufficient rainfall history""]",PROTOTYPE OPERATIONAL TRIGGER PARAMETERS — REQUIRES REGIONAL SCIENTIFIC CALIBRATION
GSI_SITE_04,Nishkar slide (Hailakandi),Assam,24.43,92.55,2025-08-14,42.01499938964844,82.01999473571777,,,INVALID,N/A,INVALID_RETRIEVAL,INSUFFICIENT_HISTORY,INVALID_RETRIEVAL,PARTIAL_RAINFALL_ONLY,2025-08-14,0,3B-DAY.MS.MRG.3IMERG.20250814-S000000-E235959.V07B.nc4,SMAP_L3_SM_P_20250814_R19240_001.h5,mm/day,cm^3/cm^3,,INSUFFICIENT_DATA,"[""Missing or insufficient rainfall history""]",PROTOTYPE OPERATIONAL TRIGGER PARAMETERS — REQUIRES REGIONAL SCIENTIFIC CALIBRATION
GSI_SITE_05,Paglacherra slide (Karimganj),Assam,24.44,92.5,2025-08-14,29.854999542236328,73.4949893951416,,,INVALID,N/A,INVALID_RETRIEVAL,INSUFFICIENT_HISTORY,INVALID_RETRIEVAL,PARTIAL_RAINFALL_ONLY,2025-08-14,0,3B-DAY.MS.MRG.3IMERG.20250814-S000000-E235959.V07B.nc4,SMAP_L3_SM_P_20250814_R19240_001.h5,mm/day,cm^3/cm^3,,INSUFFICIENT_DATA,"[""Missing or insufficient rainfall history""]",PROTOTYPE OPERATIONAL TRIGGER PARAMETERS — REQUIRES REGIONAL SCIENTIFIC CALIBRATION
GSI_SITE_06,Lalpani slide (Hailakandi),Assam,24.44,92.56,2025-08-14,42.01499938964844,82.01999473571777,,,INVALID,N/A,INVALID_RETRIEVAL,INSUFFICIENT_HISTORY,INVALID_RETRIEVAL,PARTIAL_RAINFALL_ONLY,2025-08-14,0,3B-DAY.MS.MRG.3IMERG.20250814-S000000-E235959.V07B.nc4,SMAP_L3_SM_P_20250814_R19240_001.h5,mm/day,cm^3/cm^3,,INSUFFICIENT_DATA,"[""Missing or insufficient rainfall history""]",PROTOTYPE OPERATIONAL TRIGGER PARAMETERS — REQUIRES REGIONAL SCIENTIFIC CALIBRATION
GSI_SITE_07,Garapunjislide (Hailakandi),Assam,24.46,92.52,2025-08-14,42.01499938964844,82.01999473571777,,,INVALID,N/A,INVALID_RETRIEVAL,INSUFFICIENT_HISTORY,INVALID_RETRIEVAL,PARTIAL_RAINFALL_ONLY,2025-08-14,0,3B-DAY.MS.MRG.3IMERG.20250814-S000000-E235959.V07B.nc4,SMAP_L3_SM_P_20250814_R19240_001.h5,mm/day,cm^3/cm^3,,INSUFFICIENT_DATA,"[""Missing or insufficient rainfall history""]",PROTOTYPE OPERATIONAL TRIGGER PARAMETERS — REQUIRES REGIONAL SCIENTIFIC CALIBRATION
NER_PILOT_01,"Gangtok, Sikkim",Sikkim,27.33,88.61,2025-08-15,21.315000534057617,62.05500030517578,,,INVALID,N/A,INVALID_RETRIEVAL,INSUFFICIENT_HISTORY,INVALID_RETRIEVAL,PARTIAL_RAINFALL_ONLY,2025-08-15,0,3B-DAY.MS.MRG.3IMERG.20250815-S000000-E235959.V07B.nc4,SMAP_L3_SM_P_20250815_R19240_001.h5,mm/day,cm^3/cm^3,,INSUFFICIENT_DATA,"[""Missing or insufficient rainfall history""]",PROTOTYPE OPERATIONAL TRIGGER PARAMETERS — REQUIRES REGIONAL SCIENTIFIC CALIBRATION
NER_PILOT_02,"Guwahati, Assam",Assam,26.14,91.73,2025-08-15,0.14499999582767487,42.85499478876591,,,INVALID,N/A,INVALID_RETRIEVAL,INSUFFICIENT_HISTORY,INVALID_RETRIEVAL,PARTIAL_RAINFALL_ONLY,2025-08-15,0,3B-DAY.MS.MRG.3IMERG.20250815-S000000-E235959.V07B.nc4,SMAP_L3_SM_P_20250815_R19240_001.h5,mm/day,cm^3/cm^3,,INSUFFICIENT_DATA,"[""Missing or insufficient rainfall history""]",PROTOTYPE OPERATIONAL TRIGGER PARAMETERS — REQUIRES REGIONAL SCIENTIFIC CALIBRATION
NER_PILOT_03,"Shillong, Meghalaya",Meghalaya,25.57,91.88,2025-08-15,2.9800000190734863,129.5499997138977,,,INVALID,N/A,INVALID_RETRIEVAL,INSUFFICIENT_HISTORY,INVALID_RETRIEVAL,PARTIAL_RAINFALL_ONLY,2025-08-15,0,3B-DAY.MS.MRG.3IMERG.20250815-S000000-E235959.V07B.nc4,SMAP_L3_SM_P_20250815_R19240_001.h5,mm/day,cm^3/cm^3,,INSUFFICIENT_DATA,"[""Missing or insufficient rainfall history""]",PROTOTYPE OPERATIONAL TRIGGER PARAMETERS — REQUIRES REGIONAL SCIENTIFIC CALIBRATION
NER_PILOT_04,"Aizawl, Mizoram",Mizoram,23.73,92.71,2025-08-15,16.559999465942383,102.96000480651855,,,INVALID,N/A,INVALID_RETRIEVAL,INSUFFICIENT_HISTORY,INVALID_RETRIEVAL,PARTIAL_RAINFALL_ONLY,2025-08-15,0,3B-DAY.MS.MRG.3IMERG.20250815-S000000-E235959.V07B.nc4,SMAP_L3_SM_P_20250815_R19240_001.h5,mm/day,cm^3/cm^3,,INSUFFICIENT_DATA,"[""Missing or insufficient rainfall history""]",PROTOTYPE OPERATIONAL TRIGGER PARAMETERS — REQUIRES REGIONAL SCIENTIFIC CALIBRATION
NER_PILOT_05,"Kohima, Nagaland",Nagaland,25.67,94.11,2025-08-15,28.06500244140625,83.32500648498535,,,INVALID,N/A,INVALID_RETRIEVAL,INSUFFICIENT_HISTORY,INVALID_RETRIEVAL,PARTIAL_RAINFALL_ONLY,2025-08-15,0,3B-DAY.MS.MRG.3IMERG.20250815-S000000-E235959.V07B.nc4,SMAP_L3_SM_P_20250815_R19240_001.h5,mm/day,cm^3/cm^3,,INSUFFICIENT_DATA,"[""Missing or insufficient rainfall history""]",PROTOTYPE OPERATIONAL TRIGGER PARAMETERS — REQUIRES REGIONAL SCIENTIFIC CALIBRATION
NER_PILOT_06,"Imphal, Manipur",Manipur,24.81,93.94,2025-08-15,4.814999580383301,23.989998817443848,,,INVALID,N/A,INVALID_RETRIEVAL,INSUFFICIENT_HISTORY,INVALID_RETRIEVAL,PARTIAL_RAINFALL_ONLY,2025-08-15,0,3B-DAY.MS.MRG.3IMERG.20250815-S000000-E235959.V07B.nc4,SMAP_L3_SM_P_20250815_R19240_001.h5,mm/day,cm^3/cm^3,,INSUFFICIENT_DATA,"[""Missing or insufficient rainfall history""]",PROTOTYPE OPERATIONAL TRIGGER PARAMETERS — REQUIRES REGIONAL SCIENTIFIC CALIBRATION
NER_PILOT_07,"Itanagar, Arunachal Pradesh",Arunachal Pradesh,27.08,93.61,2025-08-15,0.9149999618530273,89.31999921798706,,,INVALID,N/A,INVALID_RETRIEVAL,INSUFFICIENT_HISTORY,INVALID_RETRIEVAL,PARTIAL_RAINFALL_ONLY,2025-08-15,0,3B-DAY.MS.MRG.3IMERG.20250815-S000000-E235959.V07B.nc4,SMAP_L3_SM_P_20250815_R19240_001.h5,mm/day,cm^3/cm^3,,INSUFFICIENT_DATA,"[""Missing or insufficient rainfall history""]",PROTOTYPE OPERATIONAL TRIGGER PARAMETERS — REQUIRES REGIONAL SCIENTIFIC CALIBRATION
NER_PILOT_08,"Agartala, Tripura",Tripura,23.83,91.28,2025-08-15,77.37000274658203,175.90500259399414,,,INVALID,N/A,INVALID_RETRIEVAL,INSUFFICIENT_HISTORY,INVALID_RETRIEVAL,PARTIAL_RAINFALL_ONLY,2025-08-15,0,3B-DAY.MS.MRG.3IMERG.20250815-S000000-E235959.V07B.nc4,SMAP_L3_SM_P_20250815_R19240_001.h5,mm/day,cm^3/cm^3,,INSUFFICIENT_DATA,"[""Missing or insufficient rainfall history""]",PROTOTYPE OPERATIONAL TRIGGER PARAMETERS — REQUIRES REGIONAL SCIENTIFIC CALIBRATION
GSI_SITE_01,Kukinala slide (Hailakandi),Assam,24.27,92.5,2025-08-15,120.98500061035156,172.56999969482422,,,INVALID,N/A,INVALID_RETRIEVAL,INSUFFICIENT_HISTORY,INVALID_RETRIEVAL,PARTIAL_RAINFALL_ONLY,2025-08-15,0,3B-DAY.MS.MRG.3IMERG.20250815-S000000-E235959.V07B.nc4,SMAP_L3_SM_P_20250815_R19240_001.h5,mm/day,cm^3/cm^3,,INSUFFICIENT_DATA,"[""Missing or insufficient rainfall history""]",PROTOTYPE OPERATIONAL TRIGGER PARAMETERS — REQUIRES REGIONAL SCIENTIFIC CALIBRATION
GSI_SITE_02,Jalnachaura slide (Hailakandi),Assam,24.31,92.56,2025-08-15,96.62500762939453,145.90000343322754,,,INVALID,N/A,INVALID_RETRIEVAL,INSUFFICIENT_HISTORY,INVALID_RETRIEVAL,PARTIAL_RAINFALL_ONLY,2025-08-15,0,3B-DAY.MS.MRG.3IMERG.20250815-S000000-E235959.V07B.nc4,SMAP_L3_SM_P_20250815_R19240_001.h5,mm/day,cm^3/cm^3,,INSUFFICIENT_DATA,"[""Missing or insufficient rainfall history""]",PROTOTYPE OPERATIONAL TRIGGER PARAMETERS — REQUIRES REGIONAL SCIENTIFIC CALIBRATION
GSI_SITE_03,Nandagram slide (Hailakandi),Assam,24.32,92.51,2025-08-15,96.62500762939453,145.90000343322754,,,INVALID,N/A,INVALID_RETRIEVAL,INSUFFICIENT_HISTORY,INVALID_RETRIEVAL,PARTIAL_RAINFALL_ONLY,2025-08-15,0,3B-DAY.MS.MRG.3IMERG.20250815-S000000-E235959.V07B.nc4,SMAP_L3_SM_P_20250815_R19240_001.h5,mm/day,cm^3/cm^3,,INSUFFICIENT_DATA,"[""Missing or insufficient rainfall history""]",PROTOTYPE OPERATIONAL TRIGGER PARAMETERS — REQUIRES REGIONAL SCIENTIFIC CALIBRATION
GSI_SITE_04,Nishkar slide (Hailakandi),Assam,24.43,92.55,2025-08-15,102.90501403808594,162.01501083374023,,,INVALID,N/A,INVALID_RETRIEVAL,INSUFFICIENT_HISTORY,INVALID_RETRIEVAL,PARTIAL_RAINFALL_ONLY,2025-08-15,0,3B-DAY.MS.MRG.3IMERG.20250815-S000000-E235959.V07B.nc4,SMAP_L3_SM_P_20250815_R19240_001.h5,mm/day,cm^3/cm^3,,INSUFFICIENT_DATA,"[""Missing or insufficient rainfall history""]",PROTOTYPE OPERATIONAL TRIGGER PARAMETERS — REQUIRES REGIONAL SCIENTIFIC CALIBRATION
GSI_SITE_05,Paglacherra slide (Karimganj),Assam,24.44,92.5,2025-08-15,124.89498901367188,173.98498725891113,,,INVALID,N/A,INVALID_RETRIEVAL,INSUFFICIENT_HISTORY,INVALID_RETRIEVAL,PARTIAL_RAINFALL_ONLY,2025-08-15,0,3B-DAY.MS.MRG.3IMERG.20250815-S000000-E235959.V07B.nc4,SMAP_L3_SM_P_20250815_R19240_001.h5,mm/day,cm^3/cm^3,,INSUFFICIENT_DATA,"[""Missing or insufficient rainfall history""]",PROTOTYPE OPERATIONAL TRIGGER PARAMETERS — REQUIRES REGIONAL SCIENTIFIC CALIBRATION
GSI_SITE_06,Lalpani slide (Hailakandi),Assam,24.44,92.56,2025-08-15,102.90501403808594,162.01501083374023,,,INVALID,N/A,INVALID_RETRIEVAL,INSUFFICIENT_HISTORY,INVALID_RETRIEVAL,PARTIAL_RAINFALL_ONLY,2025-08-15,0,3B-DAY.MS.MRG.3IMERG.20250815-S000000-E235959.V07B.nc4,SMAP_L3_SM_P_20250815_R19240_001.h5,mm/day,cm^3/cm^3,,INSUFFICIENT_DATA,"[""Missing or insufficient rainfall history""]",PROTOTYPE OPERATIONAL TRIGGER PARAMETERS — REQUIRES REGIONAL SCIENTIFIC CALIBRATION
GSI_SITE_07,Garapunjislide (Hailakandi),Assam,24.46,92.52,2025-08-15,102.90501403808594,162.01501083374023,,,INVALID,N/A,INVALID_RETRIEVAL,INSUFFICIENT_HISTORY,INVALID_RETRIEVAL,PARTIAL_RAINFALL_ONLY,2025-08-15,0,3B-DAY.MS.MRG.3IMERG.20250815-S000000-E235959.V07B.nc4,SMAP_L3_SM_P_20250815_R19240_001.h5,mm/day,cm^3/cm^3,,INSUFFICIENT_DATA,"[""Missing or insufficient rainfall history""]",PROTOTYPE OPERATIONAL TRIGGER PARAMETERS — REQUIRES REGIONAL SCIENTIFIC CALIBRATION
NER_PILOT_01,"Gangtok, Sikkim",Sikkim,27.33,88.61,2025-08-16,25.375,50.82500076293945,,,INVALID,N/A,INVALID_RETRIEVAL,INSUFFICIENT_HISTORY,INVALID_RETRIEVAL,PARTIAL_RAINFALL_ONLY,2025-08-16,0,3B-DAY.MS.MRG.3IMERG.20250816-S000000-E235959.V07B.nc4,SMAP_L3_SM_P_20250816_R19240_002.h5,mm/day,cm^3/cm^3,,INSUFFICIENT_DATA,"[""Missing or insufficient rainfall history""]",PROTOTYPE OPERATIONAL TRIGGER PARAMETERS — REQUIRES REGIONAL SCIENTIFIC CALIBRATION
NER_PILOT_02,"Guwahati, Assam",Assam,26.14,91.73,2025-08-16,45.61499786376953,51.06999875605106,,0.4022172689437866,WARNING,AM_6AM,AM_NON_RECOMMENDED,INSUFFICIENT_HISTORY,VALID,COMPLETE,2025-08-16,0,3B-DAY.MS.MRG.3IMERG.20250816-S000000-E235959.V07B.nc4,SMAP_L3_SM_P_20250816_R19240_002.h5,mm/day,cm^3/cm^3,,INSUFFICIENT_DATA,"[""Missing or insufficient rainfall history""]",PROTOTYPE OPERATIONAL TRIGGER PARAMETERS — REQUIRES REGIONAL SCIENTIFIC CALIBRATION
NER_PILOT_03,"Shillong, Meghalaya",Meghalaya,25.57,91.88,2025-08-16,106.14999389648438,204.07999086380005,,0.2676871716976166,RECOMMENDED,AM_6AM,AM_RECOMMENDED,INSUFFICIENT_HISTORY,VALID,COMPLETE,2025-08-16,0,3B-DAY.MS.MRG.3IMERG.20250816-S000000-E235959.V07B.nc4,SMAP_L3_SM_P_20250816_R19240_002.h5,mm/day,cm^3/cm^3,,INSUFFICIENT_DATA,"[""Missing or insufficient rainfall history""]",PROTOTYPE OPERATIONAL TRIGGER PARAMETERS — REQUIRES REGIONAL SCIENTIFIC CALIBRATION
NER_PILOT_04,"Aizawl, Mizoram",Mizoram,23.73,92.71,2025-08-16,33.619998931884766,93.73499870300293,,,INVALID,N/A,INVALID_RETRIEVAL,INSUFFICIENT_HISTORY,INVALID_RETRIEVAL,PARTIAL_RAINFALL_ONLY,2025-08-16,0,3B-DAY.MS.MRG.3IMERG.20250816-S000000-E235959.V07B.nc4,SMAP_L3_SM_P_20250816_R19240_002.h5,mm/day,cm^3/cm^3,,INSUFFICIENT_DATA,"[""Missing or insufficient rainfall history""]",PROTOTYPE OPERATIONAL TRIGGER PARAMETERS — REQUIRES REGIONAL SCIENTIFIC CALIBRATION
NER_PILOT_05,"Kohima, Nagaland",Nagaland,25.67,94.11,2025-08-16,5.920000076293945,47.05000305175781,,,INVALID,N/A,INVALID_RETRIEVAL,INSUFFICIENT_HISTORY,INVALID_RETRIEVAL,PARTIAL_RAINFALL_ONLY,2025-08-16,0,3B-DAY.MS.MRG.3IMERG.20250816-S000000-E235959.V07B.nc4,SMAP_L3_SM_P_20250816_R19240_002.h5,mm/day,cm^3/cm^3,,INSUFFICIENT_DATA,"[""Missing or insufficient rainfall history""]",PROTOTYPE OPERATIONAL TRIGGER PARAMETERS — REQUIRES REGIONAL SCIENTIFIC CALIBRATION
NER_PILOT_06,"Imphal, Manipur",Manipur,24.81,93.94,2025-08-16,26.82000160217285,46.1850004196167,,,INVALID,N/A,INVALID_RETRIEVAL,INSUFFICIENT_HISTORY,INVALID_RETRIEVAL,PARTIAL_RAINFALL_ONLY,2025-08-16,0,3B-DAY.MS.MRG.3IMERG.20250816-S000000-E235959.V07B.nc4,SMAP_L3_SM_P_20250816_R19240_002.h5,mm/day,cm^3/cm^3,,INSUFFICIENT_DATA,"[""Missing or insufficient rainfall history""]",PROTOTYPE OPERATIONAL TRIGGER PARAMETERS — REQUIRES REGIONAL SCIENTIFIC CALIBRATION
NER_PILOT_07,"Itanagar, Arunachal Pradesh",Arunachal Pradesh,27.08,93.61,2025-08-16,43.959999084472656,48.44499921798706,,0.08535169064998627,WARNING,PM_6PM,PM_NON_RECOMMENDED,INSUFFICIENT_HISTORY,VALID,COMPLETE,2025-08-16,0,3B-DAY.MS.MRG.3IMERG.20250816-S000000-E235959.V07B.nc4,SMAP_L3_SM_P_20250816_R19240_002.h5,mm/day,cm^3/cm^3,,INSUFFICIENT_DATA,"[""Missing or insufficient rainfall history""]",PROTOTYPE OPERATIONAL TRIGGER PARAMETERS — REQUIRES REGIONAL SCIENTIFIC CALIBRATION
NER_PILOT_08,"Agartala, Tripura",Tripura,23.83,91.28,2025-08-16,25.944997787475586,132.01500129699707,,,INVALID,N/A,INVALID_RETRIEVAL,INSUFFICIENT_HISTORY,INVALID_RETRIEVAL,PARTIAL_RAINFALL_ONLY,2025-08-16,0,3B-DAY.MS.MRG.3IMERG.20250816-S000000-E235959.V07B.nc4,SMAP_L3_SM_P_20250816_R19240_002.h5,mm/day,cm^3/cm^3,,INSUFFICIENT_DATA,"[""Missing or insufficient rainfall history""]",PROTOTYPE OPERATIONAL TRIGGER PARAMETERS — REQUIRES REGIONAL SCIENTIFIC CALIBRATION
GSI_SITE_01,Kukinala slide (Hailakandi),Assam,24.27,92.5,2025-08-16,32.61499786376953,189.12999725341797,,,INVALID,N/A,INVALID_RETRIEVAL,INSUFFICIENT_HISTORY,INVALID_RETRIEVAL,PARTIAL_RAINFALL_ONLY,2025-08-16,0,3B-DAY.MS.MRG.3IMERG.20250816-S000000-E235959.V07B.nc4,SMAP_L3_SM_P_20250816_R19240_002.h5,mm/day,cm^3/cm^3,,INSUFFICIENT_DATA,"[""Missing or insufficient rainfall history""]",PROTOTYPE OPERATIONAL TRIGGER PARAMETERS — REQUIRES REGIONAL SCIENTIFIC CALIBRATION
GSI_SITE_02,Jalnachaura slide (Hailakandi),Assam,24.31,92.56,2025-08-16,4.414999961853027,128.70500659942627,,,INVALID,N/A,INVALID_RETRIEVAL,INSUFFICIENT_HISTORY,INVALID_RETRIEVAL,PARTIAL_RAINFALL_ONLY,2025-08-16,0,3B-DAY.MS.MRG.3IMERG.20250816-S000000-E235959.V07B.nc4,SMAP_L3_SM_P_20250816_R19240_002.h5,mm/day,cm^3/cm^3,,INSUFFICIENT_DATA,"[""Missing or insufficient rainfall history""]",PROTOTYPE OPERATIONAL TRIGGER PARAMETERS — REQUIRES REGIONAL SCIENTIFIC CALIBRATION
GSI_SITE_03,Nandagram slide (Hailakandi),Assam,24.32,92.51,2025-08-16,4.414999961853027,128.70500659942627,,,INVALID,N/A,INVALID_RETRIEVAL,INSUFFICIENT_HISTORY,INVALID_RETRIEVAL,PARTIAL_RAINFALL_ONLY,2025-08-16,0,3B-DAY.MS.MRG.3IMERG.20250816-S000000-E235959.V07B.nc4,SMAP_L3_SM_P_20250816_R19240_002.h5,mm/day,cm^3/cm^3,,INSUFFICIENT_DATA,"[""Missing or insufficient rainfall history""]",PROTOTYPE OPERATIONAL TRIGGER PARAMETERS — REQUIRES REGIONAL SCIENTIFIC CALIBRATION
GSI_SITE_04,Nishkar slide (Hailakandi),Assam,24.43,92.55,2025-08-16,7.789999961853027,152.7100133895874,,,INVALID,N/A,INVALID_RETRIEVAL,INSUFFICIENT_HISTORY,INVALID_RETRIEVAL,PARTIAL_RAINFALL_ONLY,2025-08-16,0,3B-DAY.MS.MRG.3IMERG.20250816-S000000-E235959.V07B.nc4,SMAP_L3_SM_P_20250816_R19240_002.h5,mm/day,cm^3/cm^3,,INSUFFICIENT_DATA,"[""Missing or insufficient rainfall history""]",PROTOTYPE OPERATIONAL TRIGGER PARAMETERS — REQUIRES REGIONAL SCIENTIFIC CALIBRATION
GSI_SITE_05,Paglacherra slide (Karimganj),Assam,24.44,92.5,2025-08-16,10.385001182556152,165.13498973846436,,,INVALID,N/A,INVALID_RETRIEVAL,INSUFFICIENT_HISTORY,INVALID_RETRIEVAL,PARTIAL_RAINFALL_ONLY,2025-08-16,0,3B-DAY.MS.MRG.3IMERG.20250816-S000000-E235959.V07B.nc4,SMAP_L3_SM_P_20250816_R19240_002.h5,mm/day,cm^3/cm^3,,INSUFFICIENT_DATA,"[""Missing or insufficient rainfall history""]",PROTOTYPE OPERATIONAL TRIGGER PARAMETERS — REQUIRES REGIONAL SCIENTIFIC CALIBRATION
GSI_SITE_06,Lalpani slide (Hailakandi),Assam,24.44,92.56,2025-08-16,7.789999961853027,152.7100133895874,,,INVALID,N/A,INVALID_RETRIEVAL,INSUFFICIENT_HISTORY,INVALID_RETRIEVAL,PARTIAL_RAINFALL_ONLY,2025-08-16,0,3B-DAY.MS.MRG.3IMERG.20250816-S000000-E235959.V07B.nc4,SMAP_L3_SM_P_20250816_R19240_002.h5,mm/day,cm^3/cm^3,,INSUFFICIENT_DATA,"[""Missing or insufficient rainfall history""]",PROTOTYPE OPERATIONAL TRIGGER PARAMETERS — REQUIRES REGIONAL SCIENTIFIC CALIBRATION
GSI_SITE_07,Garapunjislide (Hailakandi),Assam,24.46,92.52,2025-08-16,7.789999961853027,152.7100133895874,,,INVALID,N/A,INVALID_RETRIEVAL,INSUFFICIENT_HISTORY,INVALID_RETRIEVAL,PARTIAL_RAINFALL_ONLY,2025-08-16,0,3B-DAY.MS.MRG.3IMERG.20250816-S000000-E235959.V07B.nc4,SMAP_L3_SM_P_20250816_R19240_002.h5,mm/day,cm^3/cm^3,,INSUFFICIENT_DATA,"[""Missing or insufficient rainfall history""]",PROTOTYPE OPERATIONAL TRIGGER PARAMETERS — REQUIRES REGIONAL SCIENTIFIC CALIBRATION
NER_PILOT_01,"Gangtok, Sikkim",Sikkim,27.33,88.61,2025-08-17,4.889999866485596,51.58000040054321,141.49000024795532,0.24590729176998138,WARNING,PM_6PM,PM_NON_RECOMMENDED,VALID,VALID,COMPLETE,2025-08-17,0,3B-DAY.MS.MRG.3IMERG.20250817-S000000-E235959.V07B.nc4,SMAP_L3_SM_P_20250817_R19240_001.h5,mm/day,cm^3/cm^3,34.03,LOW,"[""Low overall dynamic environmental triggering pressure""]",PROTOTYPE OPERATIONAL TRIGGER PARAMETERS — REQUIRES REGIONAL SCIENTIFIC CALIBRATION
NER_PILOT_02,"Guwahati, Assam",Assam,26.14,91.73,2025-08-17,10.914999008178711,56.67499686777592,153.58998776972294,0.4049606919288635,WARNING,PM_6PM,PM_NON_RECOMMENDED,VALID,VALID,COMPLETE,2025-08-17,0,3B-DAY.MS.MRG.3IMERG.20250817-S000000-E235959.V07B.nc4,SMAP_L3_SM_P_20250817_R19240_001.h5,mm/day,cm^3/cm^3,44.89,MODERATE,"[""High volumetric soil moisture saturation (0.405 cm\u00b3/cm\u00b3)""]",PROTOTYPE OPERATIONAL TRIGGER PARAMETERS — REQUIRES REGIONAL SCIENTIFIC CALIBRATION
NER_PILOT_03,"Shillong, Meghalaya",Meghalaya,25.57,91.88,2025-08-17,27.549999237060547,136.6799931526184,361.8549962043762,0.4338318705558777,HIGH,AM_PM_MEAN,AM_PM_RECOMMENDED_MEAN,VALID,VALID,COMPLETE,2025-08-17,0,3B-DAY.MS.MRG.3IMERG.20250817-S000000-E235959.V07B.nc4,SMAP_L3_SM_P_20250817_R19240_001.h5,mm/day,cm^3/cm^3,74.88,HIGH,"[""High 3-day antecedent precipitation (136.7 mm)"", ""Sustained 7-day antecedent precipitation (361.9 mm)"", ""High volumetric soil moisture saturation (0.434 cm\u00b3/cm\u00b3)""]",PROTOTYPE OPERATIONAL TRIGGER PARAMETERS — REQUIRES REGIONAL SCIENTIFIC CALIBRATION
NER_PILOT_04,"Aizawl, Mizoram",Mizoram,23.73,92.71,2025-08-17,10.489999771118164,60.66999816894531,177.34500090777874,,INVALID,N/A,INVALID_RETRIEVAL,VALID,INVALID_RETRIEVAL,PARTIAL_RAINFALL_ONLY,2025-08-17,0,3B-DAY.MS.MRG.3IMERG.20250817-S000000-E235959.V07B.nc4,SMAP_L3_SM_P_20250817_R19240_001.h5,mm/day,cm^3/cm^3,36.84,LOW,"[""Sustained 7-day antecedent precipitation (177.3 mm)""]",PROTOTYPE OPERATIONAL TRIGGER PARAMETERS — REQUIRES REGIONAL SCIENTIFIC CALIBRATION
NER_PILOT_05,"Kohima, Nagaland",Nagaland,25.67,94.11,2025-08-17,0.625,34.610002517700195,111.69000625610352,,INVALID,N/A,INVALID_RETRIEVAL,VALID,INVALID_RETRIEVAL,PARTIAL_RAINFALL_ONLY,2025-08-17,0,3B-DAY.MS.MRG.3IMERG.20250817-S000000-E235959.V07B.nc4,SMAP_L3_SM_P_20250817_R19240_001.h5,mm/day,cm^3/cm^3,20.06,LOW,"[""Low overall dynamic environmental triggering pressure""]",PROTOTYPE OPERATIONAL TRIGGER PARAMETERS — REQUIRES REGIONAL SCIENTIFIC CALIBRATION
NER_PILOT_06,"Imphal, Manipur",Manipur,24.81,93.94,2025-08-17,27.715003967285156,59.35000514984131,110.455002784729,,INVALID,N/A,INVALID_RETRIEVAL,VALID,INVALID_RETRIEVAL,PARTIAL_RAINFALL_ONLY,2025-08-17,0,3B-DAY.MS.MRG.3IMERG.20250817-S000000-E235959.V07B.nc4,SMAP_L3_SM_P_20250817_R19240_001.h5,mm/day,cm^3/cm^3,36.28,LOW,"[""Low overall dynamic environmental triggering pressure""]",PROTOTYPE OPERATIONAL TRIGGER PARAMETERS — REQUIRES REGIONAL SCIENTIFIC CALIBRATION
NER_PILOT_07,"Itanagar, Arunachal Pradesh",Arunachal Pradesh,27.08,93.61,2025-08-17,5.849999904632568,50.72499895095825,241.45499897003174,,INVALID,N/A,INVALID_RETRIEVAL,VALID,INVALID_RETRIEVAL,PARTIAL_RAINFALL_ONLY,2025-08-17,0,3B-DAY.MS.MRG.3IMERG.20250817-S000000-E235959.V07B.nc4,SMAP_L3_SM_P_20250817_R19240_001.h5,mm/day,cm^3/cm^3,39.02,LOW,"[""Sustained 7-day antecedent precipitation (241.5 mm)""]",PROTOTYPE OPERATIONAL TRIGGER PARAMETERS — REQUIRES REGIONAL SCIENTIFIC CALIBRATION
NER_PILOT_08,"Agartala, Tripura",Tripura,23.83,91.28,2025-08-17,18.795000076293945,122.11000061035156,247.5449995994568,,INVALID,N/A,INVALID_RETRIEVAL,VALID,INVALID_RETRIEVAL,PARTIAL_RAINFALL_ONLY,2025-08-17,0,3B-DAY.MS.MRG.3IMERG.20250817-S000000-E235959.V07B.nc4,SMAP_L3_SM_P_20250817_R19240_001.h5,mm/day,cm^3/cm^3,62.33,MODERATE,"[""High 3-day antecedent precipitation (122.1 mm)"", ""Sustained 7-day antecedent precipitation (247.5 mm)""]",PROTOTYPE OPERATIONAL TRIGGER PARAMETERS — REQUIRES REGIONAL SCIENTIFIC CALIBRATION
GSI_SITE_01,Kukinala slide (Hailakandi),Assam,24.27,92.5,2025-08-17,3.5900001525878906,157.18999862670898,239.51499497890472,,INVALID,N/A,INVALID_RETRIEVAL,VALID,INVALID_RETRIEVAL,PARTIAL_RAINFALL_ONLY,2025-08-17,0,3B-DAY.MS.MRG.3IMERG.20250817-S000000-E235959.V07B.nc4,SMAP_L3_SM_P_20250817_R19240_001.h5,mm/day,cm^3/cm^3,62.8,MODERATE,"[""High 3-day antecedent precipitation (157.2 mm)"", ""Sustained 7-day antecedent precipitation (239.5 mm)""]",PROTOTYPE OPERATIONAL TRIGGER PARAMETERS — REQUIRES REGIONAL SCIENTIFIC CALIBRATION
GSI_SITE_02,Jalnachaura slide (Hailakandi),Assam,24.31,92.56,2025-08-17,2.629999876022339,103.6700074672699,187.3099958896637,,INVALID,N/A,INVALID_RETRIEVAL,VALID,INVALID_RETRIEVAL,PARTIAL_RAINFALL_ONLY,2025-08-17,0,3B-DAY.MS.MRG.3IMERG.20250817-S000000-E235959.V07B.nc4,SMAP_L3_SM_P_20250817_R19240_001.h5,mm/day,cm^3/cm^3,45.63,MODERATE,"[""High 3-day antecedent precipitation (103.7 mm)"", ""Sustained 7-day antecedent precipitation (187.3 mm)""]",PROTOTYPE OPERATIONAL TRIGGER PARAMETERS — REQUIRES REGIONAL SCIENTIFIC CALIBRATION
GSI_SITE_03,Nandagram slide (Hailakandi),Assam,24.32,92.51,2025-08-17,2.629999876022339,103.6700074672699,187.3099958896637,,INVALID,N/A,INVALID_RETRIEVAL,VALID,INVALID_RETRIEVAL,PARTIAL_RAINFALL_ONLY,2025-08-17,0,3B-DAY.MS.MRG.3IMERG.20250817-S000000-E235959.V07B.nc4,SMAP_L3_SM_P_20250817_R19240_001.h5,mm/day,cm^3/cm^3,45.63,MODERATE,"[""High 3-day antecedent precipitation (103.7 mm)"", ""Sustained 7-day antecedent precipitation (187.3 mm)""]",PROTOTYPE OPERATIONAL TRIGGER PARAMETERS — REQUIRES REGIONAL SCIENTIFIC CALIBRATION
GSI_SITE_04,Nishkar slide (Hailakandi),Assam,24.43,92.55,2025-08-17,5.134999752044678,115.83001375198364,208.40500783920288,,INVALID,N/A,INVALID_RETRIEVAL,VALID,INVALID_RETRIEVAL,PARTIAL_RAINFALL_ONLY,2025-08-17,0,3B-DAY.MS.MRG.3IMERG.20250817-S000000-E235959.V07B.nc4,SMAP_L3_SM_P_20250817_R19240_001.h5,mm/day,cm^3/cm^3,51.72,MODERATE,"[""High 3-day antecedent precipitation (115.8 mm)"", ""Sustained 7-day antecedent precipitation (208.4 mm)""]",PROTOTYPE OPERATIONAL TRIGGER PARAMETERS — REQUIRES REGIONAL SCIENTIFIC CALIBRATION
GSI_SITE_05,Paglacherra slide (Karimganj),Assam,24.44,92.5,2025-08-17,4.21999979019165,139.49998998641968,220.12997961044312,,INVALID,N/A,INVALID_RETRIEVAL,VALID,INVALID_RETRIEVAL,PARTIAL_RAINFALL_ONLY,2025-08-17,0,3B-DAY.MS.MRG.3IMERG.20250817-S000000-E235959.V07B.nc4,SMAP_L3_SM_P_20250817_R19240_001.h5,mm/day,cm^3/cm^3,58.47,MODERATE,"[""High 3-day antecedent precipitation (139.5 mm)"", ""Sustained 7-day antecedent precipitation (220.1 mm)""]",PROTOTYPE OPERATIONAL TRIGGER PARAMETERS — REQUIRES REGIONAL SCIENTIFIC CALIBRATION
GSI_SITE_06,Lalpani slide (Hailakandi),Assam,24.44,92.56,2025-08-17,5.134999752044678,115.83001375198364,208.40500783920288,,INVALID,N/A,INVALID_RETRIEVAL,VALID,INVALID_RETRIEVAL,PARTIAL_RAINFALL_ONLY,2025-08-17,0,3B-DAY.MS.MRG.3IMERG.20250817-S000000-E235959.V07B.nc4,SMAP_L3_SM_P_20250817_R19240_001.h5,mm/day,cm^3/cm^3,51.72,MODERATE,"[""High 3-day antecedent precipitation (115.8 mm)"", ""Sustained 7-day antecedent precipitation (208.4 mm)""]",PROTOTYPE OPERATIONAL TRIGGER PARAMETERS — REQUIRES REGIONAL SCIENTIFIC CALIBRATION
GSI_SITE_07,Garapunjislide (Hailakandi),Assam,24.46,92.52,2025-08-17,5.134999752044678,115.83001375198364,208.40500783920288,,INVALID,N/A,INVALID_RETRIEVAL,VALID,INVALID_RETRIEVAL,PARTIAL_RAINFALL_ONLY,2025-08-17,0,3B-DAY.MS.MRG.3IMERG.20250817-S000000-E235959.V07B.nc4,SMAP_L3_SM_P_20250817_R19240_001.h5,mm/day,cm^3/cm^3,51.72,MODERATE,"[""High 3-day antecedent precipitation (115.8 mm)"", ""Sustained 7-day antecedent precipitation (208.4 mm)""]",PROTOTYPE OPERATIONAL TRIGGER PARAMETERS — REQUIRES REGIONAL SCIENTIFIC CALIBRATION
NER_PILOT_01,"Gangtok, Sikkim",Sikkim,27.33,88.61,2025-08-18,9.774999618530273,40.03999948501587,135.03499841690063,,INVALID,N/A,INVALID_RETRIEVAL,VALID,INVALID_RETRIEVAL,PARTIAL_RAINFALL_ONLY,2025-08-18,0,3B-DAY.MS.MRG.3IMERG.20250818-S000000-E235959.V07B.nc4,SMAP_L3_SM_P_20250818_R19240_001.h5,mm/day,cm^3/cm^3,27.18,LOW,"[""Low overall dynamic environmental triggering pressure""]",PROTOTYPE OPERATIONAL TRIGGER PARAMETERS — REQUIRES REGIONAL SCIENTIFIC CALIBRATION
NER_PILOT_02,"Guwahati, Assam",Assam,26.14,91.73,2025-08-18,6.575000762939453,63.104997634887695,154.99498845636845,,INVALID,N/A,INVALID_RETRIEVAL,VALID,INVALID_RETRIEVAL,PARTIAL_RAINFALL_ONLY,2025-08-18,0,3B-DAY.MS.MRG.3IMERG.20250818-S000000-E235959.V07B.nc4,SMAP_L3_SM_P_20250818_R19240_001.h5,mm/day,cm^3/cm^3,33.74,LOW,"[""Low overall dynamic environmental triggering pressure""]",PROTOTYPE OPERATIONAL TRIGGER PARAMETERS — REQUIRES REGIONAL SCIENTIFIC CALIBRATION
NER_PILOT_03,"Shillong, Meghalaya",Meghalaya,25.57,91.88,2025-08-18,9.470000267028809,143.16999340057373,353.8349986076355,,INVALID,N/A,INVALID_RETRIEVAL,VALID,INVALID_RETRIEVAL,PARTIAL_RAINFALL_ONLY,2025-08-18,0,3B-DAY.MS.MRG.3IMERG.20250818-S000000-E235959.V07B.nc4,SMAP_L3_SM_P_20250818_R19240_001.h5,mm/day,cm^3/cm^3,64.34,MODERATE,"[""High 3-day antecedent precipitation (143.2 mm)"", ""Sustained 7-day antecedent precipitation (353.8 mm)""]",PROTOTYPE OPERATIONAL TRIGGER PARAMETERS — REQUIRES REGIONAL SCIENTIFIC CALIBRATION
NER_PILOT_04,"Aizawl, Mizoram",Mizoram,23.73,92.71,2025-08-18,1.6650002002716064,45.774998903274536,178.83000111579895,,INVALID,N/A,INVALID_RETRIEVAL,VALID,INVALID_RETRIEVAL,PARTIAL_RAINFALL_ONLY,2025-08-18,0,3B-DAY.MS.MRG.3IMERG.20250818-S000000-E235959.V07B.nc4,SMAP_L3_SM_P_20250818_R19240_001.h5,mm/day,cm^3/cm^3,29.95,LOW,"[""Sustained 7-day antecedent precipitation (178.8 mm)""]",PROTOTYPE OPERATIONAL TRIGGER PARAMETERS — REQUIRES REGIONAL SCIENTIFIC CALIBRATION
NER_PILOT_05,"Kohima, Nagaland",Nagaland,25.67,94.11,2025-08-18,3.2899999618530273,9.835000038146973,114.48000621795654,,INVALID,N/A,INVALID_RETRIEVAL,VALID,INVALID_RETRIEVAL,PARTIAL_RAINFALL_ONLY,2025-08-18,0,3B-DAY.MS.MRG.3IMERG.20250818-S000000-E235959.V07B.nc4,SMAP_L3_SM_P_20250818_R19240_001.h5,mm/day,cm^3/cm^3,15.14,LOW,"[""Low overall dynamic environmental triggering pressure""]",PROTOTYPE OPERATIONAL TRIGGER PARAMETERS — REQUIRES REGIONAL SCIENTIFIC CALIBRATION
NER_PILOT_06,"Imphal, Manipur",Manipur,24.81,93.94,2025-08-18,1.9850001335144043,56.52000570297241,104.61000299453735,,INVALID,N/A,INVALID_RETRIEVAL,VALID,INVALID_RETRIEVAL,PARTIAL_RAINFALL_ONLY,2025-08-18,0,3B-DAY.MS.MRG.3IMERG.20250818-S000000-E235959.V07B.nc4,SMAP_L3_SM_P_20250818_R19240_001.h5,mm/day,cm^3/cm^3,25.34,LOW,"[""Low overall dynamic environmental triggering pressure""]",PROTOTYPE OPERATIONAL TRIGGER PARAMETERS — REQUIRES REGIONAL SCIENTIFIC CALIBRATION
NER_PILOT_07,"Itanagar, Arunachal Pradesh",Arunachal Pradesh,27.08,93.61,2025-08-18,7.47499942779541,57.284998416900635,233.31499671936035,,INVALID,N/A,INVALID_RETRIEVAL,VALID,INVALID_RETRIEVAL,PARTIAL_RAINFALL_ONLY,2025-08-18,0,3B-DAY.MS.MRG.3IMERG.20250818-S000000-E235959.V07B.nc4,SMAP_L3_SM_P_20250818_R19240_001.h5,mm/day,cm^3/cm^3,40.46,MODERATE,"[""Sustained 7-day antecedent precipitation (233.3 mm)""]",PROTOTYPE OPERATIONAL TRIGGER PARAMETERS — REQUIRES REGIONAL SCIENTIFIC CALIBRATION
NER_PILOT_08,"Agartala, Tripura",Tripura,23.83,91.28,2025-08-18,17.794998168945312,62.534996032714844,262.7049980163574,,INVALID,N/A,INVALID_RETRIEVAL,VALID,INVALID_RETRIEVAL,PARTIAL_RAINFALL_ONLY,2025-08-18,0,3B-DAY.MS.MRG.3IMERG.20250818-S000000-E235959.V07B.nc4,SMAP_L3_SM_P_20250818_R19240_001.h5,mm/day,cm^3/cm^3,47.31,MODERATE,"[""Sustained 7-day antecedent precipitation (262.7 mm)""]",PROTOTYPE OPERATIONAL TRIGGER PARAMETERS — REQUIRES REGIONAL SCIENTIFIC CALIBRATION
GSI_SITE_01,Kukinala slide (Hailakandi),Assam,24.27,92.5,2025-08-18,32.70499801635742,68.90999603271484,271.10999298095703,,INVALID,N/A,INVALID_RETRIEVAL,VALID,INVALID_RETRIEVAL,PARTIAL_RAINFALL_ONLY,2025-08-18,0,3B-DAY.MS.MRG.3IMERG.20250818-S000000-E235959.V07B.nc4,SMAP_L3_SM_P_20250818_R19240_001.h5,mm/day,cm^3/cm^3,54.49,MODERATE,"[""Sustained 7-day antecedent precipitation (271.1 mm)""]",PROTOTYPE OPERATIONAL TRIGGER PARAMETERS — REQUIRES REGIONAL SCIENTIFIC CALIBRATION
GSI_SITE_02,Jalnachaura slide (Hailakandi),Assam,24.31,92.56,2025-08-18,38.04999923706055,45.09499907493591,220.60499548912048,,INVALID,N/A,INVALID_RETRIEVAL,VALID,INVALID_RETRIEVAL,PARTIAL_RAINFALL_ONLY,2025-08-18,0,3B-DAY.MS.MRG.3IMERG.20250818-S000000-E235959.V07B.nc4,SMAP_L3_SM_P_20250818_R19240_001.h5,mm/day,cm^3/cm^3,47.6,MODERATE,"[""Sustained 7-day antecedent precipitation (220.6 mm)""]",PROTOTYPE OPERATIONAL TRIGGER PARAMETERS — REQUIRES REGIONAL SCIENTIFIC CALIBRATION
GSI_SITE_03,Nandagram slide (Hailakandi),Assam,24.32,92.51,2025-08-18,38.04999923706055,45.09499907493591,220.60499548912048,,INVALID,N/A,INVALID_RETRIEVAL,VALID,INVALID_RETRIEVAL,PARTIAL_RAINFALL_ONLY,2025-08-18,0,3B-DAY.MS.MRG.3IMERG.20250818-S000000-E235959.V07B.nc4,SMAP_L3_SM_P_20250818_R19240_001.h5,mm/day,cm^3/cm^3,47.6,MODERATE,"[""Sustained 7-day antecedent precipitation (220.6 mm)""]",PROTOTYPE OPERATIONAL TRIGGER PARAMETERS — REQUIRES REGIONAL SCIENTIFIC CALIBRATION
GSI_SITE_04,Nishkar slide (Hailakandi),Assam,24.43,92.55,2025-08-18,33.41999435424805,46.34499406814575,231.27000284194946,,INVALID,N/A,INVALID_RETRIEVAL,VALID,INVALID_RETRIEVAL,PARTIAL_RAINFALL_ONLY,2025-08-18,0,3B-DAY.MS.MRG.3IMERG.20250818-S000000-E235959.V07B.nc4,SMAP_L3_SM_P_20250818_R19240_001.h5,mm/day,cm^3/cm^3,47.25,MODERATE,"[""Sustained 7-day antecedent precipitation (231.3 mm)""]",PROTOTYPE OPERATIONAL TRIGGER PARAMETERS — REQUIRES REGIONAL SCIENTIFIC CALIBRATION
GSI_SITE_05,Paglacherra slide (Karimganj),Assam,24.44,92.5,2025-08-18,36.16999435424805,50.77499532699585,249.16497373580933,,INVALID,N/A,INVALID_RETRIEVAL,VALID,INVALID_RETRIEVAL,PARTIAL_RAINFALL_ONLY,2025-08-18,0,3B-DAY.MS.MRG.3IMERG.20250818-S000000-E235959.V07B.nc4,SMAP_L3_SM_P_20250818_R19240_001.h5,mm/day,cm^3/cm^3,51.17,MODERATE,"[""Sustained 7-day antecedent precipitation (249.2 mm)""]",PROTOTYPE OPERATIONAL TRIGGER PARAMETERS — REQUIRES REGIONAL SCIENTIFIC CALIBRATION
GSI_SITE_06,Lalpani slide (Hailakandi),Assam,24.44,92.56,2025-08-18,33.41999435424805,46.34499406814575,231.27000284194946,,INVALID,N/A,INVALID_RETRIEVAL,VALID,INVALID_RETRIEVAL,PARTIAL_RAINFALL_ONLY,2025-08-18,0,3B-DAY.MS.MRG.3IMERG.20250818-S000000-E235959.V07B.nc4,SMAP_L3_SM_P_20250818_R19240_001.h5,mm/day,cm^3/cm^3,47.25,MODERATE,"[""Sustained 7-day antecedent precipitation (231.3 mm)""]",PROTOTYPE OPERATIONAL TRIGGER PARAMETERS — REQUIRES REGIONAL SCIENTIFIC CALIBRATION
GSI_SITE_07,Garapunjislide (Hailakandi),Assam,24.46,92.52,2025-08-18,33.41999435424805,46.34499406814575,231.27000284194946,,INVALID,N/A,INVALID_RETRIEVAL,VALID,INVALID_RETRIEVAL,PARTIAL_RAINFALL_ONLY,2025-08-18,0,3B-DAY.MS.MRG.3IMERG.20250818-S000000-E235959.V07B.nc4,SMAP_L3_SM_P_20250818_R19240_001.h5,mm/day,cm^3/cm^3,47.25,MODERATE,"[""Sustained 7-day antecedent precipitation (231.3 mm)""]",PROTOTYPE OPERATIONAL TRIGGER PARAMETERS — REQUIRES REGIONAL SCIENTIFIC CALIBRATION
NER_PILOT_01,"Gangtok, Sikkim",Sikkim,27.33,88.61,2025-08-19,0.22499999403953552,14.889999479055405,102.31999978423119,0.2463681474328041,WARNING,AM_PM_MEAN,AM_PM_NON_RECOMMENDED_MEAN,VALID,VALID,COMPLETE,2025-08-19,0,3B-DAY.MS.MRG.3IMERG.20250819-S000000-E235959.V07B.nc4,SMAP_L3_SM_P_20250819_R19240_001.h5,mm/day,cm^3/cm^3,22.18,LOW,"[""Low overall dynamic environmental triggering pressure""]",PROTOTYPE OPERATIONAL TRIGGER PARAMETERS — REQUIRES REGIONAL SCIENTIFIC CALIBRATION
NER_PILOT_02,"Guwahati, Assam",Assam,26.14,91.73,2025-08-19,10.749999046325684,28.239998817443848,116.70999146997929,0.4822329878807068,WARNING,PM_6PM,PM_NON_RECOMMENDED,VALID,VALID,COMPLETE,2025-08-19,0,3B-DAY.MS.MRG.3IMERG.20250819-S000000-E235959.V07B.nc4,SMAP_L3_SM_P_20250819_R19240_001.h5,mm/day,cm^3/cm^3,38.21,LOW,"[""High volumetric soil moisture saturation (0.482 cm\u00b3/cm\u00b3)""]",PROTOTYPE OPERATIONAL TRIGGER PARAMETERS — REQUIRES REGIONAL SCIENTIFIC CALIBRATION
NER_PILOT_03,"Shillong, Meghalaya",Meghalaya,25.57,91.88,2025-08-19,11.470000267028809,48.489999771118164,284.18999338150024,0.2907251715660095,RECOMMENDED,PM_6PM,PM_RECOMMENDED,VALID,VALID,COMPLETE,2025-08-19,0,3B-DAY.MS.MRG.3IMERG.20250819-S000000-E235959.V07B.nc4,SMAP_L3_SM_P_20250819_R19240_001.h5,mm/day,cm^3/cm^3,46.06,MODERATE,"[""Sustained 7-day antecedent precipitation (284.2 mm)""]",PROTOTYPE OPERATIONAL TRIGGER PARAMETERS — REQUIRES REGIONAL SCIENTIFIC CALIBRATION
NER_PILOT_04,"Aizawl, Mizoram",Mizoram,23.73,92.71,2025-08-19,15.749998092651367,27.904998064041138,164.48500180244446,,INVALID,N/A,INVALID_RETRIEVAL,VALID,INVALID_RETRIEVAL,PARTIAL_RAINFALL_ONLY,2025-08-19,0,3B-DAY.MS.MRG.3IMERG.20250819-S000000-E235959.V07B.nc4,SMAP_L3_SM_P_20250819_R19240_001.h5,mm/day,cm^3/cm^3,29.33,LOW,"[""Low overall dynamic environmental triggering pressure""]",PROTOTYPE OPERATIONAL TRIGGER PARAMETERS — REQUIRES REGIONAL SCIENTIFIC CALIBRATION
NER_PILOT_05,"Kohima, Nagaland",Nagaland,25.67,94.11,2025-08-19,9.279999732971191,13.194999694824219,102.44000625610352,,INVALID,N/A,INVALID_RETRIEVAL,VALID,INVALID_RETRIEVAL,PARTIAL_RAINFALL_ONLY,2025-08-19,0,3B-DAY.MS.MRG.3IMERG.20250819-S000000-E235959.V07B.nc4,SMAP_L3_SM_P_20250819_R19240_001.h5,mm/day,cm^3/cm^3,17.02,LOW,"[""Low overall dynamic environmental triggering pressure""]",PROTOTYPE OPERATIONAL TRIGGER PARAMETERS — REQUIRES REGIONAL SCIENTIFIC CALIBRATION
NER_PILOT_06,"Imphal, Manipur",Manipur,24.81,93.94,2025-08-19,14.260000228881836,43.9600043296814,94.7700047492981,0.03084549307823181,WARNING,AM_6AM,AM_NON_RECOMMENDED,VALID,VALID,COMPLETE,2025-08-19,0,3B-DAY.MS.MRG.3IMERG.20250819-S000000-E235959.V07B.nc4,SMAP_L3_SM_P_20250819_R19240_001.h5,mm/day,cm^3/cm^3,22.02,LOW,"[""Low overall dynamic environmental triggering pressure""]",PROTOTYPE OPERATIONAL TRIGGER PARAMETERS — REQUIRES REGIONAL SCIENTIFIC CALIBRATION
NER_PILOT_07,"Itanagar, Arunachal Pradesh",Arunachal Pradesh,27.08,93.61,2025-08-19,12.089999198913574,25.414998531341553,158.69499683380127,0.08453447371721268,WARNING,PM_6PM,PM_NON_RECOMMENDED,VALID,VALID,COMPLETE,2025-08-19,0,3B-DAY.MS.MRG.3IMERG.20250819-S000000-E235959.V07B.nc4,SMAP_L3_SM_P_20250819_R19240_001.h5,mm/day,cm^3/cm^3,25.16,LOW,"[""Low overall dynamic environmental triggering pressure""]",PROTOTYPE OPERATIONAL TRIGGER PARAMETERS — REQUIRES REGIONAL SCIENTIFIC CALIBRATION
NER_PILOT_08,"Agartala, Tripura",Tripura,23.83,91.28,2025-08-19,0.9749999642372131,37.56499820947647,239.4149985909462,,INVALID,N/A,INVALID_RETRIEVAL,VALID,INVALID_RETRIEVAL,PARTIAL_RAINFALL_ONLY,2025-08-19,0,3B-DAY.MS.MRG.3IMERG.20250819-S000000-E235959.V07B.nc4,SMAP_L3_SM_P_20250819_R19240_001.h5,mm/day,cm^3/cm^3,33.7,LOW,"[""Sustained 7-day antecedent precipitation (239.4 mm)""]",PROTOTYPE OPERATIONAL TRIGGER PARAMETERS — REQUIRES REGIONAL SCIENTIFIC CALIBRATION
GSI_SITE_01,Kukinala slide (Hailakandi),Assam,24.27,92.5,2025-08-19,16.954999923706055,53.24999809265137,258.4349956512451,,INVALID,N/A,INVALID_RETRIEVAL,VALID,INVALID_RETRIEVAL,PARTIAL_RAINFALL_ONLY,2025-08-19,0,3B-DAY.MS.MRG.3IMERG.20250819-S000000-E235959.V07B.nc4,SMAP_L3_SM_P_20250819_R19240_001.h5,mm/day,cm^3/cm^3,44.67,MODERATE,"[""Sustained 7-day antecedent precipitation (258.4 mm)""]",PROTOTYPE OPERATIONAL TRIGGER PARAMETERS — REQUIRES REGIONAL SCIENTIFIC CALIBRATION
GSI_SITE_02,Jalnachaura slide (Hailakandi),Assam,24.31,92.56,2025-08-19,17.729999542236328,58.409998655319214,208.72500205039978,,INVALID,N/A,INVALID_RETRIEVAL,VALID,INVALID_RETRIEVAL,PARTIAL_RAINFALL_ONLY,2025-08-19,0,3B-DAY.MS.MRG.3IMERG.20250819-S000000-E235959.V07B.nc4,SMAP_L3_SM_P_20250819_R19240_001.h5,mm/day,cm^3/cm^3,42.12,MODERATE,"[""Sustained 7-day antecedent precipitation (208.7 mm)""]",PROTOTYPE OPERATIONAL TRIGGER PARAMETERS — REQUIRES REGIONAL SCIENTIFIC CALIBRATION
GSI_SITE_03,Nandagram slide (Hailakandi),Assam,24.32,92.51,2025-08-19,17.729999542236328,58.409998655319214,208.72500205039978,,INVALID,N/A,INVALID_RETRIEVAL,VALID,INVALID_RETRIEVAL,PARTIAL_RAINFALL_ONLY,2025-08-19,0,3B-DAY.MS.MRG.3IMERG.20250819-S000000-E235959.V07B.nc4,SMAP_L3_SM_P_20250819_R19240_001.h5,mm/day,cm^3/cm^3,42.12,MODERATE,"[""Sustained 7-day antecedent precipitation (208.7 mm)""]",PROTOTYPE OPERATIONAL TRIGGER PARAMETERS — REQUIRES REGIONAL SCIENTIFIC CALIBRATION
GSI_SITE_04,Nishkar slide (Hailakandi),Assam,24.43,92.55,2025-08-19,12.710000038146973,51.2649941444397,221.07000494003296,,INVALID,N/A,INVALID_RETRIEVAL,VALID,INVALID_RETRIEVAL,PARTIAL_RAINFALL_ONLY,2025-08-19,0,3B-DAY.MS.MRG.3IMERG.20250819-S000000-E235959.V07B.nc4,SMAP_L3_SM_P_20250819_R19240_001.h5,mm/day,cm^3/cm^3,39.69,LOW,"[""Sustained 7-day antecedent precipitation (221.1 mm)""]",PROTOTYPE OPERATIONAL TRIGGER PARAMETERS — REQUIRES REGIONAL SCIENTIFIC CALIBRATION
GSI_SITE_05,Paglacherra slide (Karimganj),Assam,24.44,92.5,2025-08-19,11.25,51.6399941444397,236.00998258590698,,INVALID,N/A,INVALID_RETRIEVAL,VALID,INVALID_RETRIEVAL,PARTIAL_RAINFALL_ONLY,2025-08-19,0,3B-DAY.MS.MRG.3IMERG.20250819-S000000-E235959.V07B.nc4,SMAP_L3_SM_P_20250819_R19240_001.h5,mm/day,cm^3/cm^3,40.73,MODERATE,"[""Sustained 7-day antecedent precipitation (236.0 mm)""]",PROTOTYPE OPERATIONAL TRIGGER PARAMETERS — REQUIRES REGIONAL SCIENTIFIC CALIBRATION
GSI_SITE_06,Lalpani slide (Hailakandi),Assam,24.44,92.56,2025-08-19,12.710000038146973,51.2649941444397,221.07000494003296,,INVALID,N/A,INVALID_RETRIEVAL,VALID,INVALID_RETRIEVAL,PARTIAL_RAINFALL_ONLY,2025-08-19,0,3B-DAY.MS.MRG.3IMERG.20250819-S000000-E235959.V07B.nc4,SMAP_L3_SM_P_20250819_R19240_001.h5,mm/day,cm^3/cm^3,39.69,LOW,"[""Sustained 7-day antecedent precipitation (221.1 mm)""]",PROTOTYPE OPERATIONAL TRIGGER PARAMETERS — REQUIRES REGIONAL SCIENTIFIC CALIBRATION
GSI_SITE_07,Garapunjislide (Hailakandi),Assam,24.46,92.52,2025-08-19,12.710000038146973,51.2649941444397,221.07000494003296,0.36188679933547974,RECOMMENDED,AM_6AM,AM_RECOMMENDED,VALID,VALID,COMPLETE,2025-08-19,0,3B-DAY.MS.MRG.3IMERG.20250819-S000000-E235959.V07B.nc4,SMAP_L3_SM_P_20250819_R19240_001.h5,mm/day,cm^3/cm^3,47.84,MODERATE,"[""Sustained 7-day antecedent precipitation (221.1 mm)"", ""High volumetric soil moisture saturation (0.362 cm\u00b3/cm\u00b3)""]",PROTOTYPE OPERATIONAL TRIGGER PARAMETERS — REQUIRES REGIONAL SCIENTIFIC CALIBRATION
NER_PILOT_01,"Gangtok, Sikkim",Sikkim,27.33,88.61,2025-08-20,2.7699999809265137,12.769999593496323,68.48500022292137,0.24941003322601318,WARNING,PM_6PM,PM_NON_RECOMMENDED,VALID,VALID,COMPLETE,2025-08-20,0,3B-DAY.MS.MRG.3IMERG.20250820-S000000-E235959.V07B.nc4,SMAP_L3_SM_P_20250820_R19240_001.h5,mm/day,cm^3/cm^3,19.95,LOW,"[""Low overall dynamic environmental triggering pressure""]",PROTOTYPE OPERATIONAL TRIGGER PARAMETERS — REQUIRES REGIONAL SCIENTIFIC CALIBRATION
NER_PILOT_02,"Guwahati, Assam",Assam,26.14,91.73,2025-08-20,20.314998626708984,37.63999843597412,99.6249962002039,,INVALID,N/A,INVALID_RETRIEVAL,VALID,INVALID_RETRIEVAL,PARTIAL_RAINFALL_ONLY,2025-08-20,0,3B-DAY.MS.MRG.3IMERG.20250820-S000000-E235959.V07B.nc4,SMAP_L3_SM_P_20250820_R19240_001.h5,mm/day,cm^3/cm^3,26.99,LOW,"[""Low overall dynamic environmental triggering pressure""]",PROTOTYPE OPERATIONAL TRIGGER PARAMETERS — REQUIRES REGIONAL SCIENTIFIC CALIBRATION
NER_PILOT_03,"Shillong, Meghalaya",Meghalaya,25.57,91.88,2025-08-20,0.2449999898672104,21.185000523924828,252.81499062478542,,INVALID,N/A,INVALID_RETRIEVAL,VALID,INVALID_RETRIEVAL,PARTIAL_RAINFALL_ONLY,2025-08-20,0,3B-DAY.MS.MRG.3IMERG.20250820-S000000-E235959.V07B.nc4,SMAP_L3_SM_P_20250820_R19240_001.h5,mm/day,cm^3/cm^3,30.39,LOW,"[""Sustained 7-day antecedent precipitation (252.8 mm)""]",PROTOTYPE OPERATIONAL TRIGGER PARAMETERS — REQUIRES REGIONAL SCIENTIFIC CALIBRATION
NER_PILOT_04,"Aizawl, Mizoram",Mizoram,23.73,92.71,2025-08-20,3.7199997901916504,21.134998083114624,125.35999655723572,,INVALID,N/A,INVALID_RETRIEVAL,VALID,INVALID_RETRIEVAL,PARTIAL_RAINFALL_ONLY,2025-08-20,0,3B-DAY.MS.MRG.3IMERG.20250820-S000000-E235959.V07B.nc4,SMAP_L3_SM_P_20250820_R19240_001.h5,mm/day,cm^3/cm^3,19.21,LOW,"[""Low overall dynamic environmental triggering pressure""]",PROTOTYPE OPERATIONAL TRIGGER PARAMETERS — REQUIRES REGIONAL SCIENTIFIC CALIBRATION
NER_PILOT_05,"Kohima, Nagaland",Nagaland,25.67,94.11,2025-08-20,0.39499998092651367,12.964999675750732,60.640002727508545,,INVALID,N/A,INVALID_RETRIEVAL,VALID,INVALID_RETRIEVAL,PARTIAL_RAINFALL_ONLY,2025-08-20,0,3B-DAY.MS.MRG.3IMERG.20250820-S000000-E235959.V07B.nc4,SMAP_L3_SM_P_20250820_R19240_001.h5,mm/day,cm^3/cm^3,9.45,LOW,"[""Low overall dynamic environmental triggering pressure""]",PROTOTYPE OPERATIONAL TRIGGER PARAMETERS — REQUIRES REGIONAL SCIENTIFIC CALIBRATION
NER_PILOT_06,"Imphal, Manipur",Manipur,24.81,93.94,2025-08-20,23.645000457763672,39.89000082015991,113.79000520706177,,INVALID,N/A,INVALID_RETRIEVAL,VALID,INVALID_RETRIEVAL,PARTIAL_RAINFALL_ONLY,2025-08-20,0,3B-DAY.MS.MRG.3IMERG.20250820-S000000-E235959.V07B.nc4,SMAP_L3_SM_P_20250820_R19240_001.h5,mm/day,cm^3/cm^3,30.22,LOW,"[""Low overall dynamic environmental triggering pressure""]",PROTOTYPE OPERATIONAL TRIGGER PARAMETERS — REQUIRES REGIONAL SCIENTIFIC CALIBRATION
NER_PILOT_07,"Itanagar, Arunachal Pradesh",Arunachal Pradesh,27.08,93.61,2025-08-20,16.97499656677246,36.539995193481445,90.83499431610107,,INVALID,N/A,INVALID_RETRIEVAL,VALID,INVALID_RETRIEVAL,PARTIAL_RAINFALL_ONLY,2025-08-20,0,3B-DAY.MS.MRG.3IMERG.20250820-S000000-E235959.V07B.nc4,SMAP_L3_SM_P_20250820_R19240_001.h5,mm/day,cm^3/cm^3,24.58,LOW,"[""Low overall dynamic environmental triggering pressure""]",PROTOTYPE OPERATIONAL TRIGGER PARAMETERS — REQUIRES REGIONAL SCIENTIFIC CALIBRATION
NER_PILOT_08,"Agartala, Tripura",Tripura,23.83,91.28,2025-08-20,1.6249998807907104,20.394998013973236,171.20499938726425,,INVALID,N/A,INVALID_RETRIEVAL,VALID,INVALID_RETRIEVAL,PARTIAL_RAINFALL_ONLY,2025-08-20,0,3B-DAY.MS.MRG.3IMERG.20250820-S000000-E235959.V07B.nc4,SMAP_L3_SM_P_20250820_R19240_001.h5,mm/day,cm^3/cm^3,22.83,LOW,"[""Low overall dynamic environmental triggering pressure""]",PROTOTYPE OPERATIONAL TRIGGER PARAMETERS — REQUIRES REGIONAL SCIENTIFIC CALIBRATION
GSI_SITE_01,Kukinala slide (Hailakandi),Assam,24.27,92.5,2025-08-20,30.404998779296875,80.06499671936035,272.7849941253662,,INVALID,N/A,INVALID_RETRIEVAL,VALID,INVALID_RETRIEVAL,PARTIAL_RAINFALL_ONLY,2025-08-20,0,3B-DAY.MS.MRG.3IMERG.20250820-S000000-E235959.V07B.nc4,SMAP_L3_SM_P_20250820_R19240_001.h5,mm/day,cm^3/cm^3,56.42,MODERATE,"[""Sustained 7-day antecedent precipitation (272.8 mm)""]",PROTOTYPE OPERATIONAL TRIGGER PARAMETERS — REQUIRES REGIONAL SCIENTIFIC CALIBRATION
GSI_SITE_02,Jalnachaura slide (Hailakandi),Assam,24.31,92.56,2025-08-20,29.544998168945312,85.32499694824219,216.6600034236908,,INVALID,N/A,INVALID_RETRIEVAL,VALID,INVALID_RETRIEVAL,PARTIAL_RAINFALL_ONLY,2025-08-20,0,3B-DAY.MS.MRG.3IMERG.20250820-S000000-E235959.V07B.nc4,SMAP_L3_SM_P_20250820_R19240_001.h5,mm/day,cm^3/cm^3,54.08,MODERATE,"[""Sustained 7-day antecedent precipitation (216.7 mm)""]",PROTOTYPE OPERATIONAL TRIGGER PARAMETERS — REQUIRES REGIONAL SCIENTIFIC CALIBRATION
GSI_SITE_03,Nandagram slide (Hailakandi),Assam,24.32,92.51,2025-08-20,29.544998168945312,85.32499694824219,216.6600034236908,,INVALID,N/A,INVALID_RETRIEVAL,VALID,INVALID_RETRIEVAL,PARTIAL_RAINFALL_ONLY,2025-08-20,0,3B-DAY.MS.MRG.3IMERG.20250820-S000000-E235959.V07B.nc4,SMAP_L3_SM_P_20250820_R19240_001.h5,mm/day,cm^3/cm^3,54.08,MODERATE,"[""Sustained 7-day antecedent precipitation (216.7 mm)""]",PROTOTYPE OPERATIONAL TRIGGER PARAMETERS — REQUIRES REGIONAL SCIENTIFIC CALIBRATION
GSI_SITE_04,Nishkar slide (Hailakandi),Assam,24.43,92.55,2025-08-20,32.73500442504883,78.86499881744385,236.71001195907593,,INVALID,N/A,INVALID_RETRIEVAL,VALID,INVALID_RETRIEVAL,PARTIAL_RAINFALL_ONLY,2025-08-20,0,3B-DAY.MS.MRG.3IMERG.20250820-S000000-E235959.V07B.nc4,SMAP_L3_SM_P_20250820_R19240_001.h5,mm/day,cm^3/cm^3,55.66,MODERATE,"[""Sustained 7-day antecedent precipitation (236.7 mm)""]",PROTOTYPE OPERATIONAL TRIGGER PARAMETERS — REQUIRES REGIONAL SCIENTIFIC CALIBRATION
GSI_SITE_05,Paglacherra slide (Karimganj),Assam,24.44,92.5,2025-08-20,28.409997940063477,75.82999229431152,245.18498182296753,,INVALID,N/A,INVALID_RETRIEVAL,VALID,INVALID_RETRIEVAL,PARTIAL_RAINFALL_ONLY,2025-08-20,0,3B-DAY.MS.MRG.3IMERG.20250820-S000000-E235959.V07B.nc4,SMAP_L3_SM_P_20250820_R19240_001.h5,mm/day,cm^3/cm^3,54.13,MODERATE,"[""Sustained 7-day antecedent precipitation (245.2 mm)""]",PROTOTYPE OPERATIONAL TRIGGER PARAMETERS — REQUIRES REGIONAL SCIENTIFIC CALIBRATION
GSI_SITE_06,Lalpani slide (Hailakandi),Assam,24.44,92.56,2025-08-20,32.73500442504883,78.86499881744385,236.71001195907593,,INVALID,N/A,INVALID_RETRIEVAL,VALID,INVALID_RETRIEVAL,PARTIAL_RAINFALL_ONLY,2025-08-20,0,3B-DAY.MS.MRG.3IMERG.20250820-S000000-E235959.V07B.nc4,SMAP_L3_SM_P_20250820_R19240_001.h5,mm/day,cm^3/cm^3,55.66,MODERATE,"[""Sustained 7-day antecedent precipitation (236.7 mm)""]",PROTOTYPE OPERATIONAL TRIGGER PARAMETERS — REQUIRES REGIONAL SCIENTIFIC CALIBRATION
GSI_SITE_07,Garapunjislide (Hailakandi),Assam,24.46,92.52,2025-08-20,32.73500442504883,78.86499881744385,236.71001195907593,,INVALID,N/A,INVALID_RETRIEVAL,VALID,INVALID_RETRIEVAL,PARTIAL_RAINFALL_ONLY,2025-08-20,0,3B-DAY.MS.MRG.3IMERG.20250820-S000000-E235959.V07B.nc4,SMAP_L3_SM_P_20250820_R19240_001.h5,mm/day,cm^3/cm^3,55.66,MODERATE,"[""Sustained 7-day antecedent precipitation (236.7 mm)""]",PROTOTYPE OPERATIONAL TRIGGER PARAMETERS — REQUIRES REGIONAL SCIENTIFIC CALIBRATION
NER_PILOT_01,"Gangtok, Sikkim",Sikkim,27.33,88.61,2025-08-21,23.25499725341797,26.249997228384018,87.6049972474575,0.21898820996284485,WARNING,AM_6AM,AM_NON_RECOMMENDED,VALID,VALID,COMPLETE,2025-08-21,0,3B-DAY.MS.MRG.3IMERG.20250821-S000000-E235959.V07B.nc4,SMAP_L3_SM_P_20250821_R19240_001.h5,mm/day,cm^3/cm^3,28.97,LOW,"[""Low overall dynamic environmental triggering pressure""]",PROTOTYPE OPERATIONAL TRIGGER PARAMETERS — REQUIRES REGIONAL SCIENTIFIC CALIBRATION
NER_PILOT_02,"Guwahati, Assam",Assam,26.14,91.73,2025-08-21,11.534998893737793,42.59999656677246,105.84999419748783,,INVALID,N/A,INVALID_RETRIEVAL,VALID,INVALID_RETRIEVAL,PARTIAL_RAINFALL_ONLY,2025-08-21,0,3B-DAY.MS.MRG.3IMERG.20250821-S000000-E235959.V07B.nc4,SMAP_L3_SM_P_20250821_R19240_001.h5,mm/day,cm^3/cm^3,25.56,LOW,"[""Low overall dynamic environmental triggering pressure""]",PROTOTYPE OPERATIONAL TRIGGER PARAMETERS — REQUIRES REGIONAL SCIENTIFIC CALIBRATION
NER_PILOT_03,"Shillong, Meghalaya",Meghalaya,25.57,91.88,2025-08-21,0.6149999499320984,12.330000206828117,158.47999362647533,0.3209660053253174,RECOMMENDED,AM_6AM,AM_RECOMMENDED,VALID,VALID,COMPLETE,2025-08-21,0,3B-DAY.MS.MRG.3IMERG.20250821-S000000-E235959.V07B.nc4,SMAP_L3_SM_P_20250821_R19240_001.h5,mm/day,cm^3/cm^3,29.59,LOW,"[""High volumetric soil moisture saturation (0.321 cm\u00b3/cm\u00b3)""]",PROTOTYPE OPERATIONAL TRIGGER PARAMETERS — REQUIRES REGIONAL SCIENTIFIC CALIBRATION
NER_PILOT_04,"Aizawl, Mizoram",Mizoram,23.73,92.71,2025-08-21,13.069997787475586,32.5399956703186,94.87499403953552,,INVALID,N/A,INVALID_RETRIEVAL,VALID,INVALID_RETRIEVAL,PARTIAL_RAINFALL_ONLY,2025-08-21,0,3B-DAY.MS.MRG.3IMERG.20250821-S000000-E235959.V07B.nc4,SMAP_L3_SM_P_20250821_R19240_001.h5,mm/day,cm^3/cm^3,22.52,LOW,"[""Low overall dynamic environmental triggering pressure""]",PROTOTYPE OPERATIONAL TRIGGER PARAMETERS — REQUIRES REGIONAL SCIENTIFIC CALIBRATION
NER_PILOT_05,"Kohima, Nagaland",Nagaland,25.67,94.11,2025-08-21,9.744999885559082,19.419999599456787,57.32000207901001,0.0988139733672142,WARNING,AM_6AM,AM_NON_RECOMMENDED,VALID,VALID,COMPLETE,2025-08-21,0,3B-DAY.MS.MRG.3IMERG.20250821-S000000-E235959.V07B.nc4,SMAP_L3_SM_P_20250821_R19240_001.h5,mm/day,cm^3/cm^3,15.78,LOW,"[""Low overall dynamic environmental triggering pressure""]",PROTOTYPE OPERATIONAL TRIGGER PARAMETERS — REQUIRES REGIONAL SCIENTIFIC CALIBRATION
NER_PILOT_06,"Imphal, Manipur",Manipur,24.81,93.94,2025-08-21,34.89500045776367,72.80000114440918,134.1350064277649,,INVALID,N/A,INVALID_RETRIEVAL,VALID,INVALID_RETRIEVAL,PARTIAL_RAINFALL_ONLY,2025-08-21,0,3B-DAY.MS.MRG.3IMERG.20250821-S000000-E235959.V07B.nc4,SMAP_L3_SM_P_20250821_R19240_001.h5,mm/day,cm^3/cm^3,44.7,MODERATE,"[""Low overall dynamic environmental triggering pressure""]",PROTOTYPE OPERATIONAL TRIGGER PARAMETERS — REQUIRES REGIONAL SCIENTIFIC CALIBRATION
NER_PILOT_07,"Itanagar, Arunachal Pradesh",Arunachal Pradesh,27.08,93.61,2025-08-21,9.784998893737793,38.84999465942383,97.04999303817749,0.17146730422973633,WARNING,AM_6AM,AM_NON_RECOMMENDED,VALID,VALID,COMPLETE,2025-08-21,0,3B-DAY.MS.MRG.3IMERG.20250821-S000000-E235959.V07B.nc4,SMAP_L3_SM_P_20250821_R19240_001.h5,mm/day,cm^3/cm^3,26.09,LOW,"[""Low overall dynamic environmental triggering pressure""]",PROTOTYPE OPERATIONAL TRIGGER PARAMETERS — REQUIRES REGIONAL SCIENTIFIC CALIBRATION
NER_PILOT_08,"Agartala, Tripura",Tripura,23.83,91.28,2025-08-21,1.0199999809265137,3.6199998259544373,143.5249986052513,,INVALID,N/A,INVALID_RETRIEVAL,VALID,INVALID_RETRIEVAL,PARTIAL_RAINFALL_ONLY,2025-08-21,0,3B-DAY.MS.MRG.3IMERG.20250821-S000000-E235959.V07B.nc4,SMAP_L3_SM_P_20250821_R19240_001.h5,mm/day,cm^3/cm^3,15.64,LOW,"[""Low overall dynamic environmental triggering pressure""]",PROTOTYPE OPERATIONAL TRIGGER PARAMETERS — REQUIRES REGIONAL SCIENTIFIC CALIBRATION
GSI_SITE_01,Kukinala slide (Hailakandi),Assam,24.27,92.5,2025-08-21,3.4600000381469727,50.8199987411499,240.7149953842163,,INVALID,N/A,INVALID_RETRIEVAL,VALID,INVALID_RETRIEVAL,PARTIAL_RAINFALL_ONLY,2025-08-21,0,3B-DAY.MS.MRG.3IMERG.20250821-S000000-E235959.V07B.nc4,SMAP_L3_SM_P_20250821_R19240_001.h5,mm/day,cm^3/cm^3,38.07,LOW,"[""Sustained 7-day antecedent precipitation (240.7 mm)""]",PROTOTYPE OPERATIONAL TRIGGER PARAMETERS — REQUIRES REGIONAL SCIENTIFIC CALIBRATION
GSI_SITE_02,Jalnachaura slide (Hailakandi),Assam,24.31,92.56,2025-08-21,4.784999847412109,52.05999755859375,193.7800042629242,,INVALID,N/A,INVALID_RETRIEVAL,VALID,INVALID_RETRIEVAL,PARTIAL_RAINFALL_ONLY,2025-08-21,0,3B-DAY.MS.MRG.3IMERG.20250821-S000000-E235959.V07B.nc4,SMAP_L3_SM_P_20250821_R19240_001.h5,mm/day,cm^3/cm^3,34.19,LOW,"[""Sustained 7-day antecedent precipitation (193.8 mm)""]",PROTOTYPE OPERATIONAL TRIGGER PARAMETERS — REQUIRES REGIONAL SCIENTIFIC CALIBRATION
GSI_SITE_03,Nandagram slide (Hailakandi),Assam,24.32,92.51,2025-08-21,4.784999847412109,52.05999755859375,193.7800042629242,,INVALID,N/A,INVALID_RETRIEVAL,VALID,INVALID_RETRIEVAL,PARTIAL_RAINFALL_ONLY,2025-08-21,0,3B-DAY.MS.MRG.3IMERG.20250821-S000000-E235959.V07B.nc4,SMAP_L3_SM_P_20250821_R19240_001.h5,mm/day,cm^3/cm^3,34.19,LOW,"[""Sustained 7-day antecedent precipitation (193.8 mm)""]",PROTOTYPE OPERATIONAL TRIGGER PARAMETERS — REQUIRES REGIONAL SCIENTIFIC CALIBRATION
GSI_SITE_04,Nishkar slide (Hailakandi),Assam,24.43,92.55,2025-08-21,3.0199995040893555,48.465003967285156,197.71501207351685,,INVALID,N/A,INVALID_RETRIEVAL,VALID,INVALID_RETRIEVAL,PARTIAL_RAINFALL_ONLY,2025-08-21,0,3B-DAY.MS.MRG.3IMERG.20250821-S000000-E235959.V07B.nc4,SMAP_L3_SM_P_20250821_R19240_001.h5,mm/day,cm^3/cm^3,33.02,LOW,"[""Sustained 7-day antecedent precipitation (197.7 mm)""]",PROTOTYPE OPERATIONAL TRIGGER PARAMETERS — REQUIRES REGIONAL SCIENTIFIC CALIBRATION
GSI_SITE_05,Paglacherra slide (Karimganj),Assam,24.44,92.5,2025-08-21,3.755000114440918,43.414998054504395,219.08498239517212,,INVALID,N/A,INVALID_RETRIEVAL,VALID,INVALID_RETRIEVAL,PARTIAL_RAINFALL_ONLY,2025-08-21,0,3B-DAY.MS.MRG.3IMERG.20250821-S000000-E235959.V07B.nc4,SMAP_L3_SM_P_20250821_R19240_001.h5,mm/day,cm^3/cm^3,34.17,LOW,"[""Sustained 7-day antecedent precipitation (219.1 mm)""]",PROTOTYPE OPERATIONAL TRIGGER PARAMETERS — REQUIRES REGIONAL SCIENTIFIC CALIBRATION
GSI_SITE_06,Lalpani slide (Hailakandi),Assam,24.44,92.56,2025-08-21,3.0199995040893555,48.465003967285156,197.71501207351685,,INVALID,N/A,INVALID_RETRIEVAL,VALID,INVALID_RETRIEVAL,PARTIAL_RAINFALL_ONLY,2025-08-21,0,3B-DAY.MS.MRG.3IMERG.20250821-S000000-E235959.V07B.nc4,SMAP_L3_SM_P_20250821_R19240_001.h5,mm/day,cm^3/cm^3,33.02,LOW,"[""Sustained 7-day antecedent precipitation (197.7 mm)""]",PROTOTYPE OPERATIONAL TRIGGER PARAMETERS — REQUIRES REGIONAL SCIENTIFIC CALIBRATION
GSI_SITE_07,Garapunjislide (Hailakandi),Assam,24.46,92.52,2025-08-21,3.0199995040893555,48.465003967285156,197.71501207351685,,INVALID,N/A,INVALID_RETRIEVAL,VALID,INVALID_RETRIEVAL,PARTIAL_RAINFALL_ONLY,2025-08-21,0,3B-DAY.MS.MRG.3IMERG.20250821-S000000-E235959.V07B.nc4,SMAP_L3_SM_P_20250821_R19240_001.h5,mm/day,cm^3/cm^3,33.02,LOW,"[""Sustained 7-day antecedent precipitation (197.7 mm)""]",PROTOTYPE OPERATIONAL TRIGGER PARAMETERS — REQUIRES REGIONAL SCIENTIFIC CALIBRATION
NER_PILOT_01,"Gangtok, Sikkim",Sikkim,27.33,88.61,2025-08-22,4.3299994468688965,30.35499668121338,70.61999616026878,0.32145947217941284,WARNING,PM_6PM,PM_NON_RECOMMENDED,VALID,VALID,COMPLETE,2025-08-22,0,3B-DAY.MS.MRG.3IMERG.20250822-S000000-E235959.V07B.nc4,SMAP_L3_SM_P_20250822_R19240_002.h5,mm/day,cm^3/cm^3,27.31,LOW,"[""High volumetric soil moisture saturation (0.321 cm\u00b3/cm\u00b3)""]",PROTOTYPE OPERATIONAL TRIGGER PARAMETERS — REQUIRES REGIONAL SCIENTIFIC CALIBRATION
NER_PILOT_02,"Guwahati, Assam",Assam,26.14,91.73,2025-08-22,7.364999771118164,39.21499729156494,113.06999397277832,,INVALID,N/A,INVALID_RETRIEVAL,VALID,INVALID_RETRIEVAL,PARTIAL_RAINFALL_ONLY,2025-08-22,0,3B-DAY.MS.MRG.3IMERG.20250822-S000000-E235959.V07B.nc4,SMAP_L3_SM_P_20250822_R19240_002.h5,mm/day,cm^3/cm^3,23.87,LOW,"[""Low overall dynamic environmental triggering pressure""]",PROTOTYPE OPERATIONAL TRIGGER PARAMETERS — REQUIRES REGIONAL SCIENTIFIC CALIBRATION
NER_PILOT_03,"Shillong, Meghalaya",Meghalaya,25.57,91.88,2025-08-22,11.820000648498535,12.680000588297844,167.31999425590038,0.2766354978084564,WARNING,PM_6PM,PM_NON_RECOMMENDED,VALID,VALID,COMPLETE,2025-08-22,0,3B-DAY.MS.MRG.3IMERG.20250822-S000000-E235959.V07B.nc4,SMAP_L3_SM_P_20250822_R19240_002.h5,mm/day,cm^3/cm^3,31.76,LOW,"[""Low overall dynamic environmental triggering pressure""]",PROTOTYPE OPERATIONAL TRIGGER PARAMETERS — REQUIRES REGIONAL SCIENTIFIC CALIBRATION
NER_PILOT_04,"Aizawl, Mizoram",Mizoram,23.73,92.71,2025-08-22,1.21999990940094,18.009997487068176,79.53499448299408,,INVALID,N/A,INVALID_RETRIEVAL,VALID,INVALID_RETRIEVAL,PARTIAL_RAINFALL_ONLY,2025-08-22,0,3B-DAY.MS.MRG.3IMERG.20250822-S000000-E235959.V07B.nc4,SMAP_L3_SM_P_20250822_R19240_002.h5,mm/day,cm^3/cm^3,12.91,LOW,"[""Low overall dynamic environmental triggering pressure""]",PROTOTYPE OPERATIONAL TRIGGER PARAMETERS — REQUIRES REGIONAL SCIENTIFIC CALIBRATION
NER_PILOT_05,"Kohima, Nagaland",Nagaland,25.67,94.11,2025-08-22,5.029999732971191,15.169999599456787,34.28499937057495,,INVALID,N/A,INVALID_RETRIEVAL,VALID,INVALID_RETRIEVAL,PARTIAL_RAINFALL_ONLY,2025-08-22,0,3B-DAY.MS.MRG.3IMERG.20250822-S000000-E235959.V07B.nc4,SMAP_L3_SM_P_20250822_R19240_002.h5,mm/day,cm^3/cm^3,9.11,LOW,"[""Low overall dynamic environmental triggering pressure""]",PROTOTYPE OPERATIONAL TRIGGER PARAMETERS — REQUIRES REGIONAL SCIENTIFIC CALIBRATION
NER_PILOT_06,"Imphal, Manipur",Manipur,24.81,93.94,2025-08-22,7.4499993324279785,65.99000024795532,136.77000617980957,,INVALID,N/A,INVALID_RETRIEVAL,VALID,INVALID_RETRIEVAL,PARTIAL_RAINFALL_ONLY,2025-08-22,0,3B-DAY.MS.MRG.3IMERG.20250822-S000000-E235959.V07B.nc4,SMAP_L3_SM_P_20250822_R19240_002.h5,mm/day,cm^3/cm^3,32.97,LOW,"[""Low overall dynamic environmental triggering pressure""]",PROTOTYPE OPERATIONAL TRIGGER PARAMETERS — REQUIRES REGIONAL SCIENTIFIC CALIBRATION
NER_PILOT_07,"Itanagar, Arunachal Pradesh",Arunachal Pradesh,27.08,93.61,2025-08-22,14.619998931884766,41.37999439239502,110.75499200820923,0.13281333446502686,WARNING,AM_6AM,AM_NON_RECOMMENDED,VALID,VALID,COMPLETE,2025-08-22,0,3B-DAY.MS.MRG.3IMERG.20250822-S000000-E235959.V07B.nc4,SMAP_L3_SM_P_20250822_R19240_002.h5,mm/day,cm^3/cm^3,27.43,LOW,"[""Low overall dynamic environmental triggering pressure""]",PROTOTYPE OPERATIONAL TRIGGER PARAMETERS — REQUIRES REGIONAL SCIENTIFIC CALIBRATION
NER_PILOT_08,"Agartala, Tripura",Tripura,23.83,91.28,2025-08-22,0.8400000333786011,3.484999895095825,66.99499589204788,,INVALID,N/A,INVALID_RETRIEVAL,VALID,INVALID_RETRIEVAL,PARTIAL_RAINFALL_ONLY,2025-08-22,0,3B-DAY.MS.MRG.3IMERG.20250822-S000000-E235959.V07B.nc4,SMAP_L3_SM_P_20250822_R19240_002.h5,mm/day,cm^3/cm^3,7.89,LOW,"[""Low overall dynamic environmental triggering pressure""]",PROTOTYPE OPERATIONAL TRIGGER PARAMETERS — REQUIRES REGIONAL SCIENTIFIC CALIBRATION
GSI_SITE_01,Kukinala slide (Hailakandi),Assam,24.27,92.5,2025-08-22,1.350000023841858,35.214998841285706,121.0799947977066,,INVALID,N/A,INVALID_RETRIEVAL,VALID,INVALID_RETRIEVAL,PARTIAL_RAINFALL_ONLY,2025-08-22,0,3B-DAY.MS.MRG.3IMERG.20250822-S000000-E235959.V07B.nc4,SMAP_L3_SM_P_20250822_R19240_002.h5,mm/day,cm^3/cm^3,21.42,LOW,"[""Low overall dynamic environmental triggering pressure""]",PROTOTYPE OPERATIONAL TRIGGER PARAMETERS — REQUIRES REGIONAL SCIENTIFIC CALIBRATION
GSI_SITE_02,Jalnachaura slide (Hailakandi),Assam,24.31,92.56,2025-08-22,3.0099997520446777,37.3399977684021,100.16499638557434,,INVALID,N/A,INVALID_RETRIEVAL,VALID,INVALID_RETRIEVAL,PARTIAL_RAINFALL_ONLY,2025-08-22,0,3B-DAY.MS.MRG.3IMERG.20250822-S000000-E235959.V07B.nc4,SMAP_L3_SM_P_20250822_R19240_002.h5,mm/day,cm^3/cm^3,20.48,LOW,"[""Low overall dynamic environmental triggering pressure""]",PROTOTYPE OPERATIONAL TRIGGER PARAMETERS — REQUIRES REGIONAL SCIENTIFIC CALIBRATION
GSI_SITE_03,Nandagram slide (Hailakandi),Assam,24.32,92.51,2025-08-22,3.0099997520446777,37.3399977684021,100.16499638557434,,INVALID,N/A,INVALID_RETRIEVAL,VALID,INVALID_RETRIEVAL,PARTIAL_RAINFALL_ONLY,2025-08-22,0,3B-DAY.MS.MRG.3IMERG.20250822-S000000-E235959.V07B.nc4,SMAP_L3_SM_P_20250822_R19240_002.h5,mm/day,cm^3/cm^3,20.48,LOW,"[""Low overall dynamic environmental triggering pressure""]",PROTOTYPE OPERATIONAL TRIGGER PARAMETERS — REQUIRES REGIONAL SCIENTIFIC CALIBRATION
GSI_SITE_04,Nishkar slide (Hailakandi),Assam,24.43,92.55,2025-08-22,6.619999885559082,42.375003814697266,101.42999792098999,,INVALID,N/A,INVALID_RETRIEVAL,VALID,INVALID_RETRIEVAL,PARTIAL_RAINFALL_ONLY,2025-08-22,0,3B-DAY.MS.MRG.3IMERG.20250822-S000000-E235959.V07B.nc4,SMAP_L3_SM_P_20250822_R19240_002.h5,mm/day,cm^3/cm^3,23.22,LOW,"[""Low overall dynamic environmental triggering pressure""]",PROTOTYPE OPERATIONAL TRIGGER PARAMETERS — REQUIRES REGIONAL SCIENTIFIC CALIBRATION
GSI_SITE_05,Paglacherra slide (Karimganj),Assam,24.44,92.5,2025-08-22,6.705000400543213,38.86999845504761,100.89499378204346,,INVALID,N/A,INVALID_RETRIEVAL,VALID,INVALID_RETRIEVAL,PARTIAL_RAINFALL_ONLY,2025-08-22,0,3B-DAY.MS.MRG.3IMERG.20250822-S000000-E235959.V07B.nc4,SMAP_L3_SM_P_20250822_R19240_002.h5,mm/day,cm^3/cm^3,22.32,LOW,"[""Low overall dynamic environmental triggering pressure""]",PROTOTYPE OPERATIONAL TRIGGER PARAMETERS — REQUIRES REGIONAL SCIENTIFIC CALIBRATION
GSI_SITE_06,Lalpani slide (Hailakandi),Assam,24.44,92.56,2025-08-22,6.619999885559082,42.375003814697266,101.42999792098999,,INVALID,N/A,INVALID_RETRIEVAL,VALID,INVALID_RETRIEVAL,PARTIAL_RAINFALL_ONLY,2025-08-22,0,3B-DAY.MS.MRG.3IMERG.20250822-S000000-E235959.V07B.nc4,SMAP_L3_SM_P_20250822_R19240_002.h5,mm/day,cm^3/cm^3,23.22,LOW,"[""Low overall dynamic environmental triggering pressure""]",PROTOTYPE OPERATIONAL TRIGGER PARAMETERS — REQUIRES REGIONAL SCIENTIFIC CALIBRATION
GSI_SITE_07,Garapunjislide (Hailakandi),Assam,24.46,92.52,2025-08-22,6.619999885559082,42.375003814697266,101.42999792098999,,INVALID,N/A,INVALID_RETRIEVAL,VALID,INVALID_RETRIEVAL,PARTIAL_RAINFALL_ONLY,2025-08-22,0,3B-DAY.MS.MRG.3IMERG.20250822-S000000-E235959.V07B.nc4,SMAP_L3_SM_P_20250822_R19240_002.h5,mm/day,cm^3/cm^3,23.22,LOW,"[""Low overall dynamic environmental triggering pressure""]",PROTOTYPE OPERATIONAL TRIGGER PARAMETERS — REQUIRES REGIONAL SCIENTIFIC CALIBRATION
NER_PILOT_01,"Gangtok, Sikkim",Sikkim,27.33,88.61,2025-08-23,10.035000801086426,37.61999750137329,55.27999696135521,,INVALID,N/A,INVALID_RETRIEVAL,VALID,INVALID_RETRIEVAL,PARTIAL_RAINFALL_ONLY,2025-08-23,0,3B-DAY.MS.MRG.3IMERG.20250823-S000000-E235959.V07B.nc4,SMAP_L3_SM_P_20250823_R19240_001.h5,mm/day,cm^3/cm^3,18.7,LOW,"[""Low overall dynamic environmental triggering pressure""]",PROTOTYPE OPERATIONAL TRIGGER PARAMETERS — REQUIRES REGIONAL SCIENTIFIC CALIBRATION
NER_PILOT_02,"Guwahati, Assam",Assam,26.14,91.73,2025-08-23,0.5999999642372131,19.49999862909317,68.054996073246,,INVALID,N/A,INVALID_RETRIEVAL,VALID,INVALID_RETRIEVAL,PARTIAL_RAINFALL_ONLY,2025-08-23,0,3B-DAY.MS.MRG.3IMERG.20250823-S000000-E235959.V07B.nc4,SMAP_L3_SM_P_20250823_R19240_001.h5,mm/day,cm^3/cm^3,11.91,LOW,"[""Low overall dynamic environmental triggering pressure""]",PROTOTYPE OPERATIONAL TRIGGER PARAMETERS — REQUIRES REGIONAL SCIENTIFIC CALIBRATION
NER_PILOT_03,"Shillong, Meghalaya",Meghalaya,25.57,91.88,2025-08-23,0.8899999856948853,13.325000584125519,62.06000034511089,,INVALID,N/A,INVALID_RETRIEVAL,VALID,INVALID_RETRIEVAL,PARTIAL_RAINFALL_ONLY,2025-08-23,0,3B-DAY.MS.MRG.3IMERG.20250823-S000000-E235959.V07B.nc4,SMAP_L3_SM_P_20250823_R19240_001.h5,mm/day,cm^3/cm^3,9.87,LOW,"[""Low overall dynamic environmental triggering pressure""]",PROTOTYPE OPERATIONAL TRIGGER PARAMETERS — REQUIRES REGIONAL SCIENTIFIC CALIBRATION
NER_PILOT_04,"Aizawl, Mizoram",Mizoram,23.73,92.71,2025-08-23,5.819999694824219,20.109997391700745,51.73499524593353,,INVALID,N/A,INVALID_RETRIEVAL,VALID,INVALID_RETRIEVAL,PARTIAL_RAINFALL_ONLY,2025-08-23,0,3B-DAY.MS.MRG.3IMERG.20250823-S000000-E235959.V07B.nc4,SMAP_L3_SM_P_20250823_R19240_001.h5,mm/day,cm^3/cm^3,12.38,LOW,"[""Low overall dynamic environmental triggering pressure""]",PROTOTYPE OPERATIONAL TRIGGER PARAMETERS — REQUIRES REGIONAL SCIENTIFIC CALIBRATION
NER_PILOT_05,"Kohima, Nagaland",Nagaland,25.67,94.11,2025-08-23,8.044999122619629,22.819998741149902,36.409998416900635,,INVALID,N/A,INVALID_RETRIEVAL,VALID,INVALID_RETRIEVAL,PARTIAL_RAINFALL_ONLY,2025-08-23,0,3B-DAY.MS.MRG.3IMERG.20250823-S000000-E235959.V07B.nc4,SMAP_L3_SM_P_20250823_R19240_001.h5,mm/day,cm^3/cm^3,12.36,LOW,"[""Low overall dynamic environmental triggering pressure""]",PROTOTYPE OPERATIONAL TRIGGER PARAMETERS — REQUIRES REGIONAL SCIENTIFIC CALIBRATION
NER_PILOT_06,"Imphal, Manipur",Manipur,24.81,93.94,2025-08-23,19.615001678466797,61.96000146865845,129.56500625610352,,INVALID,N/A,INVALID_RETRIEVAL,VALID,INVALID_RETRIEVAL,PARTIAL_RAINFALL_ONLY,2025-08-23,0,3B-DAY.MS.MRG.3IMERG.20250823-S000000-E235959.V07B.nc4,SMAP_L3_SM_P_20250823_R19240_001.h5,mm/day,cm^3/cm^3,35.8,LOW,"[""Low overall dynamic environmental triggering pressure""]",PROTOTYPE OPERATIONAL TRIGGER PARAMETERS — REQUIRES REGIONAL SCIENTIFIC CALIBRATION
NER_PILOT_07,"Itanagar, Arunachal Pradesh",Arunachal Pradesh,27.08,93.61,2025-08-23,7.009999752044678,31.414997577667236,73.80499267578125,,INVALID,N/A,INVALID_RETRIEVAL,VALID,INVALID_RETRIEVAL,PARTIAL_RAINFALL_ONLY,2025-08-23,0,3B-DAY.MS.MRG.3IMERG.20250823-S000000-E235959.V07B.nc4,SMAP_L3_SM_P_20250823_R19240_001.h5,mm/day,cm^3/cm^3,17.86,LOW,"[""Low overall dynamic environmental triggering pressure""]",PROTOTYPE OPERATIONAL TRIGGER PARAMETERS — REQUIRES REGIONAL SCIENTIFIC CALIBRATION
NER_PILOT_08,"Agartala, Tripura",Tripura,23.83,91.28,2025-08-23,10.635000228881836,12.49500024318695,51.68499833345413,,INVALID,N/A,INVALID_RETRIEVAL,VALID,INVALID_RETRIEVAL,PARTIAL_RAINFALL_ONLY,2025-08-23,0,3B-DAY.MS.MRG.3IMERG.20250823-S000000-E235959.V07B.nc4,SMAP_L3_SM_P_20250823_R19240_001.h5,mm/day,cm^3/cm^3,12.28,LOW,"[""Low overall dynamic environmental triggering pressure""]",PROTOTYPE OPERATIONAL TRIGGER PARAMETERS — REQUIRES REGIONAL SCIENTIFIC CALIBRATION
GSI_SITE_01,Kukinala slide (Hailakandi),Assam,24.27,92.5,2025-08-23,15.420000076293945,20.230000138282776,103.88499701023102,,INVALID,N/A,INVALID_RETRIEVAL,VALID,INVALID_RETRIEVAL,PARTIAL_RAINFALL_ONLY,2025-08-23,0,3B-DAY.MS.MRG.3IMERG.20250823-S000000-E235959.V07B.nc4,SMAP_L3_SM_P_20250823_R19240_001.h5,mm/day,cm^3/cm^3,21.23,LOW,"[""Low overall dynamic environmental triggering pressure""]",PROTOTYPE OPERATIONAL TRIGGER PARAMETERS — REQUIRES REGIONAL SCIENTIFIC CALIBRATION
GSI_SITE_02,Jalnachaura slide (Hailakandi),Assam,24.31,92.56,2025-08-23,19.479995727539062,27.27499532699585,115.22999215126038,,INVALID,N/A,INVALID_RETRIEVAL,VALID,INVALID_RETRIEVAL,PARTIAL_RAINFALL_ONLY,2025-08-23,0,3B-DAY.MS.MRG.3IMERG.20250823-S000000-E235959.V07B.nc4,SMAP_L3_SM_P_20250823_R19240_001.h5,mm/day,cm^3/cm^3,25.65,LOW,"[""Low overall dynamic environmental triggering pressure""]",PROTOTYPE OPERATIONAL TRIGGER PARAMETERS — REQUIRES REGIONAL SCIENTIFIC CALIBRATION
GSI_SITE_03,Nandagram slide (Hailakandi),Assam,24.32,92.51,2025-08-23,19.479995727539062,27.27499532699585,115.22999215126038,,INVALID,N/A,INVALID_RETRIEVAL,VALID,INVALID_RETRIEVAL,PARTIAL_RAINFALL_ONLY,2025-08-23,0,3B-DAY.MS.MRG.3IMERG.20250823-S000000-E235959.V07B.nc4,SMAP_L3_SM_P_20250823_R19240_001.h5,mm/day,cm^3/cm^3,25.65,LOW,"[""Low overall dynamic environmental triggering pressure""]",PROTOTYPE OPERATIONAL TRIGGER PARAMETERS — REQUIRES REGIONAL SCIENTIFIC CALIBRATION
GSI_SITE_04,Nishkar slide (Hailakandi),Assam,24.43,92.55,2025-08-23,26.490001678466797,36.130001068115234,120.12999963760376,,INVALID,N/A,INVALID_RETRIEVAL,VALID,INVALID_RETRIEVAL,PARTIAL_RAINFALL_ONLY,2025-08-23,0,3B-DAY.MS.MRG.3IMERG.20250823-S000000-E235959.V07B.nc4,SMAP_L3_SM_P_20250823_R19240_001.h5,mm/day,cm^3/cm^3,30.98,LOW,"[""Low overall dynamic environmental triggering pressure""]",PROTOTYPE OPERATIONAL TRIGGER PARAMETERS — REQUIRES REGIONAL SCIENTIFIC CALIBRATION
GSI_SITE_05,Paglacherra slide (Karimganj),Assam,24.44,92.5,2025-08-23,22.53000259399414,32.99000310897827,113.03999519348145,,INVALID,N/A,INVALID_RETRIEVAL,VALID,INVALID_RETRIEVAL,PARTIAL_RAINFALL_ONLY,2025-08-23,0,3B-DAY.MS.MRG.3IMERG.20250823-S000000-E235959.V07B.nc4,SMAP_L3_SM_P_20250823_R19240_001.h5,mm/day,cm^3/cm^3,28.0,LOW,"[""Low overall dynamic environmental triggering pressure""]",PROTOTYPE OPERATIONAL TRIGGER PARAMETERS — REQUIRES REGIONAL SCIENTIFIC CALIBRATION
GSI_SITE_06,Lalpani slide (Hailakandi),Assam,24.44,92.56,2025-08-23,26.490001678466797,36.130001068115234,120.12999963760376,,INVALID,N/A,INVALID_RETRIEVAL,VALID,INVALID_RETRIEVAL,PARTIAL_RAINFALL_ONLY,2025-08-23,0,3B-DAY.MS.MRG.3IMERG.20250823-S000000-E235959.V07B.nc4,SMAP_L3_SM_P_20250823_R19240_001.h5,mm/day,cm^3/cm^3,30.98,LOW,"[""Low overall dynamic environmental triggering pressure""]",PROTOTYPE OPERATIONAL TRIGGER PARAMETERS — REQUIRES REGIONAL SCIENTIFIC CALIBRATION
GSI_SITE_07,Garapunjislide (Hailakandi),Assam,24.46,92.52,2025-08-23,26.490001678466797,36.130001068115234,120.12999963760376,,INVALID,N/A,INVALID_RETRIEVAL,VALID,INVALID_RETRIEVAL,PARTIAL_RAINFALL_ONLY,2025-08-23,0,3B-DAY.MS.MRG.3IMERG.20250823-S000000-E235959.V07B.nc4,SMAP_L3_SM_P_20250823_R19240_001.h5,mm/day,cm^3/cm^3,30.98,LOW,"[""Low overall dynamic environmental triggering pressure""]",PROTOTYPE OPERATIONAL TRIGGER PARAMETERS — REQUIRES REGIONAL SCIENTIFIC CALIBRATION
NER_PILOT_01,"Gangtok, Sikkim",Sikkim,27.33,88.61,2025-08-24,5.21999979019165,19.585000038146973,55.609996885061264,0.22277572751045227,WARNING,AM_6AM,AM_NON_RECOMMENDED,VALID,VALID,COMPLETE,2025-08-24,0,3B-DAY.MS.MRG.3IMERG.20250824-S000000-E235959.V07B.nc4,SMAP_L3_SM_P_20250824_R19240_002.h5,mm/day,cm^3/cm^3,19.83,LOW,"[""Low overall dynamic environmental triggering pressure""]",PROTOTYPE OPERATIONAL TRIGGER PARAMETERS — REQUIRES REGIONAL SCIENTIFIC CALIBRATION
NER_PILOT_02,"Guwahati, Assam",Assam,26.14,91.73,2025-08-24,2.424999952316284,10.389999687671661,59.564997017383575,0.3262401819229126,WARNING,AM_6AM,AM_NON_RECOMMENDED,VALID,VALID,COMPLETE,2025-08-24,0,3B-DAY.MS.MRG.3IMERG.20250824-S000000-E235959.V07B.nc4,SMAP_L3_SM_P_20250824_R19240_002.h5,mm/day,cm^3/cm^3,22.07,LOW,"[""High volumetric soil moisture saturation (0.326 cm\u00b3/cm\u00b3)""]",PROTOTYPE OPERATIONAL TRIGGER PARAMETERS — REQUIRES REGIONAL SCIENTIFIC CALIBRATION
NER_PILOT_03,"Shillong, Meghalaya",Meghalaya,25.57,91.88,2025-08-24,0.7299999594688416,13.440000593662262,35.24000106751919,0.38279294967651367,RECOMMENDED,AM_6AM,AM_RECOMMENDED,VALID,VALID,COMPLETE,2025-08-24,0,3B-DAY.MS.MRG.3IMERG.20250824-S000000-E235959.V07B.nc4,SMAP_L3_SM_P_20250824_R19240_002.h5,mm/day,cm^3/cm^3,22.74,LOW,"[""High volumetric soil moisture saturation (0.383 cm\u00b3/cm\u00b3)""]",PROTOTYPE OPERATIONAL TRIGGER PARAMETERS — REQUIRES REGIONAL SCIENTIFIC CALIBRATION
NER_PILOT_04,"Aizawl, Mizoram",Mizoram,23.73,92.71,2025-08-24,6.664999961853027,13.704999566078186,47.909995436668396,,INVALID,N/A,INVALID_RETRIEVAL,VALID,INVALID_RETRIEVAL,PARTIAL_RAINFALL_ONLY,2025-08-24,0,3B-DAY.MS.MRG.3IMERG.20250824-S000000-E235959.V07B.nc4,SMAP_L3_SM_P_20250824_R19240_002.h5,mm/day,cm^3/cm^3,10.72,LOW,"[""Low overall dynamic environmental triggering pressure""]",PROTOTYPE OPERATIONAL TRIGGER PARAMETERS — REQUIRES REGIONAL SCIENTIFIC CALIBRATION
NER_PILOT_05,"Kohima, Nagaland",Nagaland,25.67,94.11,2025-08-24,20.709999084472656,33.78499794006348,56.49499750137329,,INVALID,N/A,INVALID_RETRIEVAL,VALID,INVALID_RETRIEVAL,PARTIAL_RAINFALL_ONLY,2025-08-24,0,3B-DAY.MS.MRG.3IMERG.20250824-S000000-E235959.V07B.nc4,SMAP_L3_SM_P_20250824_R19240_002.h5,mm/day,cm^3/cm^3,21.86,LOW,"[""Low overall dynamic environmental triggering pressure""]",PROTOTYPE OPERATIONAL TRIGGER PARAMETERS — REQUIRES REGIONAL SCIENTIFIC CALIBRATION
NER_PILOT_06,"Imphal, Manipur",Manipur,24.81,93.94,2025-08-24,11.319998741149902,38.38499975204468,113.17000102996826,,INVALID,N/A,INVALID_RETRIEVAL,VALID,INVALID_RETRIEVAL,PARTIAL_RAINFALL_ONLY,2025-08-24,0,3B-DAY.MS.MRG.3IMERG.20250824-S000000-E235959.V07B.nc4,SMAP_L3_SM_P_20250824_R19240_002.h5,mm/day,cm^3/cm^3,25.16,LOW,"[""Low overall dynamic environmental triggering pressure""]",PROTOTYPE OPERATIONAL TRIGGER PARAMETERS — REQUIRES REGIONAL SCIENTIFIC CALIBRATION
NER_PILOT_07,"Itanagar, Arunachal Pradesh",Arunachal Pradesh,27.08,93.61,2025-08-24,17.450000762939453,39.0799994468689,85.40499353408813,,INVALID,N/A,INVALID_RETRIEVAL,VALID,INVALID_RETRIEVAL,PARTIAL_RAINFALL_ONLY,2025-08-24,0,3B-DAY.MS.MRG.3IMERG.20250824-S000000-E235959.V07B.nc4,SMAP_L3_SM_P_20250824_R19240_002.h5,mm/day,cm^3/cm^3,24.85,LOW,"[""Low overall dynamic environmental triggering pressure""]",PROTOTYPE OPERATIONAL TRIGGER PARAMETERS — REQUIRES REGIONAL SCIENTIFIC CALIBRATION
NER_PILOT_08,"Agartala, Tripura",Tripura,23.83,91.28,2025-08-24,1.25,12.725000262260437,34.13999825716019,,INVALID,N/A,INVALID_RETRIEVAL,VALID,INVALID_RETRIEVAL,PARTIAL_RAINFALL_ONLY,2025-08-24,0,3B-DAY.MS.MRG.3IMERG.20250824-S000000-E235959.V07B.nc4,SMAP_L3_SM_P_20250824_R19240_002.h5,mm/day,cm^3/cm^3,7.06,LOW,"[""Low overall dynamic environmental triggering pressure""]",PROTOTYPE OPERATIONAL TRIGGER PARAMETERS — REQUIRES REGIONAL SCIENTIFIC CALIBRATION
GSI_SITE_01,Kukinala slide (Hailakandi),Assam,24.27,92.5,2025-08-24,1.3949999809265137,18.165000081062317,101.68999683856964,,INVALID,N/A,INVALID_RETRIEVAL,VALID,INVALID_RETRIEVAL,PARTIAL_RAINFALL_ONLY,2025-08-24,0,3B-DAY.MS.MRG.3IMERG.20250824-S000000-E235959.V07B.nc4,SMAP_L3_SM_P_20250824_R19240_002.h5,mm/day,cm^3/cm^3,15.23,LOW,"[""Low overall dynamic environmental triggering pressure""]",PROTOTYPE OPERATIONAL TRIGGER PARAMETERS — REQUIRES REGIONAL SCIENTIFIC CALIBRATION
GSI_SITE_02,Jalnachaura slide (Hailakandi),Assam,24.31,92.56,2025-08-24,2.549999952316284,25.039995431900024,115.14999222755432,,INVALID,N/A,INVALID_RETRIEVAL,VALID,INVALID_RETRIEVAL,PARTIAL_RAINFALL_ONLY,2025-08-24,0,3B-DAY.MS.MRG.3IMERG.20250824-S000000-E235959.V07B.nc4,SMAP_L3_SM_P_20250824_R19240_002.h5,mm/day,cm^3/cm^3,18.73,LOW,"[""Low overall dynamic environmental triggering pressure""]",PROTOTYPE OPERATIONAL TRIGGER PARAMETERS — REQUIRES REGIONAL SCIENTIFIC CALIBRATION
GSI_SITE_03,Nandagram slide (Hailakandi),Assam,24.32,92.51,2025-08-24,2.549999952316284,25.039995431900024,115.14999222755432,,INVALID,N/A,INVALID_RETRIEVAL,VALID,INVALID_RETRIEVAL,PARTIAL_RAINFALL_ONLY,2025-08-24,0,3B-DAY.MS.MRG.3IMERG.20250824-S000000-E235959.V07B.nc4,SMAP_L3_SM_P_20250824_R19240_002.h5,mm/day,cm^3/cm^3,18.73,LOW,"[""Low overall dynamic environmental triggering pressure""]",PROTOTYPE OPERATIONAL TRIGGER PARAMETERS — REQUIRES REGIONAL SCIENTIFIC CALIBRATION
GSI_SITE_04,Nishkar slide (Hailakandi),Assam,24.43,92.55,2025-08-24,3.549999713897705,36.660001277923584,118.54499959945679,,INVALID,N/A,INVALID_RETRIEVAL,VALID,INVALID_RETRIEVAL,PARTIAL_RAINFALL_ONLY,2025-08-24,0,3B-DAY.MS.MRG.3IMERG.20250824-S000000-E235959.V07B.nc4,SMAP_L3_SM_P_20250824_R19240_002.h5,mm/day,cm^3/cm^3,22.35,LOW,"[""Low overall dynamic environmental triggering pressure""]",PROTOTYPE OPERATIONAL TRIGGER PARAMETERS — REQUIRES REGIONAL SCIENTIFIC CALIBRATION
GSI_SITE_05,Paglacherra slide (Karimganj),Assam,24.44,92.5,2025-08-24,3.6499996185302734,32.88500261306763,112.46999502182007,,INVALID,N/A,INVALID_RETRIEVAL,VALID,INVALID_RETRIEVAL,PARTIAL_RAINFALL_ONLY,2025-08-24,0,3B-DAY.MS.MRG.3IMERG.20250824-S000000-E235959.V07B.nc4,SMAP_L3_SM_P_20250824_R19240_002.h5,mm/day,cm^3/cm^3,20.84,LOW,"[""Low overall dynamic environmental triggering pressure""]",PROTOTYPE OPERATIONAL TRIGGER PARAMETERS — REQUIRES REGIONAL SCIENTIFIC CALIBRATION
GSI_SITE_06,Lalpani slide (Hailakandi),Assam,24.44,92.56,2025-08-24,3.549999713897705,36.660001277923584,118.54499959945679,,INVALID,N/A,INVALID_RETRIEVAL,VALID,INVALID_RETRIEVAL,PARTIAL_RAINFALL_ONLY,2025-08-24,0,3B-DAY.MS.MRG.3IMERG.20250824-S000000-E235959.V07B.nc4,SMAP_L3_SM_P_20250824_R19240_002.h5,mm/day,cm^3/cm^3,22.35,LOW,"[""Low overall dynamic environmental triggering pressure""]",PROTOTYPE OPERATIONAL TRIGGER PARAMETERS — REQUIRES REGIONAL SCIENTIFIC CALIBRATION
GSI_SITE_07,Garapunjislide (Hailakandi),Assam,24.46,92.52,2025-08-24,3.549999713897705,36.660001277923584,118.54499959945679,,INVALID,N/A,INVALID_RETRIEVAL,VALID,INVALID_RETRIEVAL,PARTIAL_RAINFALL_ONLY,2025-08-24,0,3B-DAY.MS.MRG.3IMERG.20250824-S000000-E235959.V07B.nc4,SMAP_L3_SM_P_20250824_R19240_002.h5,mm/day,cm^3/cm^3,22.35,LOW,"[""Low overall dynamic environmental triggering pressure""]",PROTOTYPE OPERATIONAL TRIGGER PARAMETERS — REQUIRES REGIONAL SCIENTIFIC CALIBRATION
NER_PILOT_01,"Gangtok, Sikkim",Sikkim,27.33,88.61,2025-08-25,10.044999122619629,25.299999713897705,55.87999638915062,0.2109556943178177,WARNING,PM_6PM,PM_NON_RECOMMENDED,VALID,VALID,COMPLETE,2025-08-25,0,3B-DAY.MS.MRG.3IMERG.20250825-S000000-E235959.V07B.nc4,SMAP_L3_SM_P_20250825_R19240_001.h5,mm/day,cm^3/cm^3,21.92,LOW,"[""Low overall dynamic environmental triggering pressure""]",PROTOTYPE OPERATIONAL TRIGGER PARAMETERS — REQUIRES REGIONAL SCIENTIFIC CALIBRATION
NER_PILOT_02,"Guwahati, Assam",Assam,26.14,91.73,2025-08-25,33.064998626708984,36.08999854326248,86.0549948811531,0.33266016840934753,WARNING,PM_6PM,PM_NON_RECOMMENDED,VALID,VALID,COMPLETE,2025-08-25,0,3B-DAY.MS.MRG.3IMERG.20250825-S000000-E235959.V07B.nc4,SMAP_L3_SM_P_20250825_R19240_001.h5,mm/day,cm^3/cm^3,38.81,LOW,"[""High volumetric soil moisture saturation (0.333 cm\u00b3/cm\u00b3)""]",PROTOTYPE OPERATIONAL TRIGGER PARAMETERS — REQUIRES REGIONAL SCIENTIFIC CALIBRATION
NER_PILOT_03,"Shillong, Meghalaya",Meghalaya,25.57,91.88,2025-08-25,28.6149959564209,30.234995901584625,54.38499675691128,0.385955810546875,RECOMMENDED,AM_6AM,AM_RECOMMENDED,VALID,VALID,COMPLETE,2025-08-25,0,3B-DAY.MS.MRG.3IMERG.20250825-S000000-E235959.V07B.nc4,SMAP_L3_SM_P_20250825_R19240_001.h5,mm/day,cm^3/cm^3,36.14,LOW,"[""High volumetric soil moisture saturation (0.386 cm\u00b3/cm\u00b3)""]",PROTOTYPE OPERATIONAL TRIGGER PARAMETERS — REQUIRES REGIONAL SCIENTIFIC CALIBRATION
NER_PILOT_04,"Aizawl, Mizoram",Mizoram,23.73,92.71,2025-08-25,11.624999046325684,24.10999870300293,57.86999428272247,,INVALID,N/A,INVALID_RETRIEVAL,VALID,INVALID_RETRIEVAL,PARTIAL_RAINFALL_ONLY,2025-08-25,0,3B-DAY.MS.MRG.3IMERG.20250825-S000000-E235959.V07B.nc4,SMAP_L3_SM_P_20250825_R19240_001.h5,mm/day,cm^3/cm^3,16.17,LOW,"[""Low overall dynamic environmental triggering pressure""]",PROTOTYPE OPERATIONAL TRIGGER PARAMETERS — REQUIRES REGIONAL SCIENTIFIC CALIBRATION
NER_PILOT_05,"Kohima, Nagaland",Nagaland,25.67,94.11,2025-08-25,0.16499999165534973,28.919998198747635,53.36999753117561,,INVALID,N/A,INVALID_RETRIEVAL,VALID,INVALID_RETRIEVAL,PARTIAL_RAINFALL_ONLY,2025-08-25,0,3B-DAY.MS.MRG.3IMERG.20250825-S000000-E235959.V07B.nc4,SMAP_L3_SM_P_20250825_R19240_001.h5,mm/day,cm^3/cm^3,12.63,LOW,"[""Low overall dynamic environmental triggering pressure""]",PROTOTYPE OPERATIONAL TRIGGER PARAMETERS — REQUIRES REGIONAL SCIENTIFIC CALIBRATION
NER_PILOT_06,"Imphal, Manipur",Manipur,24.81,93.94,2025-08-25,0.7549999952316284,31.690000414848328,111.94000089168549,,INVALID,N/A,INVALID_RETRIEVAL,VALID,INVALID_RETRIEVAL,PARTIAL_RAINFALL_ONLY,2025-08-25,0,3B-DAY.MS.MRG.3IMERG.20250825-S000000-E235959.V07B.nc4,SMAP_L3_SM_P_20250825_R19240_001.h5,mm/day,cm^3/cm^3,19.4,LOW,"[""Low overall dynamic environmental triggering pressure""]",PROTOTYPE OPERATIONAL TRIGGER PARAMETERS — REQUIRES REGIONAL SCIENTIFIC CALIBRATION
NER_PILOT_07,"Itanagar, Arunachal Pradesh",Arunachal Pradesh,27.08,93.61,2025-08-25,25.93499755859375,50.39499807357788,103.86499166488647,,INVALID,N/A,INVALID_RETRIEVAL,VALID,INVALID_RETRIEVAL,PARTIAL_RAINFALL_ONLY,2025-08-25,0,3B-DAY.MS.MRG.3IMERG.20250825-S000000-E235959.V07B.nc4,SMAP_L3_SM_P_20250825_R19240_001.h5,mm/day,cm^3/cm^3,32.71,LOW,"[""Low overall dynamic environmental triggering pressure""]",PROTOTYPE OPERATIONAL TRIGGER PARAMETERS — REQUIRES REGIONAL SCIENTIFIC CALIBRATION
NER_PILOT_08,"Agartala, Tripura",Tripura,23.83,91.28,2025-08-25,28.694995880126953,40.57999610900879,45.03999596834183,0.3821217715740204,RECOMMENDED,PM_6PM,PM_RECOMMENDED,VALID,VALID,COMPLETE,2025-08-25,0,3B-DAY.MS.MRG.3IMERG.20250825-S000000-E235959.V07B.nc4,SMAP_L3_SM_P_20250825_R19240_001.h5,mm/day,cm^3/cm^3,37.31,LOW,"[""High volumetric soil moisture saturation (0.382 cm\u00b3/cm\u00b3)""]",PROTOTYPE OPERATIONAL TRIGGER PARAMETERS — REQUIRES REGIONAL SCIENTIFIC CALIBRATION
GSI_SITE_01,Kukinala slide (Hailakandi),Assam,24.27,92.5,2025-08-25,36.54500198364258,53.36000204086304,105.5300008058548,0.3821217715740204,RECOMMENDED,PM_6PM,PM_RECOMMENDED,VALID,VALID,COMPLETE,2025-08-25,0,3B-DAY.MS.MRG.3IMERG.20250825-S000000-E235959.V07B.nc4,SMAP_L3_SM_P_20250825_R19240_001.h5,mm/day,cm^3/cm^3,47.06,MODERATE,"[""High volumetric soil moisture saturation (0.382 cm\u00b3/cm\u00b3)""]",PROTOTYPE OPERATIONAL TRIGGER PARAMETERS — REQUIRES REGIONAL SCIENTIFIC CALIBRATION
GSI_SITE_02,Jalnachaura slide (Hailakandi),Assam,24.31,92.56,2025-08-25,21.065000534057617,43.094996213912964,98.16499352455139,0.3821217715740204,RECOMMENDED,PM_6PM,PM_RECOMMENDED,VALID,VALID,COMPLETE,2025-08-25,0,3B-DAY.MS.MRG.3IMERG.20250825-S000000-E235959.V07B.nc4,SMAP_L3_SM_P_20250825_R19240_001.h5,mm/day,cm^3/cm^3,39.77,LOW,"[""High volumetric soil moisture saturation (0.382 cm\u00b3/cm\u00b3)""]",PROTOTYPE OPERATIONAL TRIGGER PARAMETERS — REQUIRES REGIONAL SCIENTIFIC CALIBRATION
GSI_SITE_03,Nandagram slide (Hailakandi),Assam,24.32,92.51,2025-08-25,21.065000534057617,43.094996213912964,98.16499352455139,0.3821217715740204,RECOMMENDED,PM_6PM,PM_RECOMMENDED,VALID,VALID,COMPLETE,2025-08-25,0,3B-DAY.MS.MRG.3IMERG.20250825-S000000-E235959.V07B.nc4,SMAP_L3_SM_P_20250825_R19240_001.h5,mm/day,cm^3/cm^3,39.77,LOW,"[""High volumetric soil moisture saturation (0.382 cm\u00b3/cm\u00b3)""]",PROTOTYPE OPERATIONAL TRIGGER PARAMETERS — REQUIRES REGIONAL SCIENTIFIC CALIBRATION
GSI_SITE_04,Nishkar slide (Hailakandi),Assam,24.43,92.55,2025-08-25,28.595001220703125,58.63500261306763,113.72000646591187,0.3821217715740204,RECOMMENDED,PM_6PM,PM_RECOMMENDED,VALID,VALID,COMPLETE,2025-08-25,0,3B-DAY.MS.MRG.3IMERG.20250825-S000000-E235959.V07B.nc4,SMAP_L3_SM_P_20250825_R19240_001.h5,mm/day,cm^3/cm^3,46.39,MODERATE,"[""High volumetric soil moisture saturation (0.382 cm\u00b3/cm\u00b3)""]",PROTOTYPE OPERATIONAL TRIGGER PARAMETERS — REQUIRES REGIONAL SCIENTIFIC CALIBRATION
GSI_SITE_05,Paglacherra slide (Karimganj),Assam,24.44,92.5,2025-08-25,32.85499954223633,59.03500175476074,109.15500020980835,0.3821217715740204,RECOMMENDED,PM_6PM,PM_RECOMMENDED,VALID,VALID,COMPLETE,2025-08-25,0,3B-DAY.MS.MRG.3IMERG.20250825-S000000-E235959.V07B.nc4,SMAP_L3_SM_P_20250825_R19240_001.h5,mm/day,cm^3/cm^3,47.38,MODERATE,"[""High volumetric soil moisture saturation (0.382 cm\u00b3/cm\u00b3)""]",PROTOTYPE OPERATIONAL TRIGGER PARAMETERS — REQUIRES REGIONAL SCIENTIFIC CALIBRATION
GSI_SITE_06,Lalpani slide (Hailakandi),Assam,24.44,92.56,2025-08-25,28.595001220703125,58.63500261306763,113.72000646591187,0.3821217715740204,RECOMMENDED,PM_6PM,PM_RECOMMENDED,VALID,VALID,COMPLETE,2025-08-25,0,3B-DAY.MS.MRG.3IMERG.20250825-S000000-E235959.V07B.nc4,SMAP_L3_SM_P_20250825_R19240_001.h5,mm/day,cm^3/cm^3,46.39,MODERATE,"[""High volumetric soil moisture saturation (0.382 cm\u00b3/cm\u00b3)""]",PROTOTYPE OPERATIONAL TRIGGER PARAMETERS — REQUIRES REGIONAL SCIENTIFIC CALIBRATION
GSI_SITE_07,Garapunjislide (Hailakandi),Assam,24.46,92.52,2025-08-25,28.595001220703125,58.63500261306763,113.72000646591187,0.3467298448085785,RECOMMENDED,PM_6PM,PM_RECOMMENDED,VALID,VALID,COMPLETE,2025-08-25,0,3B-DAY.MS.MRG.3IMERG.20250825-S000000-E235959.V07B.nc4,SMAP_L3_SM_P_20250825_R19240_001.h5,mm/day,cm^3/cm^3,44.81,MODERATE,"[""High volumetric soil moisture saturation (0.347 cm\u00b3/cm\u00b3)""]",PROTOTYPE OPERATIONAL TRIGGER PARAMETERS — REQUIRES REGIONAL SCIENTIFIC CALIBRATION
NER_PILOT_01,"Gangtok, Sikkim",Sikkim,27.33,88.61,2025-08-26,10.229999542236328,25.494998455047607,65.88499593734741,,INVALID,N/A,INVALID_RETRIEVAL,VALID,INVALID_RETRIEVAL,PARTIAL_RAINFALL_ONLY,2025-08-26,0,3B-DAY.MS.MRG.3IMERG.20250826-S000000-E235959.V07B.nc4,SMAP_L3_SM_P_20250826_R19240_001.h5,mm/day,cm^3/cm^3,16.8,LOW,"[""Low overall dynamic environmental triggering pressure""]",PROTOTYPE OPERATIONAL TRIGGER PARAMETERS — REQUIRES REGIONAL SCIENTIFIC CALIBRATION
NER_PILOT_02,"Guwahati, Assam",Assam,26.14,91.73,2025-08-26,12.949999809265137,48.439998388290405,88.25499564409256,,INVALID,N/A,INVALID_RETRIEVAL,VALID,INVALID_RETRIEVAL,PARTIAL_RAINFALL_ONLY,2025-08-26,0,3B-DAY.MS.MRG.3IMERG.20250826-S000000-E235959.V07B.nc4,SMAP_L3_SM_P_20250826_R19240_001.h5,mm/day,cm^3/cm^3,25.79,LOW,"[""Low overall dynamic environmental triggering pressure""]",PROTOTYPE OPERATIONAL TRIGGER PARAMETERS — REQUIRES REGIONAL SCIENTIFIC CALIBRATION
NER_PILOT_03,"Shillong, Meghalaya",Meghalaya,25.57,91.88,2025-08-26,38.27999496459961,67.62499088048935,81.19499145448208,,INVALID,N/A,INVALID_RETRIEVAL,VALID,INVALID_RETRIEVAL,PARTIAL_RAINFALL_ONLY,2025-08-26,0,3B-DAY.MS.MRG.3IMERG.20250826-S000000-E235959.V07B.nc4,SMAP_L3_SM_P_20250826_R19240_001.h5,mm/day,cm^3/cm^3,39.38,LOW,"[""Low overall dynamic environmental triggering pressure""]",PROTOTYPE OPERATIONAL TRIGGER PARAMETERS — REQUIRES REGIONAL SCIENTIFIC CALIBRATION
NER_PILOT_04,"Aizawl, Mizoram",Mizoram,23.73,92.71,2025-08-26,6.474999904632568,24.76499891281128,48.594996094703674,,INVALID,N/A,INVALID_RETRIEVAL,VALID,INVALID_RETRIEVAL,PARTIAL_RAINFALL_ONLY,2025-08-26,0,3B-DAY.MS.MRG.3IMERG.20250826-S000000-E235959.V07B.nc4,SMAP_L3_SM_P_20250826_R19240_001.h5,mm/day,cm^3/cm^3,13.48,LOW,"[""Low overall dynamic environmental triggering pressure""]",PROTOTYPE OPERATIONAL TRIGGER PARAMETERS — REQUIRES REGIONAL SCIENTIFIC CALIBRATION
NER_PILOT_05,"Kohima, Nagaland",Nagaland,25.67,94.11,2025-08-26,5.015000343322754,25.88999941945076,49.104998141527176,,INVALID,N/A,INVALID_RETRIEVAL,VALID,INVALID_RETRIEVAL,PARTIAL_RAINFALL_ONLY,2025-08-26,0,3B-DAY.MS.MRG.3IMERG.20250826-S000000-E235959.V07B.nc4,SMAP_L3_SM_P_20250826_R19240_001.h5,mm/day,cm^3/cm^3,13.26,LOW,"[""Low overall dynamic environmental triggering pressure""]",PROTOTYPE OPERATIONAL TRIGGER PARAMETERS — REQUIRES REGIONAL SCIENTIFIC CALIBRATION
NER_PILOT_06,"Imphal, Manipur",Manipur,24.81,93.94,2025-08-26,1.9900000095367432,14.064998745918274,99.6700006723404,,INVALID,N/A,INVALID_RETRIEVAL,VALID,INVALID_RETRIEVAL,PARTIAL_RAINFALL_ONLY,2025-08-26,0,3B-DAY.MS.MRG.3IMERG.20250826-S000000-E235959.V07B.nc4,SMAP_L3_SM_P_20250826_R19240_001.h5,mm/day,cm^3/cm^3,14.23,LOW,"[""Low overall dynamic environmental triggering pressure""]",PROTOTYPE OPERATIONAL TRIGGER PARAMETERS — REQUIRES REGIONAL SCIENTIFIC CALIBRATION
NER_PILOT_07,"Itanagar, Arunachal Pradesh",Arunachal Pradesh,27.08,93.61,2025-08-26,24.3699951171875,67.7549934387207,116.1449875831604,,INVALID,N/A,INVALID_RETRIEVAL,VALID,INVALID_RETRIEVAL,PARTIAL_RAINFALL_ONLY,2025-08-26,0,3B-DAY.MS.MRG.3IMERG.20250826-S000000-E235959.V07B.nc4,SMAP_L3_SM_P_20250826_R19240_001.h5,mm/day,cm^3/cm^3,37.69,LOW,"[""Low overall dynamic environmental triggering pressure""]",PROTOTYPE OPERATIONAL TRIGGER PARAMETERS — REQUIRES REGIONAL SCIENTIFIC CALIBRATION
NER_PILOT_08,"Agartala, Tripura",Tripura,23.83,91.28,2025-08-26,14.074999809265137,44.01999568939209,58.13999581336975,,INVALID,N/A,INVALID_RETRIEVAL,VALID,INVALID_RETRIEVAL,PARTIAL_RAINFALL_ONLY,2025-08-26,0,3B-DAY.MS.MRG.3IMERG.20250826-S000000-E235959.V07B.nc4,SMAP_L3_SM_P_20250826_R19240_001.h5,mm/day,cm^3/cm^3,22.1,LOW,"[""Low overall dynamic environmental triggering pressure""]",PROTOTYPE OPERATIONAL TRIGGER PARAMETERS — REQUIRES REGIONAL SCIENTIFIC CALIBRATION
GSI_SITE_01,Kukinala slide (Hailakandi),Assam,24.27,92.5,2025-08-26,38.79499816894531,76.7350001335144,127.36999905109406,,INVALID,N/A,INVALID_RETRIEVAL,VALID,INVALID_RETRIEVAL,PARTIAL_RAINFALL_ONLY,2025-08-26,0,3B-DAY.MS.MRG.3IMERG.20250826-S000000-E235959.V07B.nc4,SMAP_L3_SM_P_20250826_R19240_001.h5,mm/day,cm^3/cm^3,46.47,MODERATE,"[""Low overall dynamic environmental triggering pressure""]",PROTOTYPE OPERATIONAL TRIGGER PARAMETERS — REQUIRES REGIONAL SCIENTIFIC CALIBRATION
GSI_SITE_02,Jalnachaura slide (Hailakandi),Assam,24.31,92.56,2025-08-26,50.45000457763672,74.06500506401062,130.88499855995178,,INVALID,N/A,INVALID_RETRIEVAL,VALID,INVALID_RETRIEVAL,PARTIAL_RAINFALL_ONLY,2025-08-26,0,3B-DAY.MS.MRG.3IMERG.20250826-S000000-E235959.V07B.nc4,SMAP_L3_SM_P_20250826_R19240_001.h5,mm/day,cm^3/cm^3,50.52,MODERATE,"[""Heavy 1-day rainfall accumulation (50.5 mm/day)""]",PROTOTYPE OPERATIONAL TRIGGER PARAMETERS — REQUIRES REGIONAL SCIENTIFIC CALIBRATION
GSI_SITE_03,Nandagram slide (Hailakandi),Assam,24.32,92.51,2025-08-26,50.45000457763672,74.06500506401062,130.88499855995178,,INVALID,N/A,INVALID_RETRIEVAL,VALID,INVALID_RETRIEVAL,PARTIAL_RAINFALL_ONLY,2025-08-26,0,3B-DAY.MS.MRG.3IMERG.20250826-S000000-E235959.V07B.nc4,SMAP_L3_SM_P_20250826_R19240_001.h5,mm/day,cm^3/cm^3,50.52,MODERATE,"[""Heavy 1-day rainfall accumulation (50.5 mm/day)""]",PROTOTYPE OPERATIONAL TRIGGER PARAMETERS — REQUIRES REGIONAL SCIENTIFIC CALIBRATION
GSI_SITE_04,Nishkar slide (Hailakandi),Assam,24.43,92.55,2025-08-26,55.334991455078125,87.47999238967896,156.34499788284302,,INVALID,N/A,INVALID_RETRIEVAL,VALID,INVALID_RETRIEVAL,PARTIAL_RAINFALL_ONLY,2025-08-26,0,3B-DAY.MS.MRG.3IMERG.20250826-S000000-E235959.V07B.nc4,SMAP_L3_SM_P_20250826_R19240_001.h5,mm/day,cm^3/cm^3,58.26,MODERATE,"[""Heavy 1-day rainfall accumulation (55.3 mm/day)""]",PROTOTYPE OPERATIONAL TRIGGER PARAMETERS — REQUIRES REGIONAL SCIENTIFIC CALIBRATION
GSI_SITE_05,Paglacherra slide (Karimganj),Assam,24.44,92.5,2025-08-26,57.56499481201172,94.06999397277832,155.46999502182007,,INVALID,N/A,INVALID_RETRIEVAL,VALID,INVALID_RETRIEVAL,PARTIAL_RAINFALL_ONLY,2025-08-26,0,3B-DAY.MS.MRG.3IMERG.20250826-S000000-E235959.V07B.nc4,SMAP_L3_SM_P_20250826_R19240_001.h5,mm/day,cm^3/cm^3,60.65,MODERATE,"[""Heavy 1-day rainfall accumulation (57.6 mm/day)""]",PROTOTYPE OPERATIONAL TRIGGER PARAMETERS — REQUIRES REGIONAL SCIENTIFIC CALIBRATION
GSI_SITE_06,Lalpani slide (Hailakandi),Assam,24.44,92.56,2025-08-26,55.334991455078125,87.47999238967896,156.34499788284302,,INVALID,N/A,INVALID_RETRIEVAL,VALID,INVALID_RETRIEVAL,PARTIAL_RAINFALL_ONLY,2025-08-26,0,3B-DAY.MS.MRG.3IMERG.20250826-S000000-E235959.V07B.nc4,SMAP_L3_SM_P_20250826_R19240_001.h5,mm/day,cm^3/cm^3,58.26,MODERATE,"[""Heavy 1-day rainfall accumulation (55.3 mm/day)""]",PROTOTYPE OPERATIONAL TRIGGER PARAMETERS — REQUIRES REGIONAL SCIENTIFIC CALIBRATION
GSI_SITE_07,Garapunjislide (Hailakandi),Assam,24.46,92.52,2025-08-26,55.334991455078125,87.47999238967896,156.34499788284302,,INVALID,N/A,INVALID_RETRIEVAL,VALID,INVALID_RETRIEVAL,PARTIAL_RAINFALL_ONLY,2025-08-26,0,3B-DAY.MS.MRG.3IMERG.20250826-S000000-E235959.V07B.nc4,SMAP_L3_SM_P_20250826_R19240_001.h5,mm/day,cm^3/cm^3,58.26,MODERATE,"[""Heavy 1-day rainfall accumulation (55.3 mm/day)""]",PROTOTYPE OPERATIONAL TRIGGER PARAMETERS — REQUIRES REGIONAL SCIENTIFIC CALIBRATION
NER_PILOT_01,"Gangtok, Sikkim",Sikkim,27.33,88.61,2025-08-27,17.145000457763672,37.41999912261963,80.25999641418457,0.27767007052898407,WARNING,AM_PM_MEAN,AM_PM_NON_RECOMMENDED_MEAN,VALID,VALID,COMPLETE,2025-08-27,0,3B-DAY.MS.MRG.3IMERG.20250827-S000000-E235959.V07B.nc4,SMAP_L3_SM_P_20250827_R19240_001.h5,mm/day,cm^3/cm^3,31.39,LOW,"[""Low overall dynamic environmental triggering pressure""]",PROTOTYPE OPERATIONAL TRIGGER PARAMETERS — REQUIRES REGIONAL SCIENTIFIC CALIBRATION
NER_PILOT_02,"Guwahati, Assam",Assam,26.14,91.73,2025-08-27,42.74500274658203,88.76000118255615,110.6849997639656,0.43849626183509827,WARNING,PM_6PM,PM_NON_RECOMMENDED,VALID,VALID,COMPLETE,2025-08-27,0,3B-DAY.MS.MRG.3IMERG.20250827-S000000-E235959.V07B.nc4,SMAP_L3_SM_P_20250827_R19240_001.h5,mm/day,cm^3/cm^3,58.92,MODERATE,"[""High volumetric soil moisture saturation (0.438 cm\u00b3/cm\u00b3)""]",PROTOTYPE OPERATIONAL TRIGGER PARAMETERS — REQUIRES REGIONAL SCIENTIFIC CALIBRATION
NER_PILOT_03,"Shillong, Meghalaya",Meghalaya,25.57,91.88,2025-08-27,3.5149998664855957,70.4099907875061,84.46499133110046,0.3236454725265503,WARNING,AM_PM_MEAN,AM_PM_NON_RECOMMENDED_MEAN,VALID,VALID,COMPLETE,2025-08-27,0,3B-DAY.MS.MRG.3IMERG.20250827-S000000-E235959.V07B.nc4,SMAP_L3_SM_P_20250827_R19240_001.h5,mm/day,cm^3/cm^3,36.28,LOW,"[""High volumetric soil moisture saturation (0.324 cm\u00b3/cm\u00b3)""]",PROTOTYPE OPERATIONAL TRIGGER PARAMETERS — REQUIRES REGIONAL SCIENTIFIC CALIBRATION
NER_PILOT_04,"Aizawl, Mizoram",Mizoram,23.73,92.71,2025-08-27,3.75,21.849998950958252,48.624996304512024,,INVALID,N/A,INVALID_RETRIEVAL,VALID,INVALID_RETRIEVAL,PARTIAL_RAINFALL_ONLY,2025-08-27,0,3B-DAY.MS.MRG.3IMERG.20250827-S000000-E235959.V07B.nc4,SMAP_L3_SM_P_20250827_R19240_001.h5,mm/day,cm^3/cm^3,11.73,LOW,"[""Low overall dynamic environmental triggering pressure""]",PROTOTYPE OPERATIONAL TRIGGER PARAMETERS — REQUIRES REGIONAL SCIENTIFIC CALIBRATION
NER_PILOT_05,"Kohima, Nagaland",Nagaland,25.67,94.11,2025-08-27,10.544999122619629,15.724999457597733,59.25499728322029,0.08456496894359589,WARNING,AM_6AM,AM_NON_RECOMMENDED,VALID,VALID,COMPLETE,2025-08-27,0,3B-DAY.MS.MRG.3IMERG.20250827-S000000-E235959.V07B.nc4,SMAP_L3_SM_P_20250827_R19240_001.h5,mm/day,cm^3/cm^3,14.81,LOW,"[""Low overall dynamic environmental triggering pressure""]",PROTOTYPE OPERATIONAL TRIGGER PARAMETERS — REQUIRES REGIONAL SCIENTIFIC CALIBRATION
NER_PILOT_06,"Imphal, Manipur",Manipur,24.81,93.94,2025-08-27,11.295000076293945,14.040000081062317,87.32000029087067,,INVALID,N/A,INVALID_RETRIEVAL,VALID,INVALID_RETRIEVAL,PARTIAL_RAINFALL_ONLY,2025-08-27,0,3B-DAY.MS.MRG.3IMERG.20250827-S000000-E235959.V07B.nc4,SMAP_L3_SM_P_20250827_R19240_001.h5,mm/day,cm^3/cm^3,16.48,LOW,"[""Low overall dynamic environmental triggering pressure""]",PROTOTYPE OPERATIONAL TRIGGER PARAMETERS — REQUIRES REGIONAL SCIENTIFIC CALIBRATION
NER_PILOT_07,"Itanagar, Arunachal Pradesh",Arunachal Pradesh,27.08,93.61,2025-08-27,8.579998970031738,58.88499164581299,107.74998998641968,0.11659548431634903,WARNING,PM_6PM,PM_NON_RECOMMENDED,VALID,VALID,COMPLETE,2025-08-27,0,3B-DAY.MS.MRG.3IMERG.20250827-S000000-E235959.V07B.nc4,SMAP_L3_SM_P_20250827_R19240_001.h5,mm/day,cm^3/cm^3,28.15,LOW,"[""Low overall dynamic environmental triggering pressure""]",PROTOTYPE OPERATIONAL TRIGGER PARAMETERS — REQUIRES REGIONAL SCIENTIFIC CALIBRATION
NER_PILOT_08,"Agartala, Tripura",Tripura,23.83,91.28,2025-08-27,1.5099999904632568,44.27999567985535,58.0249959230423,0.4560014009475708,RECOMMENDED,PM_6PM,PM_RECOMMENDED,VALID,VALID,COMPLETE,2025-08-27,0,3B-DAY.MS.MRG.3IMERG.20250827-S000000-E235959.V07B.nc4,SMAP_L3_SM_P_20250827_R19240_001.h5,mm/day,cm^3/cm^3,33.95,LOW,"[""High volumetric soil moisture saturation (0.456 cm\u00b3/cm\u00b3)""]",PROTOTYPE OPERATIONAL TRIGGER PARAMETERS — REQUIRES REGIONAL SCIENTIFIC CALIBRATION
GSI_SITE_01,Kukinala slide (Hailakandi),Assam,24.27,92.5,2025-08-27,8.790000915527344,84.13000106811523,105.75500118732452,0.4560014009475708,RECOMMENDED,PM_6PM,PM_RECOMMENDED,VALID,VALID,COMPLETE,2025-08-27,0,3B-DAY.MS.MRG.3IMERG.20250827-S000000-E235959.V07B.nc4,SMAP_L3_SM_P_20250827_R19240_001.h5,mm/day,cm^3/cm^3,47.92,MODERATE,"[""High volumetric soil moisture saturation (0.456 cm\u00b3/cm\u00b3)""]",PROTOTYPE OPERATIONAL TRIGGER PARAMETERS — REQUIRES REGIONAL SCIENTIFIC CALIBRATION
GSI_SITE_02,Jalnachaura slide (Hailakandi),Assam,24.31,92.56,2025-08-27,9.289999961853027,80.80500507354736,110.6300003528595,0.4560014009475708,RECOMMENDED,PM_6PM,PM_RECOMMENDED,VALID,VALID,COMPLETE,2025-08-27,0,3B-DAY.MS.MRG.3IMERG.20250827-S000000-E235959.V07B.nc4,SMAP_L3_SM_P_20250827_R19240_001.h5,mm/day,cm^3/cm^3,47.8,MODERATE,"[""High volumetric soil moisture saturation (0.456 cm\u00b3/cm\u00b3)""]",PROTOTYPE OPERATIONAL TRIGGER PARAMETERS — REQUIRES REGIONAL SCIENTIFIC CALIBRATION
GSI_SITE_03,Nandagram slide (Hailakandi),Assam,24.32,92.51,2025-08-27,9.289999961853027,80.80500507354736,110.6300003528595,0.4560014009475708,RECOMMENDED,PM_6PM,PM_RECOMMENDED,VALID,VALID,COMPLETE,2025-08-27,0,3B-DAY.MS.MRG.3IMERG.20250827-S000000-E235959.V07B.nc4,SMAP_L3_SM_P_20250827_R19240_001.h5,mm/day,cm^3/cm^3,47.8,MODERATE,"[""High volumetric soil moisture saturation (0.456 cm\u00b3/cm\u00b3)""]",PROTOTYPE OPERATIONAL TRIGGER PARAMETERS — REQUIRES REGIONAL SCIENTIFIC CALIBRATION
GSI_SITE_04,Nishkar slide (Hailakandi),Assam,24.43,92.55,2025-08-27,7.179999351501465,91.10999202728271,130.78999280929565,0.4560014009475708,RECOMMENDED,PM_6PM,PM_RECOMMENDED,VALID,VALID,COMPLETE,2025-08-27,0,3B-DAY.MS.MRG.3IMERG.20250827-S000000-E235959.V07B.nc4,SMAP_L3_SM_P_20250827_R19240_001.h5,mm/day,cm^3/cm^3,50.84,MODERATE,"[""High volumetric soil moisture saturation (0.456 cm\u00b3/cm\u00b3)""]",PROTOTYPE OPERATIONAL TRIGGER PARAMETERS — REQUIRES REGIONAL SCIENTIFIC CALIBRATION
GSI_SITE_05,Paglacherra slide (Karimganj),Assam,24.44,92.5,2025-08-27,2.254999876022339,92.67499423027039,129.31499695777893,0.4560014009475708,RECOMMENDED,PM_6PM,PM_RECOMMENDED,VALID,VALID,COMPLETE,2025-08-27,0,3B-DAY.MS.MRG.3IMERG.20250827-S000000-E235959.V07B.nc4,SMAP_L3_SM_P_20250827_R19240_001.h5,mm/day,cm^3/cm^3,49.56,MODERATE,"[""High volumetric soil moisture saturation (0.456 cm\u00b3/cm\u00b3)""]",PROTOTYPE OPERATIONAL TRIGGER PARAMETERS — REQUIRES REGIONAL SCIENTIFIC CALIBRATION
GSI_SITE_06,Lalpani slide (Hailakandi),Assam,24.44,92.56,2025-08-27,7.179999351501465,91.10999202728271,130.78999280929565,0.4560014009475708,RECOMMENDED,PM_6PM,PM_RECOMMENDED,VALID,VALID,COMPLETE,2025-08-27,0,3B-DAY.MS.MRG.3IMERG.20250827-S000000-E235959.V07B.nc4,SMAP_L3_SM_P_20250827_R19240_001.h5,mm/day,cm^3/cm^3,50.84,MODERATE,"[""High volumetric soil moisture saturation (0.456 cm\u00b3/cm\u00b3)""]",PROTOTYPE OPERATIONAL TRIGGER PARAMETERS — REQUIRES REGIONAL SCIENTIFIC CALIBRATION
GSI_SITE_07,Garapunjislide (Hailakandi),Assam,24.46,92.52,2025-08-27,7.179999351501465,91.10999202728271,130.78999280929565,0.42597272992134094,HIGH,AM_PM_MEAN,AM_PM_RECOMMENDED_MEAN,VALID,VALID,COMPLETE,2025-08-27,0,3B-DAY.MS.MRG.3IMERG.20250827-S000000-E235959.V07B.nc4,SMAP_L3_SM_P_20250827_R19240_001.h5,mm/day,cm^3/cm^3,49.77,MODERATE,"[""High volumetric soil moisture saturation (0.426 cm\u00b3/cm\u00b3)""]",PROTOTYPE OPERATIONAL TRIGGER PARAMETERS — REQUIRES REGIONAL SCIENTIFIC CALIBRATION
NER_PILOT_01,"Gangtok, Sikkim",Sikkim,27.33,88.61,2025-08-28,9.654998779296875,37.029998779296875,66.65999794006348,0.2165604680776596,WARNING,PM_6PM,PM_NON_RECOMMENDED,VALID,VALID,COMPLETE,2025-08-28,0,3B-DAY.MS.MRG.3IMERG.20250828-S000000-E235959.V07B.nc4,SMAP_L3_SM_P_20250828_R19240_001.h5,mm/day,cm^3/cm^3,25.26,LOW,"[""Low overall dynamic environmental triggering pressure""]",PROTOTYPE OPERATIONAL TRIGGER PARAMETERS — REQUIRES REGIONAL SCIENTIFIC CALIBRATION
NER_PILOT_02,"Guwahati, Assam",Assam,26.14,91.73,2025-08-28,21.48999786376953,77.1850004196167,120.63999873399734,,INVALID,N/A,INVALID_RETRIEVAL,VALID,INVALID_RETRIEVAL,PARTIAL_RAINFALL_ONLY,2025-08-28,0,3B-DAY.MS.MRG.3IMERG.20250828-S000000-E235959.V07B.nc4,SMAP_L3_SM_P_20250828_R19240_001.h5,mm/day,cm^3/cm^3,39.42,LOW,"[""Low overall dynamic environmental triggering pressure""]",PROTOTYPE OPERATIONAL TRIGGER PARAMETERS — REQUIRES REGIONAL SCIENTIFIC CALIBRATION
NER_PILOT_03,"Shillong, Meghalaya",Meghalaya,25.57,91.88,2025-08-28,5.570000171661377,47.36499500274658,89.41999155282974,,INVALID,N/A,INVALID_RETRIEVAL,VALID,INVALID_RETRIEVAL,PARTIAL_RAINFALL_ONLY,2025-08-28,0,3B-DAY.MS.MRG.3IMERG.20250828-S000000-E235959.V07B.nc4,SMAP_L3_SM_P_20250828_R19240_001.h5,mm/day,cm^3/cm^3,22.87,LOW,"[""Low overall dynamic environmental triggering pressure""]",PROTOTYPE OPERATIONAL TRIGGER PARAMETERS — REQUIRES REGIONAL SCIENTIFIC CALIBRATION
NER_PILOT_04,"Aizawl, Mizoram",Mizoram,23.73,92.71,2025-08-28,4.304999828338623,14.529999732971191,39.85999834537506,,INVALID,N/A,INVALID_RETRIEVAL,VALID,INVALID_RETRIEVAL,PARTIAL_RAINFALL_ONLY,2025-08-28,0,3B-DAY.MS.MRG.3IMERG.20250828-S000000-E235959.V07B.nc4,SMAP_L3_SM_P_20250828_R19240_001.h5,mm/day,cm^3/cm^3,9.23,LOW,"[""Low overall dynamic environmental triggering pressure""]",PROTOTYPE OPERATIONAL TRIGGER PARAMETERS — REQUIRES REGIONAL SCIENTIFIC CALIBRATION
NER_PILOT_05,"Kohima, Nagaland",Nagaland,25.67,94.11,2025-08-28,6.965000152587891,22.524999618530273,56.4749975502491,,INVALID,N/A,INVALID_RETRIEVAL,VALID,INVALID_RETRIEVAL,PARTIAL_RAINFALL_ONLY,2025-08-28,0,3B-DAY.MS.MRG.3IMERG.20250828-S000000-E235959.V07B.nc4,SMAP_L3_SM_P_20250828_R19240_001.h5,mm/day,cm^3/cm^3,13.89,LOW,"[""Low overall dynamic environmental triggering pressure""]",PROTOTYPE OPERATIONAL TRIGGER PARAMETERS — REQUIRES REGIONAL SCIENTIFIC CALIBRATION
NER_PILOT_06,"Imphal, Manipur",Manipur,24.81,93.94,2025-08-28,2.1599998474121094,15.444999933242798,54.584999680519104,,INVALID,N/A,INVALID_RETRIEVAL,VALID,INVALID_RETRIEVAL,PARTIAL_RAINFALL_ONLY,2025-08-28,0,3B-DAY.MS.MRG.3IMERG.20250828-S000000-E235959.V07B.nc4,SMAP_L3_SM_P_20250828_R19240_001.h5,mm/day,cm^3/cm^3,10.13,LOW,"[""Low overall dynamic environmental triggering pressure""]",PROTOTYPE OPERATIONAL TRIGGER PARAMETERS — REQUIRES REGIONAL SCIENTIFIC CALIBRATION
NER_PILOT_07,"Itanagar, Arunachal Pradesh",Arunachal Pradesh,27.08,93.61,2025-08-28,91.21499633789062,124.16499042510986,189.1799874305725,,INVALID,N/A,INVALID_RETRIEVAL,VALID,INVALID_RETRIEVAL,PARTIAL_RAINFALL_ONLY,2025-08-28,0,3B-DAY.MS.MRG.3IMERG.20250828-S000000-E235959.V07B.nc4,SMAP_L3_SM_P_20250828_R19240_001.h5,mm/day,cm^3/cm^3,84.16,HIGH,"[""Heavy 1-day rainfall accumulation (91.2 mm/day)"", ""High 3-day antecedent precipitation (124.2 mm)"", ""Sustained 7-day antecedent precipitation (189.2 mm)""]",PROTOTYPE OPERATIONAL TRIGGER PARAMETERS — REQUIRES REGIONAL SCIENTIFIC CALIBRATION
NER_PILOT_08,"Agartala, Tripura",Tripura,23.83,91.28,2025-08-28,0.0,15.584999799728394,57.004995942115784,,INVALID,N/A,INVALID_RETRIEVAL,VALID,INVALID_RETRIEVAL,PARTIAL_RAINFALL_ONLY,2025-08-28,0,3B-DAY.MS.MRG.3IMERG.20250828-S000000-E235959.V07B.nc4,SMAP_L3_SM_P_20250828_R19240_001.h5,mm/day,cm^3/cm^3,9.6,LOW,"[""Low overall dynamic environmental triggering pressure""]",PROTOTYPE OPERATIONAL TRIGGER PARAMETERS — REQUIRES REGIONAL SCIENTIFIC CALIBRATION
GSI_SITE_01,Kukinala slide (Hailakandi),Assam,24.27,92.5,2025-08-28,4.140000343322754,51.72499942779541,106.4350014925003,,INVALID,N/A,INVALID_RETRIEVAL,VALID,INVALID_RETRIEVAL,PARTIAL_RAINFALL_ONLY,2025-08-28,0,3B-DAY.MS.MRG.3IMERG.20250828-S000000-E235959.V07B.nc4,SMAP_L3_SM_P_20250828_R19240_001.h5,mm/day,cm^3/cm^3,25.13,LOW,"[""Low overall dynamic environmental triggering pressure""]",PROTOTYPE OPERATIONAL TRIGGER PARAMETERS — REQUIRES REGIONAL SCIENTIFIC CALIBRATION
GSI_SITE_02,Jalnachaura slide (Hailakandi),Assam,24.31,92.56,2025-08-28,0.3149999976158142,60.05500453710556,106.1600005030632,,INVALID,N/A,INVALID_RETRIEVAL,VALID,INVALID_RETRIEVAL,PARTIAL_RAINFALL_ONLY,2025-08-28,0,3B-DAY.MS.MRG.3IMERG.20250828-S000000-E235959.V07B.nc4,SMAP_L3_SM_P_20250828_R19240_001.h5,mm/day,cm^3/cm^3,25.75,LOW,"[""Low overall dynamic environmental triggering pressure""]",PROTOTYPE OPERATIONAL TRIGGER PARAMETERS — REQUIRES REGIONAL SCIENTIFIC CALIBRATION
GSI_SITE_03,Nandagram slide (Hailakandi),Assam,24.32,92.51,2025-08-28,0.3149999976158142,60.05500453710556,106.1600005030632,,INVALID,N/A,INVALID_RETRIEVAL,VALID,INVALID_RETRIEVAL,PARTIAL_RAINFALL_ONLY,2025-08-28,0,3B-DAY.MS.MRG.3IMERG.20250828-S000000-E235959.V07B.nc4,SMAP_L3_SM_P_20250828_R19240_001.h5,mm/day,cm^3/cm^3,25.75,LOW,"[""Low overall dynamic environmental triggering pressure""]",PROTOTYPE OPERATIONAL TRIGGER PARAMETERS — REQUIRES REGIONAL SCIENTIFIC CALIBRATION
GSI_SITE_04,Nishkar slide (Hailakandi),Assam,24.43,92.55,2025-08-28,4.84499979019165,67.35999059677124,132.61499309539795,,INVALID,N/A,INVALID_RETRIEVAL,VALID,INVALID_RETRIEVAL,PARTIAL_RAINFALL_ONLY,2025-08-28,0,3B-DAY.MS.MRG.3IMERG.20250828-S000000-E235959.V07B.nc4,SMAP_L3_SM_P_20250828_R19240_001.h5,mm/day,cm^3/cm^3,31.92,LOW,"[""Low overall dynamic environmental triggering pressure""]",PROTOTYPE OPERATIONAL TRIGGER PARAMETERS — REQUIRES REGIONAL SCIENTIFIC CALIBRATION
GSI_SITE_05,Paglacherra slide (Karimganj),Assam,24.44,92.5,2025-08-28,3.8849997520446777,63.704994440078735,129.4449965953827,,INVALID,N/A,INVALID_RETRIEVAL,VALID,INVALID_RETRIEVAL,PARTIAL_RAINFALL_ONLY,2025-08-28,0,3B-DAY.MS.MRG.3IMERG.20250828-S000000-E235959.V07B.nc4,SMAP_L3_SM_P_20250828_R19240_001.h5,mm/day,cm^3/cm^3,30.33,LOW,"[""Low overall dynamic environmental triggering pressure""]",PROTOTYPE OPERATIONAL TRIGGER PARAMETERS — REQUIRES REGIONAL SCIENTIFIC CALIBRATION
GSI_SITE_06,Lalpani slide (Hailakandi),Assam,24.44,92.56,2025-08-28,4.84499979019165,67.35999059677124,132.61499309539795,,INVALID,N/A,INVALID_RETRIEVAL,VALID,INVALID_RETRIEVAL,PARTIAL_RAINFALL_ONLY,2025-08-28,0,3B-DAY.MS.MRG.3IMERG.20250828-S000000-E235959.V07B.nc4,SMAP_L3_SM_P_20250828_R19240_001.h5,mm/day,cm^3/cm^3,31.92,LOW,"[""Low overall dynamic environmental triggering pressure""]",PROTOTYPE OPERATIONAL TRIGGER PARAMETERS — REQUIRES REGIONAL SCIENTIFIC CALIBRATION
GSI_SITE_07,Garapunjislide (Hailakandi),Assam,24.46,92.52,2025-08-28,4.84499979019165,67.35999059677124,132.61499309539795,,INVALID,N/A,INVALID_RETRIEVAL,VALID,INVALID_RETRIEVAL,PARTIAL_RAINFALL_ONLY,2025-08-28,0,3B-DAY.MS.MRG.3IMERG.20250828-S000000-E235959.V07B.nc4,SMAP_L3_SM_P_20250828_R19240_001.h5,mm/day,cm^3/cm^3,31.92,LOW,"[""Low overall dynamic environmental triggering pressure""]",PROTOTYPE OPERATIONAL TRIGGER PARAMETERS — REQUIRES REGIONAL SCIENTIFIC CALIBRATION
NER_PILOT_01,"Gangtok, Sikkim",Sikkim,27.33,88.61,2025-08-29,12.189998626708984,38.98999786376953,74.51999711990356,0.3062867820262909,WARNING,AM_6AM,AM_NON_RECOMMENDED,VALID,VALID,COMPLETE,2025-08-29,0,3B-DAY.MS.MRG.3IMERG.20250829-S000000-E235959.V07B.nc4,SMAP_L3_SM_P_20250829_R19240_002.h5,mm/day,cm^3/cm^3,31.03,LOW,"[""High volumetric soil moisture saturation (0.306 cm\u00b3/cm\u00b3)""]",PROTOTYPE OPERATIONAL TRIGGER PARAMETERS — REQUIRES REGIONAL SCIENTIFIC CALIBRATION
NER_PILOT_02,"Guwahati, Assam",Assam,26.14,91.73,2025-08-29,7.249999523162842,71.4850001335144,120.52499848604202,,INVALID,N/A,INVALID_RETRIEVAL,VALID,INVALID_RETRIEVAL,PARTIAL_RAINFALL_ONLY,2025-08-29,0,3B-DAY.MS.MRG.3IMERG.20250829-S000000-E235959.V07B.nc4,SMAP_L3_SM_P_20250829_R19240_002.h5,mm/day,cm^3/cm^3,32.64,LOW,"[""Low overall dynamic environmental triggering pressure""]",PROTOTYPE OPERATIONAL TRIGGER PARAMETERS — REQUIRES REGIONAL SCIENTIFIC CALIBRATION
NER_PILOT_03,"Shillong, Meghalaya",Meghalaya,25.57,91.88,2025-08-29,13.835000038146973,22.920000076293945,91.43499094247818,0.3548726737499237,RECOMMENDED,AM_6AM,AM_RECOMMENDED,VALID,VALID,COMPLETE,2025-08-29,0,3B-DAY.MS.MRG.3IMERG.20250829-S000000-E235959.V07B.nc4,SMAP_L3_SM_P_20250829_R19240_002.h5,mm/day,cm^3/cm^3,31.82,LOW,"[""High volumetric soil moisture saturation (0.355 cm\u00b3/cm\u00b3)""]",PROTOTYPE OPERATIONAL TRIGGER PARAMETERS — REQUIRES REGIONAL SCIENTIFIC CALIBRATION
NER_PILOT_04,"Aizawl, Mizoram",Mizoram,23.73,92.71,2025-08-29,51.894996643066406,59.94999647140503,90.53499507904053,,INVALID,N/A,INVALID_RETRIEVAL,VALID,INVALID_RETRIEVAL,PARTIAL_RAINFALL_ONLY,2025-08-29,0,3B-DAY.MS.MRG.3IMERG.20250829-S000000-E235959.V07B.nc4,SMAP_L3_SM_P_20250829_R19240_002.h5,mm/day,cm^3/cm^3,43.5,MODERATE,"[""Heavy 1-day rainfall accumulation (51.9 mm/day)""]",PROTOTYPE OPERATIONAL TRIGGER PARAMETERS — REQUIRES REGIONAL SCIENTIFIC CALIBRATION
NER_PILOT_05,"Kohima, Nagaland",Nagaland,25.67,94.11,2025-08-29,12.57499885559082,30.08499813079834,64.01999667286873,0.12723657488822937,WARNING,AM_6AM,AM_NON_RECOMMENDED,VALID,VALID,COMPLETE,2025-08-29,0,3B-DAY.MS.MRG.3IMERG.20250829-S000000-E235959.V07B.nc4,SMAP_L3_SM_P_20250829_R19240_002.h5,mm/day,cm^3/cm^3,20.57,LOW,"[""Low overall dynamic environmental triggering pressure""]",PROTOTYPE OPERATIONAL TRIGGER PARAMETERS — REQUIRES REGIONAL SCIENTIFIC CALIBRATION
NER_PILOT_06,"Imphal, Manipur",Manipur,24.81,93.94,2025-08-29,51.795005798339844,65.2500057220459,98.93000614643097,,INVALID,N/A,INVALID_RETRIEVAL,VALID,INVALID_RETRIEVAL,PARTIAL_RAINFALL_ONLY,2025-08-29,0,3B-DAY.MS.MRG.3IMERG.20250829-S000000-E235959.V07B.nc4,SMAP_L3_SM_P_20250829_R19240_002.h5,mm/day,cm^3/cm^3,45.63,MODERATE,"[""Heavy 1-day rainfall accumulation (51.8 mm/day)""]",PROTOTYPE OPERATIONAL TRIGGER PARAMETERS — REQUIRES REGIONAL SCIENTIFIC CALIBRATION
NER_PILOT_07,"Itanagar, Arunachal Pradesh",Arunachal Pradesh,27.08,93.61,2025-08-29,57.840003967285156,157.63499927520752,232.3999924659729,0.12209198251366615,WARNING,AM_PM_MEAN,AM_PM_NON_RECOMMENDED_MEAN,VALID,VALID,COMPLETE,2025-08-29,0,3B-DAY.MS.MRG.3IMERG.20250829-S000000-E235959.V07B.nc4,SMAP_L3_SM_P_20250829_R19240_002.h5,mm/day,cm^3/cm^3,71.37,HIGH,"[""Heavy 1-day rainfall accumulation (57.8 mm/day)"", ""High 3-day antecedent precipitation (157.6 mm)"", ""Sustained 7-day antecedent precipitation (232.4 mm)""]",PROTOTYPE OPERATIONAL TRIGGER PARAMETERS — REQUIRES REGIONAL SCIENTIFIC CALIBRATION
NER_PILOT_08,"Agartala, Tripura",Tripura,23.83,91.28,2025-08-29,2.7100000381469727,4.2200000286102295,58.874995946884155,0.47334983944892883,RECOMMENDED,AM_6AM,AM_RECOMMENDED,VALID,VALID,COMPLETE,2025-08-29,0,3B-DAY.MS.MRG.3IMERG.20250829-S000000-E235959.V07B.nc4,SMAP_L3_SM_P_20250829_R19240_002.h5,mm/day,cm^3/cm^3,26.37,LOW,"[""High volumetric soil moisture saturation (0.473 cm\u00b3/cm\u00b3)""]",PROTOTYPE OPERATIONAL TRIGGER PARAMETERS — REQUIRES REGIONAL SCIENTIFIC CALIBRATION
GSI_SITE_01,Kukinala slide (Hailakandi),Assam,24.27,92.5,2025-08-29,11.124999046325684,24.05500030517578,116.21000051498413,0.47334983944892883,RECOMMENDED,AM_6AM,AM_RECOMMENDED,VALID,VALID,COMPLETE,2025-08-29,0,3B-DAY.MS.MRG.3IMERG.20250829-S000000-E235959.V07B.nc4,SMAP_L3_SM_P_20250829_R19240_002.h5,mm/day,cm^3/cm^3,37.45,LOW,"[""High volumetric soil moisture saturation (0.473 cm\u00b3/cm\u00b3)""]",PROTOTYPE OPERATIONAL TRIGGER PARAMETERS — REQUIRES REGIONAL SCIENTIFIC CALIBRATION
GSI_SITE_02,Jalnachaura slide (Hailakandi),Assam,24.31,92.56,2025-08-29,12.03499984741211,21.63999980688095,115.18500059843063,0.47334983944892883,RECOMMENDED,AM_6AM,AM_RECOMMENDED,VALID,VALID,COMPLETE,2025-08-29,0,3B-DAY.MS.MRG.3IMERG.20250829-S000000-E235959.V07B.nc4,SMAP_L3_SM_P_20250829_R19240_002.h5,mm/day,cm^3/cm^3,37.15,LOW,"[""High volumetric soil moisture saturation (0.473 cm\u00b3/cm\u00b3)""]",PROTOTYPE OPERATIONAL TRIGGER PARAMETERS — REQUIRES REGIONAL SCIENTIFIC CALIBRATION
GSI_SITE_03,Nandagram slide (Hailakandi),Assam,24.32,92.51,2025-08-29,12.03499984741211,21.63999980688095,115.18500059843063,0.47334983944892883,RECOMMENDED,AM_6AM,AM_RECOMMENDED,VALID,VALID,COMPLETE,2025-08-29,0,3B-DAY.MS.MRG.3IMERG.20250829-S000000-E235959.V07B.nc4,SMAP_L3_SM_P_20250829_R19240_002.h5,mm/day,cm^3/cm^3,37.15,LOW,"[""High volumetric soil moisture saturation (0.473 cm\u00b3/cm\u00b3)""]",PROTOTYPE OPERATIONAL TRIGGER PARAMETERS — REQUIRES REGIONAL SCIENTIFIC CALIBRATION
GSI_SITE_04,Nishkar slide (Hailakandi),Assam,24.43,92.55,2025-08-29,10.245000839233398,22.269999980926514,136.23999404907227,0.47334983944892883,RECOMMENDED,AM_6AM,AM_RECOMMENDED,VALID,VALID,COMPLETE,2025-08-29,0,3B-DAY.MS.MRG.3IMERG.20250829-S000000-E235959.V07B.nc4,SMAP_L3_SM_P_20250829_R19240_002.h5,mm/day,cm^3/cm^3,38.43,LOW,"[""High volumetric soil moisture saturation (0.473 cm\u00b3/cm\u00b3)""]",PROTOTYPE OPERATIONAL TRIGGER PARAMETERS — REQUIRES REGIONAL SCIENTIFIC CALIBRATION
GSI_SITE_05,Paglacherra slide (Karimganj),Assam,24.44,92.5,2025-08-29,14.414998054504395,20.55499768257141,137.15499424934387,0.47334983944892883,RECOMMENDED,AM_6AM,AM_RECOMMENDED,VALID,VALID,COMPLETE,2025-08-29,0,3B-DAY.MS.MRG.3IMERG.20250829-S000000-E235959.V07B.nc4,SMAP_L3_SM_P_20250829_R19240_002.h5,mm/day,cm^3/cm^3,39.41,LOW,"[""High volumetric soil moisture saturation (0.473 cm\u00b3/cm\u00b3)""]",PROTOTYPE OPERATIONAL TRIGGER PARAMETERS — REQUIRES REGIONAL SCIENTIFIC CALIBRATION
GSI_SITE_06,Lalpani slide (Hailakandi),Assam,24.44,92.56,2025-08-29,10.245000839233398,22.269999980926514,136.23999404907227,0.47334983944892883,RECOMMENDED,AM_6AM,AM_RECOMMENDED,VALID,VALID,COMPLETE,2025-08-29,0,3B-DAY.MS.MRG.3IMERG.20250829-S000000-E235959.V07B.nc4,SMAP_L3_SM_P_20250829_R19240_002.h5,mm/day,cm^3/cm^3,38.43,LOW,"[""High volumetric soil moisture saturation (0.473 cm\u00b3/cm\u00b3)""]",PROTOTYPE OPERATIONAL TRIGGER PARAMETERS — REQUIRES REGIONAL SCIENTIFIC CALIBRATION
GSI_SITE_07,Garapunjislide (Hailakandi),Assam,24.46,92.52,2025-08-29,10.245000839233398,22.269999980926514,136.23999404907227,0.45838847756385803,RECOMMENDED,AM_6AM,AM_RECOMMENDED,VALID,VALID,COMPLETE,2025-08-29,0,3B-DAY.MS.MRG.3IMERG.20250829-S000000-E235959.V07B.nc4,SMAP_L3_SM_P_20250829_R19240_002.h5,mm/day,cm^3/cm^3,38.43,LOW,"[""High volumetric soil moisture saturation (0.458 cm\u00b3/cm\u00b3)""]",PROTOTYPE OPERATIONAL TRIGGER PARAMETERS — REQUIRES REGIONAL SCIENTIFIC CALIBRATION
NER_PILOT_01,"Gangtok, Sikkim",Sikkim,27.33,88.61,2025-08-30,20.289997100830078,42.13499450683594,84.77499341964722,0.2967187464237213,WARNING,PM_6PM,PM_NON_RECOMMENDED,VALID,VALID,COMPLETE,2025-08-30,0,3B-DAY.MS.MRG.3IMERG.20250830-S000000-E235959.V07B.nc4,SMAP_L3_SM_P_20250830_R19240_001.h5,mm/day,cm^3/cm^3,34.48,LOW,"[""Low overall dynamic environmental triggering pressure""]",PROTOTYPE OPERATIONAL TRIGGER PARAMETERS — REQUIRES REGIONAL SCIENTIFIC CALIBRATION
NER_PILOT_02,"Guwahati, Assam",Assam,26.14,91.73,2025-08-30,30.74500274658203,59.485000133514404,150.67000126838684,0.22668279707431793,WARNING,PM_6PM,PM_NON_RECOMMENDED,VALID,VALID,COMPLETE,2025-08-30,0,3B-DAY.MS.MRG.3IMERG.20250830-S000000-E235959.V07B.nc4,SMAP_L3_SM_P_20250830_R19240_001.h5,mm/day,cm^3/cm^3,43.25,MODERATE,"[""Low overall dynamic environmental triggering pressure""]",PROTOTYPE OPERATIONAL TRIGGER PARAMETERS — REQUIRES REGIONAL SCIENTIFIC CALIBRATION
NER_PILOT_03,"Shillong, Meghalaya",Meghalaya,25.57,91.88,2025-08-30,50.18000793457031,69.58500814437866,140.7249988913536,0.20826323330402374,RECOMMENDED,PM_6PM,PM_RECOMMENDED,VALID,VALID,COMPLETE,2025-08-30,0,3B-DAY.MS.MRG.3IMERG.20250830-S000000-E235959.V07B.nc4,SMAP_L3_SM_P_20250830_R19240_001.h5,mm/day,cm^3/cm^3,49.49,MODERATE,"[""Heavy 1-day rainfall accumulation (50.2 mm/day)""]",PROTOTYPE OPERATIONAL TRIGGER PARAMETERS — REQUIRES REGIONAL SCIENTIFIC CALIBRATION
NER_PILOT_04,"Aizawl, Mizoram",Mizoram,23.73,92.71,2025-08-30,122.48499298095703,178.68498945236206,207.19998836517334,,INVALID,N/A,INVALID_RETRIEVAL,VALID,INVALID_RETRIEVAL,PARTIAL_RAINFALL_ONLY,2025-08-30,0,3B-DAY.MS.MRG.3IMERG.20250830-S000000-E235959.V07B.nc4,SMAP_L3_SM_P_20250830_R19240_001.h5,mm/day,cm^3/cm^3,95.72,HIGH,"[""Heavy 1-day rainfall accumulation (122.5 mm/day)"", ""High 3-day antecedent precipitation (178.7 mm)"", ""Sustained 7-day antecedent precipitation (207.2 mm)""]",PROTOTYPE OPERATIONAL TRIGGER PARAMETERS — REQUIRES REGIONAL SCIENTIFIC CALIBRATION
NER_PILOT_05,"Kohima, Nagaland",Nagaland,25.67,94.11,2025-08-30,27.560001373291016,47.10000038146973,83.53499892354012,,INVALID,N/A,INVALID_RETRIEVAL,VALID,INVALID_RETRIEVAL,PARTIAL_RAINFALL_ONLY,2025-08-30,0,3B-DAY.MS.MRG.3IMERG.20250830-S000000-E235959.V07B.nc4,SMAP_L3_SM_P_20250830_R19240_001.h5,mm/day,cm^3/cm^3,30.46,LOW,"[""Low overall dynamic environmental triggering pressure""]",PROTOTYPE OPERATIONAL TRIGGER PARAMETERS — REQUIRES REGIONAL SCIENTIFIC CALIBRATION
NER_PILOT_06,"Imphal, Manipur",Manipur,24.81,93.94,2025-08-30,5.604999542236328,59.56000518798828,84.9200040102005,,INVALID,N/A,INVALID_RETRIEVAL,VALID,INVALID_RETRIEVAL,PARTIAL_RAINFALL_ONLY,2025-08-30,0,3B-DAY.MS.MRG.3IMERG.20250830-S000000-E235959.V07B.nc4,SMAP_L3_SM_P_20250830_R19240_001.h5,mm/day,cm^3/cm^3,25.48,LOW,"[""Low overall dynamic environmental triggering pressure""]",PROTOTYPE OPERATIONAL TRIGGER PARAMETERS — REQUIRES REGIONAL SCIENTIFIC CALIBRATION
NER_PILOT_07,"Itanagar, Arunachal Pradesh",Arunachal Pradesh,27.08,93.61,2025-08-30,9.814997673034668,158.86999797821045,235.2049903869629,0.12234261631965637,WARNING,AM_6AM,AM_NON_RECOMMENDED,VALID,VALID,COMPLETE,2025-08-30,0,3B-DAY.MS.MRG.3IMERG.20250830-S000000-E235959.V07B.nc4,SMAP_L3_SM_P_20250830_R19240_001.h5,mm/day,cm^3/cm^3,57.2,MODERATE,"[""High 3-day antecedent precipitation (158.9 mm)"", ""Sustained 7-day antecedent precipitation (235.2 mm)""]",PROTOTYPE OPERATIONAL TRIGGER PARAMETERS — REQUIRES REGIONAL SCIENTIFIC CALIBRATION
NER_PILOT_08,"Agartala, Tripura",Tripura,23.83,91.28,2025-08-30,5.014999866485596,7.724999904632568,53.254995584487915,0.4778634011745453,RECOMMENDED,PM_6PM,PM_RECOMMENDED,VALID,VALID,COMPLETE,2025-08-30,0,3B-DAY.MS.MRG.3IMERG.20250830-S000000-E235959.V07B.nc4,SMAP_L3_SM_P_20250830_R19240_001.h5,mm/day,cm^3/cm^3,27.31,LOW,"[""High volumetric soil moisture saturation (0.478 cm\u00b3/cm\u00b3)""]",PROTOTYPE OPERATIONAL TRIGGER PARAMETERS — REQUIRES REGIONAL SCIENTIFIC CALIBRATION
GSI_SITE_01,Kukinala slide (Hailakandi),Assam,24.27,92.5,2025-08-30,37.18000030517578,52.44499969482422,137.97000074386597,0.4778634011745453,RECOMMENDED,PM_6PM,PM_RECOMMENDED,VALID,VALID,COMPLETE,2025-08-30,0,3B-DAY.MS.MRG.3IMERG.20250830-S000000-E235959.V07B.nc4,SMAP_L3_SM_P_20250830_R19240_001.h5,mm/day,cm^3/cm^3,52.68,MODERATE,"[""High volumetric soil moisture saturation (0.478 cm\u00b3/cm\u00b3)""]",PROTOTYPE OPERATIONAL TRIGGER PARAMETERS — REQUIRES REGIONAL SCIENTIFIC CALIBRATION
GSI_SITE_02,Jalnachaura slide (Hailakandi),Assam,24.31,92.56,2025-08-30,22.424999237060547,34.77499908208847,118.13000410795212,0.4778634011745453,RECOMMENDED,PM_6PM,PM_RECOMMENDED,VALID,VALID,COMPLETE,2025-08-30,0,3B-DAY.MS.MRG.3IMERG.20250830-S000000-E235959.V07B.nc4,SMAP_L3_SM_P_20250830_R19240_001.h5,mm/day,cm^3/cm^3,43.13,MODERATE,"[""High volumetric soil moisture saturation (0.478 cm\u00b3/cm\u00b3)""]",PROTOTYPE OPERATIONAL TRIGGER PARAMETERS — REQUIRES REGIONAL SCIENTIFIC CALIBRATION
GSI_SITE_03,Nandagram slide (Hailakandi),Assam,24.32,92.51,2025-08-30,22.424999237060547,34.77499908208847,118.13000410795212,0.4778634011745453,RECOMMENDED,PM_6PM,PM_RECOMMENDED,VALID,VALID,COMPLETE,2025-08-30,0,3B-DAY.MS.MRG.3IMERG.20250830-S000000-E235959.V07B.nc4,SMAP_L3_SM_P_20250830_R19240_001.h5,mm/day,cm^3/cm^3,43.13,MODERATE,"[""High volumetric soil moisture saturation (0.478 cm\u00b3/cm\u00b3)""]",PROTOTYPE OPERATIONAL TRIGGER PARAMETERS — REQUIRES REGIONAL SCIENTIFIC CALIBRATION
GSI_SITE_04,Nishkar slide (Hailakandi),Assam,24.43,92.55,2025-08-30,16.834999084472656,31.924999713897705,126.58499145507812,0.4778634011745453,RECOMMENDED,PM_6PM,PM_RECOMMENDED,VALID,VALID,COMPLETE,2025-08-30,0,3B-DAY.MS.MRG.3IMERG.20250830-S000000-E235959.V07B.nc4,SMAP_L3_SM_P_20250830_R19240_001.h5,mm/day,cm^3/cm^3,41.56,MODERATE,"[""High volumetric soil moisture saturation (0.478 cm\u00b3/cm\u00b3)""]",PROTOTYPE OPERATIONAL TRIGGER PARAMETERS — REQUIRES REGIONAL SCIENTIFIC CALIBRATION
GSI_SITE_05,Paglacherra slide (Karimganj),Assam,24.44,92.5,2025-08-30,12.73499870300293,31.034996509552002,127.35999035835266,0.4778634011745453,RECOMMENDED,PM_6PM,PM_RECOMMENDED,VALID,VALID,COMPLETE,2025-08-30,0,3B-DAY.MS.MRG.3IMERG.20250830-S000000-E235959.V07B.nc4,SMAP_L3_SM_P_20250830_R19240_001.h5,mm/day,cm^3/cm^3,40.22,MODERATE,"[""High volumetric soil moisture saturation (0.478 cm\u00b3/cm\u00b3)""]",PROTOTYPE OPERATIONAL TRIGGER PARAMETERS — REQUIRES REGIONAL SCIENTIFIC CALIBRATION
GSI_SITE_06,Lalpani slide (Hailakandi),Assam,24.44,92.56,2025-08-30,16.834999084472656,31.924999713897705,126.58499145507812,0.4778634011745453,RECOMMENDED,PM_6PM,PM_RECOMMENDED,VALID,VALID,COMPLETE,2025-08-30,0,3B-DAY.MS.MRG.3IMERG.20250830-S000000-E235959.V07B.nc4,SMAP_L3_SM_P_20250830_R19240_001.h5,mm/day,cm^3/cm^3,41.56,MODERATE,"[""High volumetric soil moisture saturation (0.478 cm\u00b3/cm\u00b3)""]",PROTOTYPE OPERATIONAL TRIGGER PARAMETERS — REQUIRES REGIONAL SCIENTIFIC CALIBRATION
GSI_SITE_07,Garapunjislide (Hailakandi),Assam,24.46,92.52,2025-08-30,16.834999084472656,31.924999713897705,126.58499145507812,0.4494430720806122,RECOMMENDED,PM_6PM,PM_RECOMMENDED,VALID,VALID,COMPLETE,2025-08-30,0,3B-DAY.MS.MRG.3IMERG.20250830-S000000-E235959.V07B.nc4,SMAP_L3_SM_P_20250830_R19240_001.h5,mm/day,cm^3/cm^3,41.54,MODERATE,"[""High volumetric soil moisture saturation (0.449 cm\u00b3/cm\u00b3)""]",PROTOTYPE OPERATIONAL TRIGGER PARAMETERS — REQUIRES REGIONAL SCIENTIFIC CALIBRATION
NER_PILOT_01,"Gangtok, Sikkim",Sikkim,27.33,88.61,2025-08-31,13.625000953674316,46.10499668121338,93.17999458312988,,INVALID,N/A,INVALID_RETRIEVAL,VALID,INVALID_RETRIEVAL,PARTIAL_RAINFALL_ONLY,2025-08-31,0,3B-DAY.MS.MRG.3IMERG.20250831-S000000-E235959.V07B.nc4,SMAP_L3_SM_P_20250831_R19240_002.h5,mm/day,cm^3/cm^3,25.95,LOW,"[""Low overall dynamic environmental triggering pressure""]",PROTOTYPE OPERATIONAL TRIGGER PARAMETERS — REQUIRES REGIONAL SCIENTIFIC CALIBRATION
NER_PILOT_02,"Guwahati, Assam",Assam,26.14,91.73,2025-08-31,11.52500057220459,49.52000284194946,159.77000188827515,,INVALID,N/A,INVALID_RETRIEVAL,VALID,INVALID_RETRIEVAL,PARTIAL_RAINFALL_ONLY,2025-08-31,0,3B-DAY.MS.MRG.3IMERG.20250831-S000000-E235959.V07B.nc4,SMAP_L3_SM_P_20250831_R19240_002.h5,mm/day,cm^3/cm^3,32.68,LOW,"[""Low overall dynamic environmental triggering pressure""]",PROTOTYPE OPERATIONAL TRIGGER PARAMETERS — REQUIRES REGIONAL SCIENTIFIC CALIBRATION
NER_PILOT_03,"Shillong, Meghalaya",Meghalaya,25.57,91.88,2025-08-31,38.429996490478516,102.4450044631958,178.42499542236328,,INVALID,N/A,INVALID_RETRIEVAL,VALID,INVALID_RETRIEVAL,PARTIAL_RAINFALL_ONLY,2025-08-31,0,3B-DAY.MS.MRG.3IMERG.20250831-S000000-E235959.V07B.nc4,SMAP_L3_SM_P_20250831_R19240_002.h5,mm/day,cm^3/cm^3,57.86,MODERATE,"[""High 3-day antecedent precipitation (102.4 mm)"", ""Sustained 7-day antecedent precipitation (178.4 mm)""]",PROTOTYPE OPERATIONAL TRIGGER PARAMETERS — REQUIRES REGIONAL SCIENTIFIC CALIBRATION
NER_PILOT_04,"Aizawl, Mizoram",Mizoram,23.73,92.71,2025-08-31,14.439998626708984,188.81998825073242,214.9749870300293,,INVALID,N/A,INVALID_RETRIEVAL,VALID,INVALID_RETRIEVAL,PARTIAL_RAINFALL_ONLY,2025-08-31,0,3B-DAY.MS.MRG.3IMERG.20250831-S000000-E235959.V07B.nc4,SMAP_L3_SM_P_20250831_R19240_002.h5,mm/day,cm^3/cm^3,64.41,MODERATE,"[""High 3-day antecedent precipitation (188.8 mm)"", ""Sustained 7-day antecedent precipitation (215.0 mm)""]",PROTOTYPE OPERATIONAL TRIGGER PARAMETERS — REQUIRES REGIONAL SCIENTIFIC CALIBRATION
NER_PILOT_05,"Kohima, Nagaland",Nagaland,25.67,94.11,2025-08-31,16.600000381469727,56.73500061035156,79.42500022053719,,INVALID,N/A,INVALID_RETRIEVAL,VALID,INVALID_RETRIEVAL,PARTIAL_RAINFALL_ONLY,2025-08-31,0,3B-DAY.MS.MRG.3IMERG.20250831-S000000-E235959.V07B.nc4,SMAP_L3_SM_P_20250831_R19240_002.h5,mm/day,cm^3/cm^3,28.35,LOW,"[""Low overall dynamic environmental triggering pressure""]",PROTOTYPE OPERATIONAL TRIGGER PARAMETERS — REQUIRES REGIONAL SCIENTIFIC CALIBRATION
NER_PILOT_06,"Imphal, Manipur",Manipur,24.81,93.94,2025-08-31,0.02499999850988388,57.425005339086056,73.62500526756048,,INVALID,N/A,INVALID_RETRIEVAL,VALID,INVALID_RETRIEVAL,PARTIAL_RAINFALL_ONLY,2025-08-31,0,3B-DAY.MS.MRG.3IMERG.20250831-S000000-E235959.V07B.nc4,SMAP_L3_SM_P_20250831_R19240_002.h5,mm/day,cm^3/cm^3,21.73,LOW,"[""Low overall dynamic environmental triggering pressure""]",PROTOTYPE OPERATIONAL TRIGGER PARAMETERS — REQUIRES REGIONAL SCIENTIFIC CALIBRATION
NER_PILOT_07,"Itanagar, Arunachal Pradesh",Arunachal Pradesh,27.08,93.61,2025-08-31,4.035000324249268,71.69000196456909,221.7899899482727,,INVALID,N/A,INVALID_RETRIEVAL,VALID,INVALID_RETRIEVAL,PARTIAL_RAINFALL_ONLY,2025-08-31,0,3B-DAY.MS.MRG.3IMERG.20250831-S000000-E235959.V07B.nc4,SMAP_L3_SM_P_20250831_R19240_002.h5,mm/day,cm^3/cm^3,41.61,MODERATE,"[""Sustained 7-day antecedent precipitation (221.8 mm)""]",PROTOTYPE OPERATIONAL TRIGGER PARAMETERS — REQUIRES REGIONAL SCIENTIFIC CALIBRATION
NER_PILOT_08,"Agartala, Tripura",Tripura,23.83,91.28,2025-08-31,1.3849999904632568,9.109999895095825,53.38999557495117,,INVALID,N/A,INVALID_RETRIEVAL,VALID,INVALID_RETRIEVAL,PARTIAL_RAINFALL_ONLY,2025-08-31,0,3B-DAY.MS.MRG.3IMERG.20250831-S000000-E235959.V07B.nc4,SMAP_L3_SM_P_20250831_R19240_002.h5,mm/day,cm^3/cm^3,8.14,LOW,"[""Low overall dynamic environmental triggering pressure""]",PROTOTYPE OPERATIONAL TRIGGER PARAMETERS — REQUIRES REGIONAL SCIENTIFIC CALIBRATION
GSI_SITE_01,Kukinala slide (Hailakandi),Assam,24.27,92.5,2025-08-31,1.1049998998641968,49.40999925136566,137.68000066280365,,INVALID,N/A,INVALID_RETRIEVAL,VALID,INVALID_RETRIEVAL,PARTIAL_RAINFALL_ONLY,2025-08-31,0,3B-DAY.MS.MRG.3IMERG.20250831-S000000-E235959.V07B.nc4,SMAP_L3_SM_P_20250831_R19240_002.h5,mm/day,cm^3/cm^3,26.53,LOW,"[""Low overall dynamic environmental triggering pressure""]",PROTOTYPE OPERATIONAL TRIGGER PARAMETERS — REQUIRES REGIONAL SCIENTIFIC CALIBRATION
GSI_SITE_02,Jalnachaura slide (Hailakandi),Assam,24.31,92.56,2025-08-31,0.3199999928474426,34.7799990773201,115.90000414848328,,INVALID,N/A,INVALID_RETRIEVAL,VALID,INVALID_RETRIEVAL,PARTIAL_RAINFALL_ONLY,2025-08-31,0,3B-DAY.MS.MRG.3IMERG.20250831-S000000-E235959.V07B.nc4,SMAP_L3_SM_P_20250831_R19240_002.h5,mm/day,cm^3/cm^3,20.41,LOW,"[""Low overall dynamic environmental triggering pressure""]",PROTOTYPE OPERATIONAL TRIGGER PARAMETERS — REQUIRES REGIONAL SCIENTIFIC CALIBRATION
GSI_SITE_03,Nandagram slide (Hailakandi),Assam,24.32,92.51,2025-08-31,0.3199999928474426,34.7799990773201,115.90000414848328,,INVALID,N/A,INVALID_RETRIEVAL,VALID,INVALID_RETRIEVAL,PARTIAL_RAINFALL_ONLY,2025-08-31,0,3B-DAY.MS.MRG.3IMERG.20250831-S000000-E235959.V07B.nc4,SMAP_L3_SM_P_20250831_R19240_002.h5,mm/day,cm^3/cm^3,20.41,LOW,"[""Low overall dynamic environmental triggering pressure""]",PROTOTYPE OPERATIONAL TRIGGER PARAMETERS — REQUIRES REGIONAL SCIENTIFIC CALIBRATION
GSI_SITE_04,Nishkar slide (Hailakandi),Assam,24.43,92.55,2025-08-31,1.1299999952316284,28.209999918937683,124.16499173641205,,INVALID,N/A,INVALID_RETRIEVAL,VALID,INVALID_RETRIEVAL,PARTIAL_RAINFALL_ONLY,2025-08-31,0,3B-DAY.MS.MRG.3IMERG.20250831-S000000-E235959.V07B.nc4,SMAP_L3_SM_P_20250831_R19240_002.h5,mm/day,cm^3/cm^3,19.89,LOW,"[""Low overall dynamic environmental triggering pressure""]",PROTOTYPE OPERATIONAL TRIGGER PARAMETERS — REQUIRES REGIONAL SCIENTIFIC CALIBRATION
GSI_SITE_05,Paglacherra slide (Karimganj),Assam,24.44,92.5,2025-08-31,1.4900000095367432,28.639996767044067,125.19999074935913,,INVALID,N/A,INVALID_RETRIEVAL,VALID,INVALID_RETRIEVAL,PARTIAL_RAINFALL_ONLY,2025-08-31,0,3B-DAY.MS.MRG.3IMERG.20250831-S000000-E235959.V07B.nc4,SMAP_L3_SM_P_20250831_R19240_002.h5,mm/day,cm^3/cm^3,20.24,LOW,"[""Low overall dynamic environmental triggering pressure""]",PROTOTYPE OPERATIONAL TRIGGER PARAMETERS — REQUIRES REGIONAL SCIENTIFIC CALIBRATION
GSI_SITE_06,Lalpani slide (Hailakandi),Assam,24.44,92.56,2025-08-31,1.1299999952316284,28.209999918937683,124.16499173641205,,INVALID,N/A,INVALID_RETRIEVAL,VALID,INVALID_RETRIEVAL,PARTIAL_RAINFALL_ONLY,2025-08-31,0,3B-DAY.MS.MRG.3IMERG.20250831-S000000-E235959.V07B.nc4,SMAP_L3_SM_P_20250831_R19240_002.h5,mm/day,cm^3/cm^3,19.89,LOW,"[""Low overall dynamic environmental triggering pressure""]",PROTOTYPE OPERATIONAL TRIGGER PARAMETERS — REQUIRES REGIONAL SCIENTIFIC CALIBRATION
GSI_SITE_07,Garapunjislide (Hailakandi),Assam,24.46,92.52,2025-08-31,1.1299999952316284,28.209999918937683,124.16499173641205,,INVALID,N/A,INVALID_RETRIEVAL,VALID,INVALID_RETRIEVAL,PARTIAL_RAINFALL_ONLY,2025-08-31,0,3B-DAY.MS.MRG.3IMERG.20250831-S000000-E235959.V07B.nc4,SMAP_L3_SM_P_20250831_R19240_002.h5,mm/day,cm^3/cm^3,19.89,LOW,"[""Low overall dynamic environmental triggering pressure""]",PROTOTYPE OPERATIONAL TRIGGER PARAMETERS — REQUIRES REGIONAL SCIENTIFIC CALIBRATION
NER_PILOT_01,"Gangtok, Sikkim",Sikkim,27.33,88.61,2025-09-01,3.864999771118164,37.77999782562256,86.99999523162842,0.37751030921936035,WARNING,AM_6AM,AM_NON_RECOMMENDED,VALID,VALID,COMPLETE,2025-09-01,0,3B-DAY.MS.MRG.3IMERG.20250901-S000000-E235959.V07B.nc4,SMAP_L3_SM_P_20250901_R19240_001.h5,mm/day,cm^3/cm^3,32.45,LOW,"[""High volumetric soil moisture saturation (0.378 cm\u00b3/cm\u00b3)""]",PROTOTYPE OPERATIONAL TRIGGER PARAMETERS — REQUIRES REGIONAL SCIENTIFIC CALIBRATION
NER_PILOT_02,"Guwahati, Assam",Assam,26.14,91.73,2025-09-01,0.6000000238418579,42.87000334262848,127.30500328540802,0.33404919505119324,WARNING,AM_6AM,AM_NON_RECOMMENDED,VALID,VALID,COMPLETE,2025-09-01,0,3B-DAY.MS.MRG.3IMERG.20250901-S000000-E235959.V07B.nc4,SMAP_L3_SM_P_20250901_R19240_001.h5,mm/day,cm^3/cm^3,33.79,LOW,"[""High volumetric soil moisture saturation (0.334 cm\u00b3/cm\u00b3)""]",PROTOTYPE OPERATIONAL TRIGGER PARAMETERS — REQUIRES REGIONAL SCIENTIFIC CALIBRATION
NER_PILOT_03,"Shillong, Meghalaya",Meghalaya,25.57,91.88,2025-09-01,0.009999999776482582,88.62000442482531,149.81999946571887,0.2812986969947815,RECOMMENDED,AM_6AM,AM_RECOMMENDED,VALID,VALID,COMPLETE,2025-09-01,0,3B-DAY.MS.MRG.3IMERG.20250901-S000000-E235959.V07B.nc4,SMAP_L3_SM_P_20250901_R19240_001.h5,mm/day,cm^3/cm^3,42.21,MODERATE,"[""Low overall dynamic environmental triggering pressure""]",PROTOTYPE OPERATIONAL TRIGGER PARAMETERS — REQUIRES REGIONAL SCIENTIFIC CALIBRATION
NER_PILOT_04,"Aizawl, Mizoram",Mizoram,23.73,92.71,2025-09-01,0.07499999552965164,136.99999160319567,203.42498797923326,,INVALID,N/A,INVALID_RETRIEVAL,VALID,INVALID_RETRIEVAL,PARTIAL_RAINFALL_ONLY,2025-09-01,0,3B-DAY.MS.MRG.3IMERG.20250901-S000000-E235959.V07B.nc4,SMAP_L3_SM_P_20250901_R19240_001.h5,mm/day,cm^3/cm^3,54.62,MODERATE,"[""High 3-day antecedent precipitation (137.0 mm)"", ""Sustained 7-day antecedent precipitation (203.4 mm)""]",PROTOTYPE OPERATIONAL TRIGGER PARAMETERS — REQUIRES REGIONAL SCIENTIFIC CALIBRATION
NER_PILOT_05,"Kohima, Nagaland",Nagaland,25.67,94.11,2025-09-01,0.23499999940395355,44.395001754164696,79.49500022828579,0.020006703212857246,WARNING,PM_6PM,PM_NON_RECOMMENDED,VALID,VALID,COMPLETE,2025-09-01,0,3B-DAY.MS.MRG.3IMERG.20250901-S000000-E235959.V07B.nc4,SMAP_L3_SM_P_20250901_R19240_001.h5,mm/day,cm^3/cm^3,16.2,LOW,"[""Low overall dynamic environmental triggering pressure""]",PROTOTYPE OPERATIONAL TRIGGER PARAMETERS — REQUIRES REGIONAL SCIENTIFIC CALIBRATION
NER_PILOT_06,"Imphal, Manipur",Manipur,24.81,93.94,2025-09-01,0.9249999523162842,6.554999493062496,73.79500522464514,,INVALID,N/A,INVALID_RETRIEVAL,VALID,INVALID_RETRIEVAL,PARTIAL_RAINFALL_ONLY,2025-09-01,0,3B-DAY.MS.MRG.3IMERG.20250901-S000000-E235959.V07B.nc4,SMAP_L3_SM_P_20250901_R19240_001.h5,mm/day,cm^3/cm^3,9.37,LOW,"[""Low overall dynamic environmental triggering pressure""]",PROTOTYPE OPERATIONAL TRIGGER PARAMETERS — REQUIRES REGIONAL SCIENTIFIC CALIBRATION
NER_PILOT_07,"Itanagar, Arunachal Pradesh",Arunachal Pradesh,27.08,93.61,2025-09-01,0.675000011920929,14.524998009204865,196.52999240159988,0.038921620696783066,WARNING,PM_6PM,PM_NON_RECOMMENDED,VALID,VALID,COMPLETE,2025-09-01,0,3B-DAY.MS.MRG.3IMERG.20250901-S000000-E235959.V07B.nc4,SMAP_L3_SM_P_20250901_R19240_001.h5,mm/day,cm^3/cm^3,20.56,LOW,"[""Sustained 7-day antecedent precipitation (196.5 mm)""]",PROTOTYPE OPERATIONAL TRIGGER PARAMETERS — REQUIRES REGIONAL SCIENTIFIC CALIBRATION
NER_PILOT_08,"Agartala, Tripura",Tripura,23.83,91.28,2025-09-01,7.5199995040893555,13.919999361038208,32.214999198913574,0.48946163058280945,RECOMMENDED,AM_6AM,AM_RECOMMENDED,VALID,VALID,COMPLETE,2025-09-01,0,3B-DAY.MS.MRG.3IMERG.20250901-S000000-E235959.V07B.nc4,SMAP_L3_SM_P_20250901_R19240_001.h5,mm/day,cm^3/cm^3,27.62,LOW,"[""High volumetric soil moisture saturation (0.489 cm\u00b3/cm\u00b3)""]",PROTOTYPE OPERATIONAL TRIGGER PARAMETERS — REQUIRES REGIONAL SCIENTIFIC CALIBRATION
GSI_SITE_01,Kukinala slide (Hailakandi),Assam,24.27,92.5,2025-09-01,0.0,38.28500020503998,101.13499867916107,0.48946163058280945,RECOMMENDED,AM_6AM,AM_RECOMMENDED,VALID,VALID,COMPLETE,2025-09-01,0,3B-DAY.MS.MRG.3IMERG.20250901-S000000-E235959.V07B.nc4,SMAP_L3_SM_P_20250901_R19240_001.h5,mm/day,cm^3/cm^3,35.75,LOW,"[""High volumetric soil moisture saturation (0.489 cm\u00b3/cm\u00b3)""]",PROTOTYPE OPERATIONAL TRIGGER PARAMETERS — REQUIRES REGIONAL SCIENTIFIC CALIBRATION
GSI_SITE_02,Jalnachaura slide (Hailakandi),Assam,24.31,92.56,2025-09-01,0.5499999523162842,23.294999182224274,95.38500356674194,0.48946163058280945,RECOMMENDED,AM_6AM,AM_RECOMMENDED,VALID,VALID,COMPLETE,2025-09-01,0,3B-DAY.MS.MRG.3IMERG.20250901-S000000-E235959.V07B.nc4,SMAP_L3_SM_P_20250901_R19240_001.h5,mm/day,cm^3/cm^3,32.45,LOW,"[""High volumetric soil moisture saturation (0.489 cm\u00b3/cm\u00b3)""]",PROTOTYPE OPERATIONAL TRIGGER PARAMETERS — REQUIRES REGIONAL SCIENTIFIC CALIBRATION
GSI_SITE_03,Nandagram slide (Hailakandi),Assam,24.32,92.51,2025-09-01,0.5499999523162842,23.294999182224274,95.38500356674194,0.48946163058280945,RECOMMENDED,AM_6AM,AM_RECOMMENDED,VALID,VALID,COMPLETE,2025-09-01,0,3B-DAY.MS.MRG.3IMERG.20250901-S000000-E235959.V07B.nc4,SMAP_L3_SM_P_20250901_R19240_001.h5,mm/day,cm^3/cm^3,32.45,LOW,"[""High volumetric soil moisture saturation (0.489 cm\u00b3/cm\u00b3)""]",PROTOTYPE OPERATIONAL TRIGGER PARAMETERS — REQUIRES REGIONAL SCIENTIFIC CALIBRATION
GSI_SITE_04,Nishkar slide (Hailakandi),Assam,24.43,92.55,2025-09-01,0.8300000429153442,18.79499912261963,96.39999055862427,0.48946163058280945,RECOMMENDED,AM_6AM,AM_RECOMMENDED,VALID,VALID,COMPLETE,2025-09-01,0,3B-DAY.MS.MRG.3IMERG.20250901-S000000-E235959.V07B.nc4,SMAP_L3_SM_P_20250901_R19240_001.h5,mm/day,cm^3/cm^3,31.72,LOW,"[""High volumetric soil moisture saturation (0.489 cm\u00b3/cm\u00b3)""]",PROTOTYPE OPERATIONAL TRIGGER PARAMETERS — REQUIRES REGIONAL SCIENTIFIC CALIBRATION
GSI_SITE_05,Paglacherra slide (Karimganj),Assam,24.44,92.5,2025-09-01,0.7199999690055847,14.944998681545258,93.06499117612839,0.48946163058280945,RECOMMENDED,AM_6AM,AM_RECOMMENDED,VALID,VALID,COMPLETE,2025-09-01,0,3B-DAY.MS.MRG.3IMERG.20250901-S000000-E235959.V07B.nc4,SMAP_L3_SM_P_20250901_R19240_001.h5,mm/day,cm^3/cm^3,30.65,LOW,"[""High volumetric soil moisture saturation (0.489 cm\u00b3/cm\u00b3)""]",PROTOTYPE OPERATIONAL TRIGGER PARAMETERS — REQUIRES REGIONAL SCIENTIFIC CALIBRATION
GSI_SITE_06,Lalpani slide (Hailakandi),Assam,24.44,92.56,2025-09-01,0.8300000429153442,18.79499912261963,96.39999055862427,0.48946163058280945,RECOMMENDED,AM_6AM,AM_RECOMMENDED,VALID,VALID,COMPLETE,2025-09-01,0,3B-DAY.MS.MRG.3IMERG.20250901-S000000-E235959.V07B.nc4,SMAP_L3_SM_P_20250901_R19240_001.h5,mm/day,cm^3/cm^3,31.72,LOW,"[""High volumetric soil moisture saturation (0.489 cm\u00b3/cm\u00b3)""]",PROTOTYPE OPERATIONAL TRIGGER PARAMETERS — REQUIRES REGIONAL SCIENTIFIC CALIBRATION
GSI_SITE_07,Garapunjislide (Hailakandi),Assam,24.46,92.52,2025-09-01,0.8300000429153442,18.79499912261963,96.39999055862427,0.4130469858646393,RECOMMENDED,AM_6AM,AM_RECOMMENDED,VALID,VALID,COMPLETE,2025-09-01,0,3B-DAY.MS.MRG.3IMERG.20250901-S000000-E235959.V07B.nc4,SMAP_L3_SM_P_20250901_R19240_001.h5,mm/day,cm^3/cm^3,30.08,LOW,"[""High volumetric soil moisture saturation (0.413 cm\u00b3/cm\u00b3)""]",PROTOTYPE OPERATIONAL TRIGGER PARAMETERS — REQUIRES REGIONAL SCIENTIFIC CALIBRATION
NER_PILOT_01,"Gangtok, Sikkim",Sikkim,27.33,88.61,2025-09-02,3.809999465942383,21.300000190734863,80.57999515533447,0.2155795842409134,WARNING,PM_6PM,PM_NON_RECOMMENDED,VALID,VALID,COMPLETE,2025-09-02,0,3B-DAY.MS.MRG.3IMERG.20250902-S000000-E235959.V07B.nc4,SMAP_L3_SM_P_20250902_R19240_002.h5,mm/day,cm^3/cm^3,21.43,LOW,"[""Low overall dynamic environmental triggering pressure""]",PROTOTYPE OPERATIONAL TRIGGER PARAMETERS — REQUIRES REGIONAL SCIENTIFIC CALIBRATION
NER_PILOT_02,"Guwahati, Assam",Assam,26.14,91.73,2025-09-02,3.625,15.750000596046448,117.98000347614288,0.3899381756782532,WARNING,AM_PM_MEAN,AM_PM_NON_RECOMMENDED_MEAN,VALID,VALID,COMPLETE,2025-09-02,0,3B-DAY.MS.MRG.3IMERG.20250902-S000000-E235959.V07B.nc4,SMAP_L3_SM_P_20250902_R19240_002.h5,mm/day,cm^3/cm^3,31.01,LOW,"[""High volumetric soil moisture saturation (0.390 cm\u00b3/cm\u00b3)""]",PROTOTYPE OPERATIONAL TRIGGER PARAMETERS — REQUIRES REGIONAL SCIENTIFIC CALIBRATION
NER_PILOT_03,"Shillong, Meghalaya",Meghalaya,25.57,91.88,2025-09-02,9.03499984741211,47.47499633766711,120.57500434853137,0.3897656500339508,RECOMMENDED,AM_6AM,AM_RECOMMENDED,VALID,VALID,COMPLETE,2025-09-02,0,3B-DAY.MS.MRG.3IMERG.20250902-S000000-E235959.V07B.nc4,SMAP_L3_SM_P_20250902_R19240_002.h5,mm/day,cm^3/cm^3,39.17,LOW,"[""High volumetric soil moisture saturation (0.390 cm\u00b3/cm\u00b3)""]",PROTOTYPE OPERATIONAL TRIGGER PARAMETERS — REQUIRES REGIONAL SCIENTIFIC CALIBRATION
NER_PILOT_04,"Aizawl, Mizoram",Mizoram,23.73,92.71,2025-09-02,0.9649999737739563,15.479998596012592,197.91498804837465,,INVALID,N/A,INVALID_RETRIEVAL,VALID,INVALID_RETRIEVAL,PARTIAL_RAINFALL_ONLY,2025-09-02,0,3B-DAY.MS.MRG.3IMERG.20250902-S000000-E235959.V07B.nc4,SMAP_L3_SM_P_20250902_R19240_002.h5,mm/day,cm^3/cm^3,24.02,LOW,"[""Sustained 7-day antecedent precipitation (197.9 mm)""]",PROTOTYPE OPERATIONAL TRIGGER PARAMETERS — REQUIRES REGIONAL SCIENTIFIC CALIBRATION
NER_PILOT_05,"Kohima, Nagaland",Nagaland,25.67,94.11,2025-09-02,3.7799997329711914,20.61500011384487,78.25999961793423,,INVALID,N/A,INVALID_RETRIEVAL,VALID,INVALID_RETRIEVAL,PARTIAL_RAINFALL_ONLY,2025-09-02,0,3B-DAY.MS.MRG.3IMERG.20250902-S000000-E235959.V07B.nc4,SMAP_L3_SM_P_20250902_R19240_002.h5,mm/day,cm^3/cm^3,14.4,LOW,"[""Low overall dynamic environmental triggering pressure""]",PROTOTYPE OPERATIONAL TRIGGER PARAMETERS — REQUIRES REGIONAL SCIENTIFIC CALIBRATION
NER_PILOT_06,"Imphal, Manipur",Manipur,24.81,93.94,2025-09-02,8.234999656677246,9.184999607503414,80.04000487178564,,INVALID,N/A,INVALID_RETRIEVAL,VALID,INVALID_RETRIEVAL,PARTIAL_RAINFALL_ONLY,2025-09-02,0,3B-DAY.MS.MRG.3IMERG.20250902-S000000-E235959.V07B.nc4,SMAP_L3_SM_P_20250902_R19240_002.h5,mm/day,cm^3/cm^3,13.39,LOW,"[""Low overall dynamic environmental triggering pressure""]",PROTOTYPE OPERATIONAL TRIGGER PARAMETERS — REQUIRES REGIONAL SCIENTIFIC CALIBRATION
NER_PILOT_07,"Itanagar, Arunachal Pradesh",Arunachal Pradesh,27.08,93.61,2025-09-02,5.7300004959106445,10.440000832080841,177.88999778032303,,INVALID,N/A,INVALID_RETRIEVAL,VALID,INVALID_RETRIEVAL,PARTIAL_RAINFALL_ONLY,2025-09-02,0,3B-DAY.MS.MRG.3IMERG.20250902-S000000-E235959.V07B.nc4,SMAP_L3_SM_P_20250902_R19240_002.h5,mm/day,cm^3/cm^3,22.55,LOW,"[""Sustained 7-day antecedent precipitation (177.9 mm)""]",PROTOTYPE OPERATIONAL TRIGGER PARAMETERS — REQUIRES REGIONAL SCIENTIFIC CALIBRATION
NER_PILOT_08,"Agartala, Tripura",Tripura,23.83,91.28,2025-09-02,13.680000305175781,22.584999799728394,31.81999969482422,0.46709656715393066,RECOMMENDED,PM_6PM,PM_RECOMMENDED,VALID,VALID,COMPLETE,2025-09-02,0,3B-DAY.MS.MRG.3IMERG.20250902-S000000-E235959.V07B.nc4,SMAP_L3_SM_P_20250902_R19240_002.h5,mm/day,cm^3/cm^3,31.17,LOW,"[""High volumetric soil moisture saturation (0.467 cm\u00b3/cm\u00b3)""]",PROTOTYPE OPERATIONAL TRIGGER PARAMETERS — REQUIRES REGIONAL SCIENTIFIC CALIBRATION
GSI_SITE_01,Kukinala slide (Hailakandi),Assam,24.27,92.5,2025-09-02,3.069999933242798,4.174999833106995,65.41000044345856,0.46709656715393066,RECOMMENDED,PM_6PM,PM_RECOMMENDED,VALID,VALID,COMPLETE,2025-09-02,0,3B-DAY.MS.MRG.3IMERG.20250902-S000000-E235959.V07B.nc4,SMAP_L3_SM_P_20250902_R19240_002.h5,mm/day,cm^3/cm^3,26.99,LOW,"[""High volumetric soil moisture saturation (0.467 cm\u00b3/cm\u00b3)""]",PROTOTYPE OPERATIONAL TRIGGER PARAMETERS — REQUIRES REGIONAL SCIENTIFIC CALIBRATION
GSI_SITE_02,Jalnachaura slide (Hailakandi),Assam,24.31,92.56,2025-09-02,0.9249999523162842,1.794999897480011,45.85999894142151,0.46709656715393066,RECOMMENDED,PM_6PM,PM_RECOMMENDED,VALID,VALID,COMPLETE,2025-09-02,0,3B-DAY.MS.MRG.3IMERG.20250902-S000000-E235959.V07B.nc4,SMAP_L3_SM_P_20250902_R19240_002.h5,mm/day,cm^3/cm^3,24.31,LOW,"[""High volumetric soil moisture saturation (0.467 cm\u00b3/cm\u00b3)""]",PROTOTYPE OPERATIONAL TRIGGER PARAMETERS — REQUIRES REGIONAL SCIENTIFIC CALIBRATION
GSI_SITE_03,Nandagram slide (Hailakandi),Assam,24.32,92.51,2025-09-02,0.9249999523162842,1.794999897480011,45.85999894142151,0.46709656715393066,RECOMMENDED,PM_6PM,PM_RECOMMENDED,VALID,VALID,COMPLETE,2025-09-02,0,3B-DAY.MS.MRG.3IMERG.20250902-S000000-E235959.V07B.nc4,SMAP_L3_SM_P_20250902_R19240_002.h5,mm/day,cm^3/cm^3,24.31,LOW,"[""High volumetric soil moisture saturation (0.467 cm\u00b3/cm\u00b3)""]",PROTOTYPE OPERATIONAL TRIGGER PARAMETERS — REQUIRES REGIONAL SCIENTIFIC CALIBRATION
GSI_SITE_04,Nishkar slide (Hailakandi),Assam,24.43,92.55,2025-09-02,1.5049998760223389,3.4649999141693115,42.56999897956848,0.46709656715393066,RECOMMENDED,PM_6PM,PM_RECOMMENDED,VALID,VALID,COMPLETE,2025-09-02,0,3B-DAY.MS.MRG.3IMERG.20250902-S000000-E235959.V07B.nc4,SMAP_L3_SM_P_20250902_R19240_002.h5,mm/day,cm^3/cm^3,24.55,LOW,"[""High volumetric soil moisture saturation (0.467 cm\u00b3/cm\u00b3)""]",PROTOTYPE OPERATIONAL TRIGGER PARAMETERS — REQUIRES REGIONAL SCIENTIFIC CALIBRATION
GSI_SITE_05,Paglacherra slide (Karimganj),Assam,24.44,92.5,2025-09-02,2.4699997901916504,4.679999768733978,37.96999615430832,0.46709656715393066,RECOMMENDED,PM_6PM,PM_RECOMMENDED,VALID,VALID,COMPLETE,2025-09-02,0,3B-DAY.MS.MRG.3IMERG.20250902-S000000-E235959.V07B.nc4,SMAP_L3_SM_P_20250902_R19240_002.h5,mm/day,cm^3/cm^3,24.71,LOW,"[""High volumetric soil moisture saturation (0.467 cm\u00b3/cm\u00b3)""]",PROTOTYPE OPERATIONAL TRIGGER PARAMETERS — REQUIRES REGIONAL SCIENTIFIC CALIBRATION
GSI_SITE_06,Lalpani slide (Hailakandi),Assam,24.44,92.56,2025-09-02,1.5049998760223389,3.4649999141693115,42.56999897956848,0.46709656715393066,RECOMMENDED,PM_6PM,PM_RECOMMENDED,VALID,VALID,COMPLETE,2025-09-02,0,3B-DAY.MS.MRG.3IMERG.20250902-S000000-E235959.V07B.nc4,SMAP_L3_SM_P_20250902_R19240_002.h5,mm/day,cm^3/cm^3,24.55,LOW,"[""High volumetric soil moisture saturation (0.467 cm\u00b3/cm\u00b3)""]",PROTOTYPE OPERATIONAL TRIGGER PARAMETERS — REQUIRES REGIONAL SCIENTIFIC CALIBRATION
GSI_SITE_07,Garapunjislide (Hailakandi),Assam,24.46,92.52,2025-09-02,1.5049998760223389,3.4649999141693115,42.56999897956848,0.3969547748565674,RECOMMENDED,PM_6PM,PM_RECOMMENDED,VALID,VALID,COMPLETE,2025-09-02,0,3B-DAY.MS.MRG.3IMERG.20250902-S000000-E235959.V07B.nc4,SMAP_L3_SM_P_20250902_R19240_002.h5,mm/day,cm^3/cm^3,22.19,LOW,"[""High volumetric soil moisture saturation (0.397 cm\u00b3/cm\u00b3)""]",PROTOTYPE OPERATIONAL TRIGGER PARAMETERS — REQUIRES REGIONAL SCIENTIFIC CALIBRATION
NER_PILOT_01,"Gangtok, Sikkim",Sikkim,27.33,88.61,2025-09-03,15.924999237060547,23.599998474121094,79.35999393463135,,INVALID,N/A,INVALID_RETRIEVAL,VALID,INVALID_RETRIEVAL,PARTIAL_RAINFALL_ONLY,2025-09-03,0,3B-DAY.MS.MRG.3IMERG.20250903-S000000-E235959.V07B.nc4,SMAP_L3_SM_P_20250903_R19240_001.h5,mm/day,cm^3/cm^3,19.81,LOW,"[""Low overall dynamic environmental triggering pressure""]",PROTOTYPE OPERATIONAL TRIGGER PARAMETERS — REQUIRES REGIONAL SCIENTIFIC CALIBRATION
NER_PILOT_02,"Guwahati, Assam",Assam,26.14,91.73,2025-09-03,5.974999904632568,10.199999928474426,81.21000063419342,,INVALID,N/A,INVALID_RETRIEVAL,VALID,INVALID_RETRIEVAL,PARTIAL_RAINFALL_ONLY,2025-09-03,0,3B-DAY.MS.MRG.3IMERG.20250903-S000000-E235959.V07B.nc4,SMAP_L3_SM_P_20250903_R19240_001.h5,mm/day,cm^3/cm^3,12.91,LOW,"[""Low overall dynamic environmental triggering pressure""]",PROTOTYPE OPERATIONAL TRIGGER PARAMETERS — REQUIRES REGIONAL SCIENTIFIC CALIBRATION
NER_PILOT_03,"Shillong, Meghalaya",Meghalaya,25.57,91.88,2025-09-03,6.284999847412109,15.329999694600701,123.34500432945788,,INVALID,N/A,INVALID_RETRIEVAL,VALID,INVALID_RETRIEVAL,PARTIAL_RAINFALL_ONLY,2025-09-03,0,3B-DAY.MS.MRG.3IMERG.20250903-S000000-E235959.V07B.nc4,SMAP_L3_SM_P_20250903_R19240_001.h5,mm/day,cm^3/cm^3,18.52,LOW,"[""Low overall dynamic environmental triggering pressure""]",PROTOTYPE OPERATIONAL TRIGGER PARAMETERS — REQUIRES REGIONAL SCIENTIFIC CALIBRATION
NER_PILOT_04,"Aizawl, Mizoram",Mizoram,23.73,92.71,2025-09-03,11.104999542236328,12.144999511539936,205.26998759061098,,INVALID,N/A,INVALID_RETRIEVAL,VALID,INVALID_RETRIEVAL,PARTIAL_RAINFALL_ONLY,2025-09-03,0,3B-DAY.MS.MRG.3IMERG.20250903-S000000-E235959.V07B.nc4,SMAP_L3_SM_P_20250903_R19240_001.h5,mm/day,cm^3/cm^3,27.73,LOW,"[""Sustained 7-day antecedent precipitation (205.3 mm)""]",PROTOTYPE OPERATIONAL TRIGGER PARAMETERS — REQUIRES REGIONAL SCIENTIFIC CALIBRATION
NER_PILOT_05,"Kohima, Nagaland",Nagaland,25.67,94.11,2025-09-03,0.5499999523162842,4.564999684691429,68.26500044763088,,INVALID,N/A,INVALID_RETRIEVAL,VALID,INVALID_RETRIEVAL,PARTIAL_RAINFALL_ONLY,2025-09-03,0,3B-DAY.MS.MRG.3IMERG.20250903-S000000-E235959.V07B.nc4,SMAP_L3_SM_P_20250903_R19240_001.h5,mm/day,cm^3/cm^3,8.17,LOW,"[""Low overall dynamic environmental triggering pressure""]",PROTOTYPE OPERATIONAL TRIGGER PARAMETERS — REQUIRES REGIONAL SCIENTIFIC CALIBRATION
NER_PILOT_06,"Imphal, Manipur",Manipur,24.81,93.94,2025-09-03,0.6100000143051147,9.769999623298645,69.35500480979681,,INVALID,N/A,INVALID_RETRIEVAL,VALID,INVALID_RETRIEVAL,PARTIAL_RAINFALL_ONLY,2025-09-03,0,3B-DAY.MS.MRG.3IMERG.20250903-S000000-E235959.V07B.nc4,SMAP_L3_SM_P_20250903_R19240_001.h5,mm/day,cm^3/cm^3,9.61,LOW,"[""Low overall dynamic environmental triggering pressure""]",PROTOTYPE OPERATIONAL TRIGGER PARAMETERS — REQUIRES REGIONAL SCIENTIFIC CALIBRATION
NER_PILOT_07,"Itanagar, Arunachal Pradesh",Arunachal Pradesh,27.08,93.61,2025-09-03,1.3700000047683716,7.775000512599945,170.67999881505966,,INVALID,N/A,INVALID_RETRIEVAL,VALID,INVALID_RETRIEVAL,PARTIAL_RAINFALL_ONLY,2025-09-03,0,3B-DAY.MS.MRG.3IMERG.20250903-S000000-E235959.V07B.nc4,SMAP_L3_SM_P_20250903_R19240_001.h5,mm/day,cm^3/cm^3,19.53,LOW,"[""Low overall dynamic environmental triggering pressure""]",PROTOTYPE OPERATIONAL TRIGGER PARAMETERS — REQUIRES REGIONAL SCIENTIFIC CALIBRATION
NER_PILOT_08,"Agartala, Tripura",Tripura,23.83,91.28,2025-09-03,7.25,28.449999809265137,37.55999970436096,,INVALID,N/A,INVALID_RETRIEVAL,VALID,INVALID_RETRIEVAL,PARTIAL_RAINFALL_ONLY,2025-09-03,0,3B-DAY.MS.MRG.3IMERG.20250903-S000000-E235959.V07B.nc4,SMAP_L3_SM_P_20250903_R19240_001.h5,mm/day,cm^3/cm^3,13.59,LOW,"[""Low overall dynamic environmental triggering pressure""]",PROTOTYPE OPERATIONAL TRIGGER PARAMETERS — REQUIRES REGIONAL SCIENTIFIC CALIBRATION
GSI_SITE_01,Kukinala slide (Hailakandi),Assam,24.27,92.5,2025-09-03,7.244998931884766,10.314998865127563,63.86499845981598,,INVALID,N/A,INVALID_RETRIEVAL,VALID,INVALID_RETRIEVAL,PARTIAL_RAINFALL_ONLY,2025-09-03,0,3B-DAY.MS.MRG.3IMERG.20250903-S000000-E235959.V07B.nc4,SMAP_L3_SM_P_20250903_R19240_001.h5,mm/day,cm^3/cm^3,11.68,LOW,"[""Low overall dynamic environmental triggering pressure""]",PROTOTYPE OPERATIONAL TRIGGER PARAMETERS — REQUIRES REGIONAL SCIENTIFIC CALIBRATION
GSI_SITE_02,Jalnachaura slide (Hailakandi),Assam,24.31,92.56,2025-09-03,8.305000305175781,9.78000020980835,44.87499928474426,,INVALID,N/A,INVALID_RETRIEVAL,VALID,INVALID_RETRIEVAL,PARTIAL_RAINFALL_ONLY,2025-09-03,0,3B-DAY.MS.MRG.3IMERG.20250903-S000000-E235959.V07B.nc4,SMAP_L3_SM_P_20250903_R19240_001.h5,mm/day,cm^3/cm^3,10.05,LOW,"[""Low overall dynamic environmental triggering pressure""]",PROTOTYPE OPERATIONAL TRIGGER PARAMETERS — REQUIRES REGIONAL SCIENTIFIC CALIBRATION
GSI_SITE_03,Nandagram slide (Hailakandi),Assam,24.32,92.51,2025-09-03,8.305000305175781,9.78000020980835,44.87499928474426,,INVALID,N/A,INVALID_RETRIEVAL,VALID,INVALID_RETRIEVAL,PARTIAL_RAINFALL_ONLY,2025-09-03,0,3B-DAY.MS.MRG.3IMERG.20250903-S000000-E235959.V07B.nc4,SMAP_L3_SM_P_20250903_R19240_001.h5,mm/day,cm^3/cm^3,10.05,LOW,"[""Low overall dynamic environmental triggering pressure""]",PROTOTYPE OPERATIONAL TRIGGER PARAMETERS — REQUIRES REGIONAL SCIENTIFIC CALIBRATION
GSI_SITE_04,Nishkar slide (Hailakandi),Assam,24.43,92.55,2025-09-03,13.564998626708984,15.899998545646667,48.954998254776,,INVALID,N/A,INVALID_RETRIEVAL,VALID,INVALID_RETRIEVAL,PARTIAL_RAINFALL_ONLY,2025-09-03,0,3B-DAY.MS.MRG.3IMERG.20250903-S000000-E235959.V07B.nc4,SMAP_L3_SM_P_20250903_R19240_001.h5,mm/day,cm^3/cm^3,13.96,LOW,"[""Low overall dynamic environmental triggering pressure""]",PROTOTYPE OPERATIONAL TRIGGER PARAMETERS — REQUIRES REGIONAL SCIENTIFIC CALIBRATION
GSI_SITE_05,Paglacherra slide (Karimganj),Assam,24.44,92.5,2025-09-03,9.280000686645508,12.470000445842743,44.99499696493149,,INVALID,N/A,INVALID_RETRIEVAL,VALID,INVALID_RETRIEVAL,PARTIAL_RAINFALL_ONLY,2025-09-03,0,3B-DAY.MS.MRG.3IMERG.20250903-S000000-E235959.V07B.nc4,SMAP_L3_SM_P_20250903_R19240_001.h5,mm/day,cm^3/cm^3,11.1,LOW,"[""Low overall dynamic environmental triggering pressure""]",PROTOTYPE OPERATIONAL TRIGGER PARAMETERS — REQUIRES REGIONAL SCIENTIFIC CALIBRATION
GSI_SITE_06,Lalpani slide (Hailakandi),Assam,24.44,92.56,2025-09-03,13.564998626708984,15.899998545646667,48.954998254776,,INVALID,N/A,INVALID_RETRIEVAL,VALID,INVALID_RETRIEVAL,PARTIAL_RAINFALL_ONLY,2025-09-03,0,3B-DAY.MS.MRG.3IMERG.20250903-S000000-E235959.V07B.nc4,SMAP_L3_SM_P_20250903_R19240_001.h5,mm/day,cm^3/cm^3,13.96,LOW,"[""Low overall dynamic environmental triggering pressure""]",PROTOTYPE OPERATIONAL TRIGGER PARAMETERS — REQUIRES REGIONAL SCIENTIFIC CALIBRATION
GSI_SITE_07,Garapunjislide (Hailakandi),Assam,24.46,92.52,2025-09-03,13.564998626708984,15.899998545646667,48.954998254776,,INVALID,N/A,INVALID_RETRIEVAL,VALID,INVALID_RETRIEVAL,PARTIAL_RAINFALL_ONLY,2025-09-03,0,3B-DAY.MS.MRG.3IMERG.20250903-S000000-E235959.V07B.nc4,SMAP_L3_SM_P_20250903_R19240_001.h5,mm/day,cm^3/cm^3,13.96,LOW,"[""Low overall dynamic environmental triggering pressure""]",PROTOTYPE OPERATIONAL TRIGGER PARAMETERS — REQUIRES REGIONAL SCIENTIFIC CALIBRATION
NER_PILOT_01,"Gangtok, Sikkim",Sikkim,27.33,88.61,2025-09-04,6.664999961853027,26.399998664855957,76.3699951171875,0.22781581431627274,WARNING,AM_PM_MEAN,AM_PM_NON_RECOMMENDED_MEAN,VALID,VALID,COMPLETE,2025-09-04,0,3B-DAY.MS.MRG.3IMERG.20250904-S000000-E235959.V07B.nc4,SMAP_L3_SM_P_20250904_R19240_001.h5,mm/day,cm^3/cm^3,23.51,LOW,"[""Low overall dynamic environmental triggering pressure""]",PROTOTYPE OPERATIONAL TRIGGER PARAMETERS — REQUIRES REGIONAL SCIENTIFIC CALIBRATION
NER_PILOT_02,"Guwahati, Assam",Assam,26.14,91.73,2025-09-04,4.264999866485596,13.864999771118164,63.985002636909485,0.41229453682899475,WARNING,PM_6PM,PM_NON_RECOMMENDED,VALID,VALID,COMPLETE,2025-09-04,0,3B-DAY.MS.MRG.3IMERG.20250904-S000000-E235959.V07B.nc4,SMAP_L3_SM_P_20250904_R19240_001.h5,mm/day,cm^3/cm^3,27.5,LOW,"[""High volumetric soil moisture saturation (0.412 cm\u00b3/cm\u00b3)""]",PROTOTYPE OPERATIONAL TRIGGER PARAMETERS — REQUIRES REGIONAL SCIENTIFIC CALIBRATION
NER_PILOT_03,"Shillong, Meghalaya",Meghalaya,25.57,91.88,2025-09-04,6.6349992752075195,21.95499897003174,124.41000343300402,0.2535603195428848,HIGH,AM_PM_MEAN,AM_PM_RECOMMENDED_MEAN,VALID,VALID,COMPLETE,2025-09-04,0,3B-DAY.MS.MRG.3IMERG.20250904-S000000-E235959.V07B.nc4,SMAP_L3_SM_P_20250904_R19240_001.h5,mm/day,cm^3/cm^3,27.6,LOW,"[""Low overall dynamic environmental triggering pressure""]",PROTOTYPE OPERATIONAL TRIGGER PARAMETERS — REQUIRES REGIONAL SCIENTIFIC CALIBRATION
NER_PILOT_04,"Aizawl, Mizoram",Mizoram,23.73,92.71,2025-09-04,6.704999923706055,18.77499943971634,207.6699876859784,,INVALID,N/A,INVALID_RETRIEVAL,VALID,INVALID_RETRIEVAL,PARTIAL_RAINFALL_ONLY,2025-09-04,0,3B-DAY.MS.MRG.3IMERG.20250904-S000000-E235959.V07B.nc4,SMAP_L3_SM_P_20250904_R19240_001.h5,mm/day,cm^3/cm^3,27.98,LOW,"[""Sustained 7-day antecedent precipitation (207.7 mm)""]",PROTOTYPE OPERATIONAL TRIGGER PARAMETERS — REQUIRES REGIONAL SCIENTIFIC CALIBRATION
NER_PILOT_05,"Kohima, Nagaland",Nagaland,25.67,94.11,2025-09-04,5.96999979019165,10.299999475479126,67.27000008523464,,INVALID,N/A,INVALID_RETRIEVAL,VALID,INVALID_RETRIEVAL,PARTIAL_RAINFALL_ONLY,2025-09-04,0,3B-DAY.MS.MRG.3IMERG.20250904-S000000-E235959.V07B.nc4,SMAP_L3_SM_P_20250904_R19240_001.h5,mm/day,cm^3/cm^3,11.54,LOW,"[""Low overall dynamic environmental triggering pressure""]",PROTOTYPE OPERATIONAL TRIGGER PARAMETERS — REQUIRES REGIONAL SCIENTIFIC CALIBRATION
NER_PILOT_06,"Imphal, Manipur",Manipur,24.81,93.94,2025-09-04,1.7750000953674316,10.619999766349792,68.97000505775213,,INVALID,N/A,INVALID_RETRIEVAL,VALID,INVALID_RETRIEVAL,PARTIAL_RAINFALL_ONLY,2025-09-04,0,3B-DAY.MS.MRG.3IMERG.20250904-S000000-E235959.V07B.nc4,SMAP_L3_SM_P_20250904_R19240_001.h5,mm/day,cm^3/cm^3,10.22,LOW,"[""Low overall dynamic environmental triggering pressure""]",PROTOTYPE OPERATIONAL TRIGGER PARAMETERS — REQUIRES REGIONAL SCIENTIFIC CALIBRATION
NER_PILOT_07,"Itanagar, Arunachal Pradesh",Arunachal Pradesh,27.08,93.61,2025-09-04,19.209999084472656,26.309999585151672,98.6750015616417,0.12147841602563858,WARNING,PM_6PM,PM_NON_RECOMMENDED,VALID,VALID,COMPLETE,2025-09-04,0,3B-DAY.MS.MRG.3IMERG.20250904-S000000-E235959.V07B.nc4,SMAP_L3_SM_P_20250904_R19240_001.h5,mm/day,cm^3/cm^3,24.32,LOW,"[""Low overall dynamic environmental triggering pressure""]",PROTOTYPE OPERATIONAL TRIGGER PARAMETERS — REQUIRES REGIONAL SCIENTIFIC CALIBRATION
NER_PILOT_08,"Agartala, Tripura",Tripura,23.83,91.28,2025-09-04,13.204999923706055,34.135000228881836,50.76499962806702,0.471443235874176,RECOMMENDED,PM_6PM,PM_RECOMMENDED,VALID,VALID,COMPLETE,2025-09-04,0,3B-DAY.MS.MRG.3IMERG.20250904-S000000-E235959.V07B.nc4,SMAP_L3_SM_P_20250904_R19240_001.h5,mm/day,cm^3/cm^3,34.85,LOW,"[""High volumetric soil moisture saturation (0.471 cm\u00b3/cm\u00b3)""]",PROTOTYPE OPERATIONAL TRIGGER PARAMETERS — REQUIRES REGIONAL SCIENTIFIC CALIBRATION
GSI_SITE_01,Kukinala slide (Hailakandi),Assam,24.27,92.5,2025-09-04,43.20999526977539,53.524994134902954,102.93499338626862,0.471443235874176,RECOMMENDED,PM_6PM,PM_RECOMMENDED,VALID,VALID,COMPLETE,2025-09-04,0,3B-DAY.MS.MRG.3IMERG.20250904-S000000-E235959.V07B.nc4,SMAP_L3_SM_P_20250904_R19240_001.h5,mm/day,cm^3/cm^3,51.9,MODERATE,"[""High volumetric soil moisture saturation (0.471 cm\u00b3/cm\u00b3)""]",PROTOTYPE OPERATIONAL TRIGGER PARAMETERS — REQUIRES REGIONAL SCIENTIFIC CALIBRATION
GSI_SITE_02,Jalnachaura slide (Hailakandi),Assam,24.31,92.56,2025-09-04,36.79499816894531,46.02499842643738,81.35499745607376,0.471443235874176,RECOMMENDED,PM_6PM,PM_RECOMMENDED,VALID,VALID,COMPLETE,2025-09-04,0,3B-DAY.MS.MRG.3IMERG.20250904-S000000-E235959.V07B.nc4,SMAP_L3_SM_P_20250904_R19240_001.h5,mm/day,cm^3/cm^3,46.75,MODERATE,"[""High volumetric soil moisture saturation (0.471 cm\u00b3/cm\u00b3)""]",PROTOTYPE OPERATIONAL TRIGGER PARAMETERS — REQUIRES REGIONAL SCIENTIFIC CALIBRATION
GSI_SITE_03,Nandagram slide (Hailakandi),Assam,24.32,92.51,2025-09-04,36.79499816894531,46.02499842643738,81.35499745607376,0.471443235874176,RECOMMENDED,PM_6PM,PM_RECOMMENDED,VALID,VALID,COMPLETE,2025-09-04,0,3B-DAY.MS.MRG.3IMERG.20250904-S000000-E235959.V07B.nc4,SMAP_L3_SM_P_20250904_R19240_001.h5,mm/day,cm^3/cm^3,46.75,MODERATE,"[""High volumetric soil moisture saturation (0.471 cm\u00b3/cm\u00b3)""]",PROTOTYPE OPERATIONAL TRIGGER PARAMETERS — REQUIRES REGIONAL SCIENTIFIC CALIBRATION
GSI_SITE_04,Nishkar slide (Hailakandi),Assam,24.43,92.55,2025-09-04,25.299999237060547,40.36999773979187,69.4099977016449,0.471443235874176,RECOMMENDED,PM_6PM,PM_RECOMMENDED,VALID,VALID,COMPLETE,2025-09-04,0,3B-DAY.MS.MRG.3IMERG.20250904-S000000-E235959.V07B.nc4,SMAP_L3_SM_P_20250904_R19240_001.h5,mm/day,cm^3/cm^3,41.22,MODERATE,"[""High volumetric soil moisture saturation (0.471 cm\u00b3/cm\u00b3)""]",PROTOTYPE OPERATIONAL TRIGGER PARAMETERS — REQUIRES REGIONAL SCIENTIFIC CALIBRATION
GSI_SITE_05,Paglacherra slide (Karimganj),Assam,24.44,92.5,2025-09-04,27.565000534057617,39.315001010894775,68.67499774694443,0.471443235874176,RECOMMENDED,PM_6PM,PM_RECOMMENDED,VALID,VALID,COMPLETE,2025-09-04,0,3B-DAY.MS.MRG.3IMERG.20250904-S000000-E235959.V07B.nc4,SMAP_L3_SM_P_20250904_R19240_001.h5,mm/day,cm^3/cm^3,41.63,MODERATE,"[""High volumetric soil moisture saturation (0.471 cm\u00b3/cm\u00b3)""]",PROTOTYPE OPERATIONAL TRIGGER PARAMETERS — REQUIRES REGIONAL SCIENTIFIC CALIBRATION
GSI_SITE_06,Lalpani slide (Hailakandi),Assam,24.44,92.56,2025-09-04,25.299999237060547,40.36999773979187,69.4099977016449,0.471443235874176,RECOMMENDED,PM_6PM,PM_RECOMMENDED,VALID,VALID,COMPLETE,2025-09-04,0,3B-DAY.MS.MRG.3IMERG.20250904-S000000-E235959.V07B.nc4,SMAP_L3_SM_P_20250904_R19240_001.h5,mm/day,cm^3/cm^3,41.22,MODERATE,"[""High volumetric soil moisture saturation (0.471 cm\u00b3/cm\u00b3)""]",PROTOTYPE OPERATIONAL TRIGGER PARAMETERS — REQUIRES REGIONAL SCIENTIFIC CALIBRATION
GSI_SITE_07,Garapunjislide (Hailakandi),Assam,24.46,92.52,2025-09-04,25.299999237060547,40.36999773979187,69.4099977016449,0.42796826362609863,RECOMMENDED,PM_6PM,PM_RECOMMENDED,VALID,VALID,COMPLETE,2025-09-04,0,3B-DAY.MS.MRG.3IMERG.20250904-S000000-E235959.V07B.nc4,SMAP_L3_SM_P_20250904_R19240_001.h5,mm/day,cm^3/cm^3,40.24,MODERATE,"[""High volumetric soil moisture saturation (0.428 cm\u00b3/cm\u00b3)""]",PROTOTYPE OPERATIONAL TRIGGER PARAMETERS — REQUIRES REGIONAL SCIENTIFIC CALIBRATION
NER_PILOT_01,"Gangtok, Sikkim",Sikkim,27.33,88.61,2025-09-05,12.745000839233398,35.33500003814697,76.92499732971191,0.16881676018238068,WARNING,PM_6PM,PM_NON_RECOMMENDED,VALID,VALID,COMPLETE,2025-09-05,0,3B-DAY.MS.MRG.3IMERG.20250905-S000000-E235959.V07B.nc4,SMAP_L3_SM_P_20250905_R19240_001.h5,mm/day,cm^3/cm^3,24.55,LOW,"[""Low overall dynamic environmental triggering pressure""]",PROTOTYPE OPERATIONAL TRIGGER PARAMETERS — REQUIRES REGIONAL SCIENTIFIC CALIBRATION
NER_PILOT_02,"Guwahati, Assam",Assam,26.14,91.73,2025-09-05,7.8949995040893555,18.13499927520752,64.630002617836,,INVALID,N/A,INVALID_RETRIEVAL,VALID,INVALID_RETRIEVAL,PARTIAL_RAINFALL_ONLY,2025-09-05,0,3B-DAY.MS.MRG.3IMERG.20250905-S000000-E235959.V07B.nc4,SMAP_L3_SM_P_20250905_R19240_001.h5,mm/day,cm^3/cm^3,13.96,LOW,"[""Low overall dynamic environmental triggering pressure""]",PROTOTYPE OPERATIONAL TRIGGER PARAMETERS — REQUIRES REGIONAL SCIENTIFIC CALIBRATION
NER_PILOT_03,"Shillong, Meghalaya",Meghalaya,25.57,91.88,2025-09-05,14.039999008178711,26.95999813079834,124.61500240303576,,INVALID,N/A,INVALID_RETRIEVAL,VALID,INVALID_RETRIEVAL,PARTIAL_RAINFALL_ONLY,2025-09-05,0,3B-DAY.MS.MRG.3IMERG.20250905-S000000-E235959.V07B.nc4,SMAP_L3_SM_P_20250905_R19240_001.h5,mm/day,cm^3/cm^3,24.47,LOW,"[""Low overall dynamic environmental triggering pressure""]",PROTOTYPE OPERATIONAL TRIGGER PARAMETERS — REQUIRES REGIONAL SCIENTIFIC CALIBRATION
NER_PILOT_04,"Aizawl, Mizoram",Mizoram,23.73,92.71,2025-09-05,4.574999809265137,22.38499927520752,160.34999085217714,,INVALID,N/A,INVALID_RETRIEVAL,VALID,INVALID_RETRIEVAL,PARTIAL_RAINFALL_ONLY,2025-09-05,0,3B-DAY.MS.MRG.3IMERG.20250905-S000000-E235959.V07B.nc4,SMAP_L3_SM_P_20250905_R19240_001.h5,mm/day,cm^3/cm^3,23.35,LOW,"[""Low overall dynamic environmental triggering pressure""]",PROTOTYPE OPERATIONAL TRIGGER PARAMETERS — REQUIRES REGIONAL SCIENTIFIC CALIBRATION
NER_PILOT_05,"Kohima, Nagaland",Nagaland,25.67,94.11,2025-09-05,13.76500129699707,20.285001039505005,68.46000252664089,,INVALID,N/A,INVALID_RETRIEVAL,VALID,INVALID_RETRIEVAL,PARTIAL_RAINFALL_ONLY,2025-09-05,0,3B-DAY.MS.MRG.3IMERG.20250905-S000000-E235959.V07B.nc4,SMAP_L3_SM_P_20250905_R19240_001.h5,mm/day,cm^3/cm^3,17.08,LOW,"[""Low overall dynamic environmental triggering pressure""]",PROTOTYPE OPERATIONAL TRIGGER PARAMETERS — REQUIRES REGIONAL SCIENTIFIC CALIBRATION
NER_PILOT_06,"Imphal, Manipur",Manipur,24.81,93.94,2025-09-05,7.784999370574951,10.169999480247498,24.95999862998724,,INVALID,N/A,INVALID_RETRIEVAL,VALID,INVALID_RETRIEVAL,PARTIAL_RAINFALL_ONLY,2025-09-05,0,3B-DAY.MS.MRG.3IMERG.20250905-S000000-E235959.V07B.nc4,SMAP_L3_SM_P_20250905_R19240_001.h5,mm/day,cm^3/cm^3,7.96,LOW,"[""Low overall dynamic environmental triggering pressure""]",PROTOTYPE OPERATIONAL TRIGGER PARAMETERS — REQUIRES REGIONAL SCIENTIFIC CALIBRATION
NER_PILOT_07,"Itanagar, Arunachal Pradesh",Arunachal Pradesh,27.08,93.61,2025-09-05,46.459999084472656,67.03999817371368,87.2949966788292,,INVALID,N/A,INVALID_RETRIEVAL,VALID,INVALID_RETRIEVAL,PARTIAL_RAINFALL_ONLY,2025-09-05,0,3B-DAY.MS.MRG.3IMERG.20250905-S000000-E235959.V07B.nc4,SMAP_L3_SM_P_20250905_R19240_001.h5,mm/day,cm^3/cm^3,42.91,MODERATE,"[""Low overall dynamic environmental triggering pressure""]",PROTOTYPE OPERATIONAL TRIGGER PARAMETERS — REQUIRES REGIONAL SCIENTIFIC CALIBRATION
NER_PILOT_08,"Agartala, Tripura",Tripura,23.83,91.28,2025-09-05,0.7949999570846558,21.24999988079071,48.8499995470047,0.3086889982223511,RECOMMENDED,PM_6PM,PM_RECOMMENDED,VALID,VALID,COMPLETE,2025-09-05,0,3B-DAY.MS.MRG.3IMERG.20250905-S000000-E235959.V07B.nc4,SMAP_L3_SM_P_20250905_R19240_001.h5,mm/day,cm^3/cm^3,22.12,LOW,"[""High volumetric soil moisture saturation (0.309 cm\u00b3/cm\u00b3)""]",PROTOTYPE OPERATIONAL TRIGGER PARAMETERS — REQUIRES REGIONAL SCIENTIFIC CALIBRATION
GSI_SITE_01,Kukinala slide (Hailakandi),Assam,24.27,92.5,2025-09-05,0.48499998450279236,50.93999418616295,92.29499432444572,0.3086889982223511,RECOMMENDED,PM_6PM,PM_RECOMMENDED,VALID,VALID,COMPLETE,2025-09-05,0,3B-DAY.MS.MRG.3IMERG.20250905-S000000-E235959.V07B.nc4,SMAP_L3_SM_P_20250905_R19240_001.h5,mm/day,cm^3/cm^3,31.44,LOW,"[""High volumetric soil moisture saturation (0.309 cm\u00b3/cm\u00b3)""]",PROTOTYPE OPERATIONAL TRIGGER PARAMETERS — REQUIRES REGIONAL SCIENTIFIC CALIBRATION
GSI_SITE_02,Jalnachaura slide (Hailakandi),Assam,24.31,92.56,2025-09-05,0.8500000238418579,45.94999849796295,70.16999763250351,0.3086889982223511,RECOMMENDED,PM_6PM,PM_RECOMMENDED,VALID,VALID,COMPLETE,2025-09-05,0,3B-DAY.MS.MRG.3IMERG.20250905-S000000-E235959.V07B.nc4,SMAP_L3_SM_P_20250905_R19240_001.h5,mm/day,cm^3/cm^3,28.78,LOW,"[""High volumetric soil moisture saturation (0.309 cm\u00b3/cm\u00b3)""]",PROTOTYPE OPERATIONAL TRIGGER PARAMETERS — REQUIRES REGIONAL SCIENTIFIC CALIBRATION
GSI_SITE_03,Nandagram slide (Hailakandi),Assam,24.32,92.51,2025-09-05,0.8500000238418579,45.94999849796295,70.16999763250351,0.3086889982223511,RECOMMENDED,PM_6PM,PM_RECOMMENDED,VALID,VALID,COMPLETE,2025-09-05,0,3B-DAY.MS.MRG.3IMERG.20250905-S000000-E235959.V07B.nc4,SMAP_L3_SM_P_20250905_R19240_001.h5,mm/day,cm^3/cm^3,28.78,LOW,"[""High volumetric soil moisture saturation (0.309 cm\u00b3/cm\u00b3)""]",PROTOTYPE OPERATIONAL TRIGGER PARAMETERS — REQUIRES REGIONAL SCIENTIFIC CALIBRATION
GSI_SITE_04,Nishkar slide (Hailakandi),Assam,24.43,92.55,2025-09-05,1.334999918937683,40.199997782707214,60.49999678134918,0.3086889982223511,RECOMMENDED,PM_6PM,PM_RECOMMENDED,VALID,VALID,COMPLETE,2025-09-05,0,3B-DAY.MS.MRG.3IMERG.20250905-S000000-E235959.V07B.nc4,SMAP_L3_SM_P_20250905_R19240_001.h5,mm/day,cm^3/cm^3,27.0,LOW,"[""High volumetric soil moisture saturation (0.309 cm\u00b3/cm\u00b3)""]",PROTOTYPE OPERATIONAL TRIGGER PARAMETERS — REQUIRES REGIONAL SCIENTIFIC CALIBRATION
GSI_SITE_05,Paglacherra slide (Karimganj),Assam,24.44,92.5,2025-09-05,1.2400000095367432,38.08500123023987,55.499999701976776,0.3086889982223511,RECOMMENDED,PM_6PM,PM_RECOMMENDED,VALID,VALID,COMPLETE,2025-09-05,0,3B-DAY.MS.MRG.3IMERG.20250905-S000000-E235959.V07B.nc4,SMAP_L3_SM_P_20250905_R19240_001.h5,mm/day,cm^3/cm^3,26.15,LOW,"[""High volumetric soil moisture saturation (0.309 cm\u00b3/cm\u00b3)""]",PROTOTYPE OPERATIONAL TRIGGER PARAMETERS — REQUIRES REGIONAL SCIENTIFIC CALIBRATION
GSI_SITE_06,Lalpani slide (Hailakandi),Assam,24.44,92.56,2025-09-05,1.334999918937683,40.199997782707214,60.49999678134918,0.3086889982223511,RECOMMENDED,PM_6PM,PM_RECOMMENDED,VALID,VALID,COMPLETE,2025-09-05,0,3B-DAY.MS.MRG.3IMERG.20250905-S000000-E235959.V07B.nc4,SMAP_L3_SM_P_20250905_R19240_001.h5,mm/day,cm^3/cm^3,27.0,LOW,"[""High volumetric soil moisture saturation (0.309 cm\u00b3/cm\u00b3)""]",PROTOTYPE OPERATIONAL TRIGGER PARAMETERS — REQUIRES REGIONAL SCIENTIFIC CALIBRATION
GSI_SITE_07,Garapunjislide (Hailakandi),Assam,24.46,92.52,2025-09-05,1.334999918937683,40.199997782707214,60.49999678134918,,INVALID,N/A,INVALID_RETRIEVAL,VALID,INVALID_RETRIEVAL,PARTIAL_RAINFALL_ONLY,2025-09-05,0,3B-DAY.MS.MRG.3IMERG.20250905-S000000-E235959.V07B.nc4,SMAP_L3_SM_P_20250905_R19240_001.h5,mm/day,cm^3/cm^3,16.6,LOW,"[""Low overall dynamic environmental triggering pressure""]",PROTOTYPE OPERATIONAL TRIGGER PARAMETERS — REQUIRES REGIONAL SCIENTIFIC CALIBRATION
NER_PILOT_01,"Gangtok, Sikkim",Sikkim,27.33,88.61,2025-09-06,12.485002517700195,31.89500331878662,69.12000274658203,,INVALID,N/A,INVALID_RETRIEVAL,VALID,INVALID_RETRIEVAL,PARTIAL_RAINFALL_ONLY,2025-09-06,0,3B-DAY.MS.MRG.3IMERG.20250906-S000000-E235959.V07B.nc4,SMAP_L3_SM_P_20250906_R19240_002.h5,mm/day,cm^3/cm^3,19.57,LOW,"[""Low overall dynamic environmental triggering pressure""]",PROTOTYPE OPERATIONAL TRIGGER PARAMETERS — REQUIRES REGIONAL SCIENTIFIC CALIBRATION
NER_PILOT_02,"Guwahati, Assam",Assam,26.14,91.73,2025-09-06,2.924999713897705,15.084999084472656,36.80999958515167,0.36029520630836487,WARNING,AM_6AM,AM_NON_RECOMMENDED,VALID,VALID,COMPLETE,2025-09-06,0,3B-DAY.MS.MRG.3IMERG.20250906-S000000-E235959.V07B.nc4,SMAP_L3_SM_P_20250906_R19240_002.h5,mm/day,cm^3/cm^3,22.85,LOW,"[""High volumetric soil moisture saturation (0.360 cm\u00b3/cm\u00b3)""]",PROTOTYPE OPERATIONAL TRIGGER PARAMETERS — REQUIRES REGIONAL SCIENTIFIC CALIBRATION
NER_PILOT_03,"Shillong, Meghalaya",Meghalaya,25.57,91.88,2025-09-06,9.524999618530273,30.199997901916504,83.95999408699572,0.28123143315315247,RECOMMENDED,AM_6AM,AM_RECOMMENDED,VALID,VALID,COMPLETE,2025-09-06,0,3B-DAY.MS.MRG.3IMERG.20250906-S000000-E235959.V07B.nc4,SMAP_L3_SM_P_20250906_R19240_002.h5,mm/day,cm^3/cm^3,28.11,LOW,"[""Low overall dynamic environmental triggering pressure""]",PROTOTYPE OPERATIONAL TRIGGER PARAMETERS — REQUIRES REGIONAL SCIENTIFIC CALIBRATION
NER_PILOT_04,"Aizawl, Mizoram",Mizoram,23.73,92.71,2025-09-06,19.244997024536133,30.524996757507324,57.109994895756245,,INVALID,N/A,INVALID_RETRIEVAL,VALID,INVALID_RETRIEVAL,PARTIAL_RAINFALL_ONLY,2025-09-06,0,3B-DAY.MS.MRG.3IMERG.20250906-S000000-E235959.V07B.nc4,SMAP_L3_SM_P_20250906_R19240_002.h5,mm/day,cm^3/cm^3,20.56,LOW,"[""Low overall dynamic environmental triggering pressure""]",PROTOTYPE OPERATIONAL TRIGGER PARAMETERS — REQUIRES REGIONAL SCIENTIFIC CALIBRATION
NER_PILOT_05,"Kohima, Nagaland",Nagaland,25.67,94.11,2025-09-06,0.6749999523162842,20.410001039505005,41.57500110566616,,INVALID,N/A,INVALID_RETRIEVAL,VALID,INVALID_RETRIEVAL,PARTIAL_RAINFALL_ONLY,2025-09-06,0,3B-DAY.MS.MRG.3IMERG.20250906-S000000-E235959.V07B.nc4,SMAP_L3_SM_P_20250906_R19240_002.h5,mm/day,cm^3/cm^3,9.51,LOW,"[""Low overall dynamic environmental triggering pressure""]",PROTOTYPE OPERATIONAL TRIGGER PARAMETERS — REQUIRES REGIONAL SCIENTIFIC CALIBRATION
NER_PILOT_06,"Imphal, Manipur",Manipur,24.81,93.94,2025-09-06,5.890000343322754,15.449999809265137,25.244999431073666,,INVALID,N/A,INVALID_RETRIEVAL,VALID,INVALID_RETRIEVAL,PARTIAL_RAINFALL_ONLY,2025-09-06,0,3B-DAY.MS.MRG.3IMERG.20250906-S000000-E235959.V07B.nc4,SMAP_L3_SM_P_20250906_R19240_002.h5,mm/day,cm^3/cm^3,8.6,LOW,"[""Low overall dynamic environmental triggering pressure""]",PROTOTYPE OPERATIONAL TRIGGER PARAMETERS — REQUIRES REGIONAL SCIENTIFIC CALIBRATION
NER_PILOT_07,"Itanagar, Arunachal Pradesh",Arunachal Pradesh,27.08,93.61,2025-09-06,7.1750006675720215,72.84499883651733,84.65499967336655,0.12374866381287575,WARNING,AM_PM_MEAN,AM_PM_NON_RECOMMENDED_MEAN,VALID,VALID,COMPLETE,2025-09-06,0,3B-DAY.MS.MRG.3IMERG.20250906-S000000-E235959.V07B.nc4,SMAP_L3_SM_P_20250906_R19240_002.h5,mm/day,cm^3/cm^3,28.99,LOW,"[""Low overall dynamic environmental triggering pressure""]",PROTOTYPE OPERATIONAL TRIGGER PARAMETERS — REQUIRES REGIONAL SCIENTIFIC CALIBRATION
NER_PILOT_08,"Agartala, Tripura",Tripura,23.83,91.28,2025-09-06,69.7449951171875,83.74499499797821,113.5799947977066,0.4284175932407379,RECOMMENDED,AM_6AM,AM_RECOMMENDED,VALID,VALID,COMPLETE,2025-09-06,0,3B-DAY.MS.MRG.3IMERG.20250906-S000000-E235959.V07B.nc4,SMAP_L3_SM_P_20250906_R19240_002.h5,mm/day,cm^3/cm^3,65.8,MODERATE,"[""Heavy 1-day rainfall accumulation (69.7 mm/day)"", ""High volumetric soil moisture saturation (0.428 cm\u00b3/cm\u00b3)""]",PROTOTYPE OPERATIONAL TRIGGER PARAMETERS — REQUIRES REGIONAL SCIENTIFIC CALIBRATION
GSI_SITE_01,Kukinala slide (Hailakandi),Assam,24.27,92.5,2025-09-06,25.180004119873047,68.87499937415123,80.29499813914299,0.4284175932407379,RECOMMENDED,AM_6AM,AM_RECOMMENDED,VALID,VALID,COMPLETE,2025-09-06,0,3B-DAY.MS.MRG.3IMERG.20250906-S000000-E235959.V07B.nc4,SMAP_L3_SM_P_20250906_R19240_002.h5,mm/day,cm^3/cm^3,46.79,MODERATE,"[""High volumetric soil moisture saturation (0.428 cm\u00b3/cm\u00b3)""]",PROTOTYPE OPERATIONAL TRIGGER PARAMETERS — REQUIRES REGIONAL SCIENTIFIC CALIBRATION
GSI_SITE_02,Jalnachaura slide (Hailakandi),Assam,24.31,92.56,2025-09-06,29.595001220703125,67.2399994134903,77.33999961614609,0.4284175932407379,RECOMMENDED,AM_6AM,AM_RECOMMENDED,VALID,VALID,COMPLETE,2025-09-06,0,3B-DAY.MS.MRG.3IMERG.20250906-S000000-E235959.V07B.nc4,SMAP_L3_SM_P_20250906_R19240_002.h5,mm/day,cm^3/cm^3,47.55,MODERATE,"[""High volumetric soil moisture saturation (0.428 cm\u00b3/cm\u00b3)""]",PROTOTYPE OPERATIONAL TRIGGER PARAMETERS — REQUIRES REGIONAL SCIENTIFIC CALIBRATION
GSI_SITE_03,Nandagram slide (Hailakandi),Assam,24.32,92.51,2025-09-06,29.595001220703125,67.2399994134903,77.33999961614609,0.4284175932407379,RECOMMENDED,AM_6AM,AM_RECOMMENDED,VALID,VALID,COMPLETE,2025-09-06,0,3B-DAY.MS.MRG.3IMERG.20250906-S000000-E235959.V07B.nc4,SMAP_L3_SM_P_20250906_R19240_002.h5,mm/day,cm^3/cm^3,47.55,MODERATE,"[""High volumetric soil moisture saturation (0.428 cm\u00b3/cm\u00b3)""]",PROTOTYPE OPERATIONAL TRIGGER PARAMETERS — REQUIRES REGIONAL SCIENTIFIC CALIBRATION
GSI_SITE_04,Nishkar slide (Hailakandi),Assam,24.43,92.55,2025-09-06,8.930000305175781,35.56499946117401,52.59499800205231,0.4284175932407379,RECOMMENDED,AM_6AM,AM_RECOMMENDED,VALID,VALID,COMPLETE,2025-09-06,0,3B-DAY.MS.MRG.3IMERG.20250906-S000000-E235959.V07B.nc4,SMAP_L3_SM_P_20250906_R19240_002.h5,mm/day,cm^3/cm^3,33.04,LOW,"[""High volumetric soil moisture saturation (0.428 cm\u00b3/cm\u00b3)""]",PROTOTYPE OPERATIONAL TRIGGER PARAMETERS — REQUIRES REGIONAL SCIENTIFIC CALIBRATION
GSI_SITE_05,Paglacherra slide (Karimganj),Assam,24.44,92.5,2025-09-06,13.499998092651367,42.30499863624573,56.264999091625214,0.4284175932407379,RECOMMENDED,AM_6AM,AM_RECOMMENDED,VALID,VALID,COMPLETE,2025-09-06,0,3B-DAY.MS.MRG.3IMERG.20250906-S000000-E235959.V07B.nc4,SMAP_L3_SM_P_20250906_R19240_002.h5,mm/day,cm^3/cm^3,36.05,LOW,"[""High volumetric soil moisture saturation (0.428 cm\u00b3/cm\u00b3)""]",PROTOTYPE OPERATIONAL TRIGGER PARAMETERS — REQUIRES REGIONAL SCIENTIFIC CALIBRATION
GSI_SITE_06,Lalpani slide (Hailakandi),Assam,24.44,92.56,2025-09-06,8.930000305175781,35.56499946117401,52.59499800205231,0.4284175932407379,RECOMMENDED,AM_6AM,AM_RECOMMENDED,VALID,VALID,COMPLETE,2025-09-06,0,3B-DAY.MS.MRG.3IMERG.20250906-S000000-E235959.V07B.nc4,SMAP_L3_SM_P_20250906_R19240_002.h5,mm/day,cm^3/cm^3,33.04,LOW,"[""High volumetric soil moisture saturation (0.428 cm\u00b3/cm\u00b3)""]",PROTOTYPE OPERATIONAL TRIGGER PARAMETERS — REQUIRES REGIONAL SCIENTIFIC CALIBRATION
GSI_SITE_07,Garapunjislide (Hailakandi),Assam,24.46,92.52,2025-09-06,8.930000305175781,35.56499946117401,52.59499800205231,0.41362670063972473,RECOMMENDED,AM_6AM,AM_RECOMMENDED,VALID,VALID,COMPLETE,2025-09-06,0,3B-DAY.MS.MRG.3IMERG.20250906-S000000-E235959.V07B.nc4,SMAP_L3_SM_P_20250906_R19240_002.h5,mm/day,cm^3/cm^3,32.38,LOW,"[""High volumetric soil moisture saturation (0.414 cm\u00b3/cm\u00b3)""]",PROTOTYPE OPERATIONAL TRIGGER PARAMETERS — REQUIRES REGIONAL SCIENTIFIC CALIBRATION
NER_PILOT_01,"Gangtok, Sikkim",Sikkim,27.33,88.61,2025-09-07,10.994999885559082,36.225003242492676,66.4900016784668,0.27669858932495117,WARNING,PM_6PM,PM_NON_RECOMMENDED,VALID,VALID,COMPLETE,2025-09-07,0,3B-DAY.MS.MRG.3IMERG.20250907-S000000-E235959.V07B.nc4,SMAP_L3_SM_P_20250907_R19240_001.h5,mm/day,cm^3/cm^3,28.16,LOW,"[""Low overall dynamic environmental triggering pressure""]",PROTOTYPE OPERATIONAL TRIGGER PARAMETERS — REQUIRES REGIONAL SCIENTIFIC CALIBRATION
NER_PILOT_02,"Guwahati, Assam",Assam,26.14,91.73,2025-09-07,5.525000095367432,16.344999313354492,30.809999108314514,0.39251619577407837,WARNING,PM_6PM,PM_NON_RECOMMENDED,VALID,VALID,COMPLETE,2025-09-07,0,3B-DAY.MS.MRG.3IMERG.20250907-S000000-E235959.V07B.nc4,SMAP_L3_SM_P_20250907_R19240_001.h5,mm/day,cm^3/cm^3,24.84,LOW,"[""High volumetric soil moisture saturation (0.393 cm\u00b3/cm\u00b3)""]",PROTOTYPE OPERATIONAL TRIGGER PARAMETERS — REQUIRES REGIONAL SCIENTIFIC CALIBRATION
NER_PILOT_03,"Shillong, Meghalaya",Meghalaya,25.57,91.88,2025-09-07,25.755001068115234,49.31999969482422,71.28499866463244,0.3050517141819,RECOMMENDED,PM_6PM,PM_RECOMMENDED,VALID,VALID,COMPLETE,2025-09-07,0,3B-DAY.MS.MRG.3IMERG.20250907-S000000-E235959.V07B.nc4,SMAP_L3_SM_P_20250907_R19240_001.h5,mm/day,cm^3/cm^3,36.85,LOW,"[""High volumetric soil moisture saturation (0.305 cm\u00b3/cm\u00b3)""]",PROTOTYPE OPERATIONAL TRIGGER PARAMETERS — REQUIRES REGIONAL SCIENTIFIC CALIBRATION
NER_PILOT_04,"Aizawl, Mizoram",Mizoram,23.73,92.71,2025-09-07,20.434999465942383,44.25499629974365,63.10499573498964,,INVALID,N/A,INVALID_RETRIEVAL,VALID,INVALID_RETRIEVAL,PARTIAL_RAINFALL_ONLY,2025-09-07,0,3B-DAY.MS.MRG.3IMERG.20250907-S000000-E235959.V07B.nc4,SMAP_L3_SM_P_20250907_R19240_001.h5,mm/day,cm^3/cm^3,25.04,LOW,"[""Low overall dynamic environmental triggering pressure""]",PROTOTYPE OPERATIONAL TRIGGER PARAMETERS — REQUIRES REGIONAL SCIENTIFIC CALIBRATION
NER_PILOT_05,"Kohima, Nagaland",Nagaland,25.67,94.11,2025-09-07,4.474999904632568,18.915001153945923,29.450000628829002,,INVALID,N/A,INVALID_RETRIEVAL,VALID,INVALID_RETRIEVAL,PARTIAL_RAINFALL_ONLY,2025-09-07,0,3B-DAY.MS.MRG.3IMERG.20250907-S000000-E235959.V07B.nc4,SMAP_L3_SM_P_20250907_R19240_001.h5,mm/day,cm^3/cm^3,9.35,LOW,"[""Low overall dynamic environmental triggering pressure""]",PROTOTYPE OPERATIONAL TRIGGER PARAMETERS — REQUIRES REGIONAL SCIENTIFIC CALIBRATION
NER_PILOT_06,"Imphal, Manipur",Manipur,24.81,93.94,2025-09-07,5.874999523162842,19.549999237060547,31.094998955726624,,INVALID,N/A,INVALID_RETRIEVAL,VALID,INVALID_RETRIEVAL,PARTIAL_RAINFALL_ONLY,2025-09-07,0,3B-DAY.MS.MRG.3IMERG.20250907-S000000-E235959.V07B.nc4,SMAP_L3_SM_P_20250907_R19240_001.h5,mm/day,cm^3/cm^3,10.2,LOW,"[""Low overall dynamic environmental triggering pressure""]",PROTOTYPE OPERATIONAL TRIGGER PARAMETERS — REQUIRES REGIONAL SCIENTIFIC CALIBRATION
NER_PILOT_07,"Itanagar, Arunachal Pradesh",Arunachal Pradesh,27.08,93.61,2025-09-07,9.904999732971191,63.53999948501587,90.52499908208847,0.17399974167346954,WARNING,AM_PM_MEAN,AM_PM_NON_RECOMMENDED_MEAN,VALID,VALID,COMPLETE,2025-09-07,0,3B-DAY.MS.MRG.3IMERG.20250907-S000000-E235959.V07B.nc4,SMAP_L3_SM_P_20250907_R19240_001.h5,mm/day,cm^3/cm^3,30.65,LOW,"[""Low overall dynamic environmental triggering pressure""]",PROTOTYPE OPERATIONAL TRIGGER PARAMETERS — REQUIRES REGIONAL SCIENTIFIC CALIBRATION
NER_PILOT_08,"Agartala, Tripura",Tripura,23.83,91.28,2025-09-07,9.99000072479248,80.52999579906464,122.18499553203583,0.4592483341693878,RECOMMENDED,PM_6PM,PM_RECOMMENDED,VALID,VALID,COMPLETE,2025-09-07,0,3B-DAY.MS.MRG.3IMERG.20250907-S000000-E235959.V07B.nc4,SMAP_L3_SM_P_20250907_R19240_001.h5,mm/day,cm^3/cm^3,48.88,MODERATE,"[""High volumetric soil moisture saturation (0.459 cm\u00b3/cm\u00b3)""]",PROTOTYPE OPERATIONAL TRIGGER PARAMETERS — REQUIRES REGIONAL SCIENTIFIC CALIBRATION
GSI_SITE_01,Kukinala slide (Hailakandi),Assam,24.27,92.5,2025-09-07,16.16499900817871,41.83000311255455,95.3549972474575,0.4592483341693878,RECOMMENDED,PM_6PM,PM_RECOMMENDED,VALID,VALID,COMPLETE,2025-09-07,0,3B-DAY.MS.MRG.3IMERG.20250907-S000000-E235959.V07B.nc4,SMAP_L3_SM_P_20250907_R19240_001.h5,mm/day,cm^3/cm^3,40.84,MODERATE,"[""High volumetric soil moisture saturation (0.459 cm\u00b3/cm\u00b3)""]",PROTOTYPE OPERATIONAL TRIGGER PARAMETERS — REQUIRES REGIONAL SCIENTIFIC CALIBRATION
GSI_SITE_02,Jalnachaura slide (Hailakandi),Assam,24.31,92.56,2025-09-07,21.66499900817871,52.110000252723694,98.68499863147736,0.4592483341693878,RECOMMENDED,PM_6PM,PM_RECOMMENDED,VALID,VALID,COMPLETE,2025-09-07,0,3B-DAY.MS.MRG.3IMERG.20250907-S000000-E235959.V07B.nc4,SMAP_L3_SM_P_20250907_R19240_001.h5,mm/day,cm^3/cm^3,44.82,MODERATE,"[""High volumetric soil moisture saturation (0.459 cm\u00b3/cm\u00b3)""]",PROTOTYPE OPERATIONAL TRIGGER PARAMETERS — REQUIRES REGIONAL SCIENTIFIC CALIBRATION
GSI_SITE_03,Nandagram slide (Hailakandi),Assam,24.32,92.51,2025-09-07,21.66499900817871,52.110000252723694,98.68499863147736,0.4592483341693878,RECOMMENDED,PM_6PM,PM_RECOMMENDED,VALID,VALID,COMPLETE,2025-09-07,0,3B-DAY.MS.MRG.3IMERG.20250907-S000000-E235959.V07B.nc4,SMAP_L3_SM_P_20250907_R19240_001.h5,mm/day,cm^3/cm^3,44.82,MODERATE,"[""High volumetric soil moisture saturation (0.459 cm\u00b3/cm\u00b3)""]",PROTOTYPE OPERATIONAL TRIGGER PARAMETERS — REQUIRES REGIONAL SCIENTIFIC CALIBRATION
GSI_SITE_04,Nishkar slide (Hailakandi),Assam,24.43,92.55,2025-09-07,17.98499870300293,28.249998927116394,69.44999670982361,0.4592483341693878,RECOMMENDED,PM_6PM,PM_RECOMMENDED,VALID,VALID,COMPLETE,2025-09-07,0,3B-DAY.MS.MRG.3IMERG.20250907-S000000-E235959.V07B.nc4,SMAP_L3_SM_P_20250907_R19240_001.h5,mm/day,cm^3/cm^3,36.6,LOW,"[""High volumetric soil moisture saturation (0.459 cm\u00b3/cm\u00b3)""]",PROTOTYPE OPERATIONAL TRIGGER PARAMETERS — REQUIRES REGIONAL SCIENTIFIC CALIBRATION
GSI_SITE_05,Paglacherra slide (Karimganj),Assam,24.44,92.5,2025-09-07,14.180000305175781,28.91999840736389,68.95499938726425,0.4592483341693878,RECOMMENDED,PM_6PM,PM_RECOMMENDED,VALID,VALID,COMPLETE,2025-09-07,0,3B-DAY.MS.MRG.3IMERG.20250907-S000000-E235959.V07B.nc4,SMAP_L3_SM_P_20250907_R19240_001.h5,mm/day,cm^3/cm^3,35.55,LOW,"[""High volumetric soil moisture saturation (0.459 cm\u00b3/cm\u00b3)""]",PROTOTYPE OPERATIONAL TRIGGER PARAMETERS — REQUIRES REGIONAL SCIENTIFIC CALIBRATION
GSI_SITE_06,Lalpani slide (Hailakandi),Assam,24.44,92.56,2025-09-07,17.98499870300293,28.249998927116394,69.44999670982361,0.4592483341693878,RECOMMENDED,PM_6PM,PM_RECOMMENDED,VALID,VALID,COMPLETE,2025-09-07,0,3B-DAY.MS.MRG.3IMERG.20250907-S000000-E235959.V07B.nc4,SMAP_L3_SM_P_20250907_R19240_001.h5,mm/day,cm^3/cm^3,36.6,LOW,"[""High volumetric soil moisture saturation (0.459 cm\u00b3/cm\u00b3)""]",PROTOTYPE OPERATIONAL TRIGGER PARAMETERS — REQUIRES REGIONAL SCIENTIFIC CALIBRATION
GSI_SITE_07,Garapunjislide (Hailakandi),Assam,24.46,92.52,2025-09-07,17.98499870300293,28.249998927116394,69.44999670982361,0.4602237939834595,RECOMMENDED,PM_6PM,PM_RECOMMENDED,VALID,VALID,COMPLETE,2025-09-07,0,3B-DAY.MS.MRG.3IMERG.20250907-S000000-E235959.V07B.nc4,SMAP_L3_SM_P_20250907_R19240_001.h5,mm/day,cm^3/cm^3,36.6,LOW,"[""High volumetric soil moisture saturation (0.460 cm\u00b3/cm\u00b3)""]",PROTOTYPE OPERATIONAL TRIGGER PARAMETERS — REQUIRES REGIONAL SCIENTIFIC CALIBRATION
NER_PILOT_01,"Gangtok, Sikkim",Sikkim,27.33,88.61,2025-09-08,5.409999370574951,28.89000177383423,68.03500127792358,,INVALID,N/A,INVALID_RETRIEVAL,VALID,INVALID_RETRIEVAL,PARTIAL_RAINFALL_ONLY,2025-09-08,0,3B-DAY.MS.MRG.3IMERG.20250908-S000000-E235959.V07B.nc4,SMAP_L3_SM_P_20250908_R19240_001.h5,mm/day,cm^3/cm^3,16.05,LOW,"[""Low overall dynamic environmental triggering pressure""]",PROTOTYPE OPERATIONAL TRIGGER PARAMETERS — REQUIRES REGIONAL SCIENTIFIC CALIBRATION
NER_PILOT_02,"Guwahati, Assam",Assam,26.14,91.73,2025-09-08,3.3400003910064697,11.790000200271606,33.549999475479126,,INVALID,N/A,INVALID_RETRIEVAL,VALID,INVALID_RETRIEVAL,PARTIAL_RAINFALL_ONLY,2025-09-08,0,3B-DAY.MS.MRG.3IMERG.20250908-S000000-E235959.V07B.nc4,SMAP_L3_SM_P_20250908_R19240_001.h5,mm/day,cm^3/cm^3,7.56,LOW,"[""Low overall dynamic environmental triggering pressure""]",PROTOTYPE OPERATIONAL TRIGGER PARAMETERS — REQUIRES REGIONAL SCIENTIFIC CALIBRATION
NER_PILOT_03,"Shillong, Meghalaya",Meghalaya,25.57,91.88,2025-09-08,32.790000915527344,68.07000160217285,104.0649995803833,,INVALID,N/A,INVALID_RETRIEVAL,VALID,INVALID_RETRIEVAL,PARTIAL_RAINFALL_ONLY,2025-09-08,0,3B-DAY.MS.MRG.3IMERG.20250908-S000000-E235959.V07B.nc4,SMAP_L3_SM_P_20250908_R19240_001.h5,mm/day,cm^3/cm^3,39.72,LOW,"[""Low overall dynamic environmental triggering pressure""]",PROTOTYPE OPERATIONAL TRIGGER PARAMETERS — REQUIRES REGIONAL SCIENTIFIC CALIBRATION
NER_PILOT_04,"Aizawl, Mizoram",Mizoram,23.73,92.71,2025-09-08,5.524999618530273,45.20499610900879,68.55499535799026,,INVALID,N/A,INVALID_RETRIEVAL,VALID,INVALID_RETRIEVAL,PARTIAL_RAINFALL_ONLY,2025-09-08,0,3B-DAY.MS.MRG.3IMERG.20250908-S000000-E235959.V07B.nc4,SMAP_L3_SM_P_20250908_R19240_001.h5,mm/day,cm^3/cm^3,20.23,LOW,"[""Low overall dynamic environmental triggering pressure""]",PROTOTYPE OPERATIONAL TRIGGER PARAMETERS — REQUIRES REGIONAL SCIENTIFIC CALIBRATION
NER_PILOT_05,"Kohima, Nagaland",Nagaland,25.67,94.11,2025-09-08,1.5799999237060547,6.729999780654907,30.795000553131104,,INVALID,N/A,INVALID_RETRIEVAL,VALID,INVALID_RETRIEVAL,PARTIAL_RAINFALL_ONLY,2025-09-08,0,3B-DAY.MS.MRG.3IMERG.20250908-S000000-E235959.V07B.nc4,SMAP_L3_SM_P_20250908_R19240_001.h5,mm/day,cm^3/cm^3,5.35,LOW,"[""Low overall dynamic environmental triggering pressure""]",PROTOTYPE OPERATIONAL TRIGGER PARAMETERS — REQUIRES REGIONAL SCIENTIFIC CALIBRATION
NER_PILOT_06,"Imphal, Manipur",Manipur,24.81,93.94,2025-09-08,5.140000343322754,16.90500020980835,35.30999934673309,,INVALID,N/A,INVALID_RETRIEVAL,VALID,INVALID_RETRIEVAL,PARTIAL_RAINFALL_ONLY,2025-09-08,0,3B-DAY.MS.MRG.3IMERG.20250908-S000000-E235959.V07B.nc4,SMAP_L3_SM_P_20250908_R19240_001.h5,mm/day,cm^3/cm^3,9.68,LOW,"[""Low overall dynamic environmental triggering pressure""]",PROTOTYPE OPERATIONAL TRIGGER PARAMETERS — REQUIRES REGIONAL SCIENTIFIC CALIBRATION
NER_PILOT_07,"Itanagar, Arunachal Pradesh",Arunachal Pradesh,27.08,93.61,2025-09-08,18.309999465942383,35.389999866485596,108.15999853610992,,INVALID,N/A,INVALID_RETRIEVAL,VALID,INVALID_RETRIEVAL,PARTIAL_RAINFALL_ONLY,2025-09-08,0,3B-DAY.MS.MRG.3IMERG.20250908-S000000-E235959.V07B.nc4,SMAP_L3_SM_P_20250908_R19240_001.h5,mm/day,cm^3/cm^3,26.53,LOW,"[""Low overall dynamic environmental triggering pressure""]",PROTOTYPE OPERATIONAL TRIGGER PARAMETERS — REQUIRES REGIONAL SCIENTIFIC CALIBRATION
NER_PILOT_08,"Agartala, Tripura",Tripura,23.83,91.28,2025-09-08,6.030000686645508,85.76499652862549,120.69499671459198,,INVALID,N/A,INVALID_RETRIEVAL,VALID,INVALID_RETRIEVAL,PARTIAL_RAINFALL_ONLY,2025-09-08,0,3B-DAY.MS.MRG.3IMERG.20250908-S000000-E235959.V07B.nc4,SMAP_L3_SM_P_20250908_R19240_001.h5,mm/day,cm^3/cm^3,35.77,LOW,"[""Low overall dynamic environmental triggering pressure""]",PROTOTYPE OPERATIONAL TRIGGER PARAMETERS — REQUIRES REGIONAL SCIENTIFIC CALIBRATION
GSI_SITE_01,Kukinala slide (Hailakandi),Assam,24.27,92.5,2025-09-08,1.4550000429153442,42.8000031709671,96.80999729037285,,INVALID,N/A,INVALID_RETRIEVAL,VALID,INVALID_RETRIEVAL,PARTIAL_RAINFALL_ONLY,2025-09-08,0,3B-DAY.MS.MRG.3IMERG.20250908-S000000-E235959.V07B.nc4,SMAP_L3_SM_P_20250908_R19240_001.h5,mm/day,cm^3/cm^3,20.93,LOW,"[""Low overall dynamic environmental triggering pressure""]",PROTOTYPE OPERATIONAL TRIGGER PARAMETERS — REQUIRES REGIONAL SCIENTIFIC CALIBRATION
GSI_SITE_02,Jalnachaura slide (Hailakandi),Assam,24.31,92.56,2025-09-08,4.840000152587891,56.10000038146973,102.97499883174896,,INVALID,N/A,INVALID_RETRIEVAL,VALID,INVALID_RETRIEVAL,PARTIAL_RAINFALL_ONLY,2025-09-08,0,3B-DAY.MS.MRG.3IMERG.20250908-S000000-E235959.V07B.nc4,SMAP_L3_SM_P_20250908_R19240_001.h5,mm/day,cm^3/cm^3,26.14,LOW,"[""Low overall dynamic environmental triggering pressure""]",PROTOTYPE OPERATIONAL TRIGGER PARAMETERS — REQUIRES REGIONAL SCIENTIFIC CALIBRATION
GSI_SITE_03,Nandagram slide (Hailakandi),Assam,24.32,92.51,2025-09-08,4.840000152587891,56.10000038146973,102.97499883174896,,INVALID,N/A,INVALID_RETRIEVAL,VALID,INVALID_RETRIEVAL,PARTIAL_RAINFALL_ONLY,2025-09-08,0,3B-DAY.MS.MRG.3IMERG.20250908-S000000-E235959.V07B.nc4,SMAP_L3_SM_P_20250908_R19240_001.h5,mm/day,cm^3/cm^3,26.14,LOW,"[""Low overall dynamic environmental triggering pressure""]",PROTOTYPE OPERATIONAL TRIGGER PARAMETERS — REQUIRES REGIONAL SCIENTIFIC CALIBRATION
GSI_SITE_04,Nishkar slide (Hailakandi),Assam,24.43,92.55,2025-09-08,7.004999160766602,33.91999816894531,75.62499582767487,,INVALID,N/A,INVALID_RETRIEVAL,VALID,INVALID_RETRIEVAL,PARTIAL_RAINFALL_ONLY,2025-09-08,0,3B-DAY.MS.MRG.3IMERG.20250908-S000000-E235959.V07B.nc4,SMAP_L3_SM_P_20250908_R19240_001.h5,mm/day,cm^3/cm^3,18.67,LOW,"[""Low overall dynamic environmental triggering pressure""]",PROTOTYPE OPERATIONAL TRIGGER PARAMETERS — REQUIRES REGIONAL SCIENTIFIC CALIBRATION
GSI_SITE_05,Paglacherra slide (Karimganj),Assam,24.44,92.5,2025-09-08,4.885000228881836,32.564998626708984,73.1199996471405,,INVALID,N/A,INVALID_RETRIEVAL,VALID,INVALID_RETRIEVAL,PARTIAL_RAINFALL_ONLY,2025-09-08,0,3B-DAY.MS.MRG.3IMERG.20250908-S000000-E235959.V07B.nc4,SMAP_L3_SM_P_20250908_R19240_001.h5,mm/day,cm^3/cm^3,17.29,LOW,"[""Low overall dynamic environmental triggering pressure""]",PROTOTYPE OPERATIONAL TRIGGER PARAMETERS — REQUIRES REGIONAL SCIENTIFIC CALIBRATION
GSI_SITE_06,Lalpani slide (Hailakandi),Assam,24.44,92.56,2025-09-08,7.004999160766602,33.91999816894531,75.62499582767487,,INVALID,N/A,INVALID_RETRIEVAL,VALID,INVALID_RETRIEVAL,PARTIAL_RAINFALL_ONLY,2025-09-08,0,3B-DAY.MS.MRG.3IMERG.20250908-S000000-E235959.V07B.nc4,SMAP_L3_SM_P_20250908_R19240_001.h5,mm/day,cm^3/cm^3,18.67,LOW,"[""Low overall dynamic environmental triggering pressure""]",PROTOTYPE OPERATIONAL TRIGGER PARAMETERS — REQUIRES REGIONAL SCIENTIFIC CALIBRATION
GSI_SITE_07,Garapunjislide (Hailakandi),Assam,24.46,92.52,2025-09-08,7.004999160766602,33.91999816894531,75.62499582767487,,INVALID,N/A,INVALID_RETRIEVAL,VALID,INVALID_RETRIEVAL,PARTIAL_RAINFALL_ONLY,2025-09-08,0,3B-DAY.MS.MRG.3IMERG.20250908-S000000-E235959.V07B.nc4,SMAP_L3_SM_P_20250908_R19240_001.h5,mm/day,cm^3/cm^3,18.67,LOW,"[""Low overall dynamic environmental triggering pressure""]",PROTOTYPE OPERATIONAL TRIGGER PARAMETERS — REQUIRES REGIONAL SCIENTIFIC CALIBRATION
NER_PILOT_01,"Gangtok, Sikkim",Sikkim,27.33,88.61,2025-09-09,17.670000076293945,34.07499933242798,81.89500188827515,,INVALID,N/A,INVALID_RETRIEVAL,VALID,INVALID_RETRIEVAL,PARTIAL_RAINFALL_ONLY,2025-09-09,0,3B-DAY.MS.MRG.3IMERG.20250909-S000000-E235959.V07B.nc4,SMAP_L3_SM_P_20250909_R19240_002.h5,mm/day,cm^3/cm^3,23.33,LOW,"[""Low overall dynamic environmental triggering pressure""]",PROTOTYPE OPERATIONAL TRIGGER PARAMETERS — REQUIRES REGIONAL SCIENTIFIC CALIBRATION
NER_PILOT_02,"Guwahati, Assam",Assam,26.14,91.73,2025-09-09,15.854999542236328,24.72000002861023,45.779999017715454,0.25550898909568787,WARNING,AM_6AM,AM_NON_RECOMMENDED,VALID,VALID,COMPLETE,2025-09-09,0,3B-DAY.MS.MRG.3IMERG.20250909-S000000-E235959.V07B.nc4,SMAP_L3_SM_P_20250909_R19240_002.h5,mm/day,cm^3/cm^3,24.72,LOW,"[""Low overall dynamic environmental triggering pressure""]",PROTOTYPE OPERATIONAL TRIGGER PARAMETERS — REQUIRES REGIONAL SCIENTIFIC CALIBRATION
NER_PILOT_03,"Shillong, Meghalaya",Meghalaya,25.57,91.88,2025-09-09,12.039999008178711,70.58500099182129,107.0699987411499,0.20917284488677979,RECOMMENDED,AM_6AM,AM_RECOMMENDED,VALID,VALID,COMPLETE,2025-09-09,0,3B-DAY.MS.MRG.3IMERG.20250909-S000000-E235959.V07B.nc4,SMAP_L3_SM_P_20250909_R19240_002.h5,mm/day,cm^3/cm^3,35.59,LOW,"[""Low overall dynamic environmental triggering pressure""]",PROTOTYPE OPERATIONAL TRIGGER PARAMETERS — REQUIRES REGIONAL SCIENTIFIC CALIBRATION
NER_PILOT_04,"Aizawl, Mizoram",Mizoram,23.73,92.71,2025-09-09,2.365000009536743,28.3249990940094,69.95499539375305,,INVALID,N/A,INVALID_RETRIEVAL,VALID,INVALID_RETRIEVAL,PARTIAL_RAINFALL_ONLY,2025-09-09,0,3B-DAY.MS.MRG.3IMERG.20250909-S000000-E235959.V07B.nc4,SMAP_L3_SM_P_20250909_R19240_002.h5,mm/day,cm^3/cm^3,14.96,LOW,"[""Low overall dynamic environmental triggering pressure""]",PROTOTYPE OPERATIONAL TRIGGER PARAMETERS — REQUIRES REGIONAL SCIENTIFIC CALIBRATION
NER_PILOT_05,"Kohima, Nagaland",Nagaland,25.67,94.11,2025-09-09,0.4300000071525574,6.48499983549118,27.44500082731247,,INVALID,N/A,INVALID_RETRIEVAL,VALID,INVALID_RETRIEVAL,PARTIAL_RAINFALL_ONLY,2025-09-09,0,3B-DAY.MS.MRG.3IMERG.20250909-S000000-E235959.V07B.nc4,SMAP_L3_SM_P_20250909_R19240_002.h5,mm/day,cm^3/cm^3,4.53,LOW,"[""Low overall dynamic environmental triggering pressure""]",PROTOTYPE OPERATIONAL TRIGGER PARAMETERS — REQUIRES REGIONAL SCIENTIFIC CALIBRATION
NER_PILOT_06,"Imphal, Manipur",Manipur,24.81,93.94,2025-09-09,20.94500160217285,31.960001468658447,48.0200012922287,,INVALID,N/A,INVALID_RETRIEVAL,VALID,INVALID_RETRIEVAL,PARTIAL_RAINFALL_ONLY,2025-09-09,0,3B-DAY.MS.MRG.3IMERG.20250909-S000000-E235959.V07B.nc4,SMAP_L3_SM_P_20250909_R19240_002.h5,mm/day,cm^3/cm^3,20.65,LOW,"[""Low overall dynamic environmental triggering pressure""]",PROTOTYPE OPERATIONAL TRIGGER PARAMETERS — REQUIRES REGIONAL SCIENTIFIC CALIBRATION
NER_PILOT_07,"Itanagar, Arunachal Pradesh",Arunachal Pradesh,27.08,93.61,2025-09-09,49.52000427246094,77.73500347137451,151.95000231266022,,INVALID,N/A,INVALID_RETRIEVAL,VALID,INVALID_RETRIEVAL,PARTIAL_RAINFALL_ONLY,2025-09-09,0,3B-DAY.MS.MRG.3IMERG.20250909-S000000-E235959.V07B.nc4,SMAP_L3_SM_P_20250909_R19240_002.h5,mm/day,cm^3/cm^3,53.2,MODERATE,"[""Low overall dynamic environmental triggering pressure""]",PROTOTYPE OPERATIONAL TRIGGER PARAMETERS — REQUIRES REGIONAL SCIENTIFIC CALIBRATION
NER_PILOT_08,"Agartala, Tripura",Tripura,23.83,91.28,2025-09-09,2.450000047683716,18.470001459121704,109.46499645709991,0.3789450526237488,RECOMMENDED,AM_6AM,AM_RECOMMENDED,VALID,VALID,COMPLETE,2025-09-09,0,3B-DAY.MS.MRG.3IMERG.20250909-S000000-E235959.V07B.nc4,SMAP_L3_SM_P_20250909_R19240_002.h5,mm/day,cm^3/cm^3,30.03,LOW,"[""High volumetric soil moisture saturation (0.379 cm\u00b3/cm\u00b3)""]",PROTOTYPE OPERATIONAL TRIGGER PARAMETERS — REQUIRES REGIONAL SCIENTIFIC CALIBRATION
GSI_SITE_01,Kukinala slide (Hailakandi),Assam,24.27,92.5,2025-09-09,12.07499885559082,29.694997906684875,105.81499621272087,0.3789450526237488,RECOMMENDED,AM_6AM,AM_RECOMMENDED,VALID,VALID,COMPLETE,2025-09-09,0,3B-DAY.MS.MRG.3IMERG.20250909-S000000-E235959.V07B.nc4,SMAP_L3_SM_P_20250909_R19240_002.h5,mm/day,cm^3/cm^3,34.87,LOW,"[""High volumetric soil moisture saturation (0.379 cm\u00b3/cm\u00b3)""]",PROTOTYPE OPERATIONAL TRIGGER PARAMETERS — REQUIRES REGIONAL SCIENTIFIC CALIBRATION
GSI_SITE_02,Jalnachaura slide (Hailakandi),Assam,24.31,92.56,2025-09-09,10.745000839233398,37.25,112.79499971866608,0.3789450526237488,RECOMMENDED,AM_6AM,AM_RECOMMENDED,VALID,VALID,COMPLETE,2025-09-09,0,3B-DAY.MS.MRG.3IMERG.20250909-S000000-E235959.V07B.nc4,SMAP_L3_SM_P_20250909_R19240_002.h5,mm/day,cm^3/cm^3,36.54,LOW,"[""High volumetric soil moisture saturation (0.379 cm\u00b3/cm\u00b3)""]",PROTOTYPE OPERATIONAL TRIGGER PARAMETERS — REQUIRES REGIONAL SCIENTIFIC CALIBRATION
GSI_SITE_03,Nandagram slide (Hailakandi),Assam,24.32,92.51,2025-09-09,10.745000839233398,37.25,112.79499971866608,0.3789450526237488,RECOMMENDED,AM_6AM,AM_RECOMMENDED,VALID,VALID,COMPLETE,2025-09-09,0,3B-DAY.MS.MRG.3IMERG.20250909-S000000-E235959.V07B.nc4,SMAP_L3_SM_P_20250909_R19240_002.h5,mm/day,cm^3/cm^3,36.54,LOW,"[""High volumetric soil moisture saturation (0.379 cm\u00b3/cm\u00b3)""]",PROTOTYPE OPERATIONAL TRIGGER PARAMETERS — REQUIRES REGIONAL SCIENTIFIC CALIBRATION
GSI_SITE_04,Nishkar slide (Hailakandi),Assam,24.43,92.55,2025-09-09,25.564998626708984,50.554996490478516,99.68499457836151,0.3789450526237488,RECOMMENDED,AM_6AM,AM_RECOMMENDED,VALID,VALID,COMPLETE,2025-09-09,0,3B-DAY.MS.MRG.3IMERG.20250909-S000000-E235959.V07B.nc4,SMAP_L3_SM_P_20250909_R19240_002.h5,mm/day,cm^3/cm^3,42.6,MODERATE,"[""High volumetric soil moisture saturation (0.379 cm\u00b3/cm\u00b3)""]",PROTOTYPE OPERATIONAL TRIGGER PARAMETERS — REQUIRES REGIONAL SCIENTIFIC CALIBRATION
GSI_SITE_05,Paglacherra slide (Karimganj),Assam,24.44,92.5,2025-09-09,26.969999313354492,46.03499984741211,97.61999917030334,0.3789450526237488,RECOMMENDED,AM_6AM,AM_RECOMMENDED,VALID,VALID,COMPLETE,2025-09-09,0,3B-DAY.MS.MRG.3IMERG.20250909-S000000-E235959.V07B.nc4,SMAP_L3_SM_P_20250909_R19240_002.h5,mm/day,cm^3/cm^3,41.95,MODERATE,"[""High volumetric soil moisture saturation (0.379 cm\u00b3/cm\u00b3)""]",PROTOTYPE OPERATIONAL TRIGGER PARAMETERS — REQUIRES REGIONAL SCIENTIFIC CALIBRATION
GSI_SITE_06,Lalpani slide (Hailakandi),Assam,24.44,92.56,2025-09-09,25.564998626708984,50.554996490478516,99.68499457836151,0.3789450526237488,RECOMMENDED,AM_6AM,AM_RECOMMENDED,VALID,VALID,COMPLETE,2025-09-09,0,3B-DAY.MS.MRG.3IMERG.20250909-S000000-E235959.V07B.nc4,SMAP_L3_SM_P_20250909_R19240_002.h5,mm/day,cm^3/cm^3,42.6,MODERATE,"[""High volumetric soil moisture saturation (0.379 cm\u00b3/cm\u00b3)""]",PROTOTYPE OPERATIONAL TRIGGER PARAMETERS — REQUIRES REGIONAL SCIENTIFIC CALIBRATION
GSI_SITE_07,Garapunjislide (Hailakandi),Assam,24.46,92.52,2025-09-09,25.564998626708984,50.554996490478516,99.68499457836151,,INVALID,N/A,INVALID_RETRIEVAL,VALID,INVALID_RETRIEVAL,PARTIAL_RAINFALL_ONLY,2025-09-09,0,3B-DAY.MS.MRG.3IMERG.20250909-S000000-E235959.V07B.nc4,SMAP_L3_SM_P_20250909_R19240_002.h5,mm/day,cm^3/cm^3,32.19,LOW,"[""Low overall dynamic environmental triggering pressure""]",PROTOTYPE OPERATIONAL TRIGGER PARAMETERS — REQUIRES REGIONAL SCIENTIFIC CALIBRATION
NER_PILOT_01,"Gangtok, Sikkim",Sikkim,27.33,88.61,2025-09-10,6.704999923706055,29.78499937057495,72.67500257492065,0.12623703479766846,WARNING,PM_6PM,PM_NON_RECOMMENDED,VALID,VALID,COMPLETE,2025-09-10,0,3B-DAY.MS.MRG.3IMERG.20250910-S000000-E235959.V07B.nc4,SMAP_L3_SM_P_20250910_R19240_002.h5,mm/day,cm^3/cm^3,19.39,LOW,"[""Low overall dynamic environmental triggering pressure""]",PROTOTYPE OPERATIONAL TRIGGER PARAMETERS — REQUIRES REGIONAL SCIENTIFIC CALIBRATION
NER_PILOT_02,"Guwahati, Assam",Assam,26.14,91.73,2025-09-10,3.1500000953674316,22.34500002861023,42.95499920845032,0.39344388246536255,WARNING,AM_PM_MEAN,AM_PM_NON_RECOMMENDED_MEAN,VALID,VALID,COMPLETE,2025-09-10,0,3B-DAY.MS.MRG.3IMERG.20250910-S000000-E235959.V07B.nc4,SMAP_L3_SM_P_20250910_R19240_002.h5,mm/day,cm^3/cm^3,26.34,LOW,"[""High volumetric soil moisture saturation (0.393 cm\u00b3/cm\u00b3)""]",PROTOTYPE OPERATIONAL TRIGGER PARAMETERS — REQUIRES REGIONAL SCIENTIFIC CALIBRATION
NER_PILOT_03,"Shillong, Meghalaya",Meghalaya,25.57,91.88,2025-09-10,5.294999599456787,50.12499952316284,106.07999849319458,0.18343213200569153,RECOMMENDED,PM_6PM,PM_RECOMMENDED,VALID,VALID,COMPLETE,2025-09-10,0,3B-DAY.MS.MRG.3IMERG.20250910-S000000-E235959.V07B.nc4,SMAP_L3_SM_P_20250910_R19240_002.h5,mm/day,cm^3/cm^3,28.25,LOW,"[""Low overall dynamic environmental triggering pressure""]",PROTOTYPE OPERATIONAL TRIGGER PARAMETERS — REQUIRES REGIONAL SCIENTIFIC CALIBRATION
NER_PILOT_04,"Aizawl, Mizoram",Mizoram,23.73,92.71,2025-09-10,0.9550000429153442,8.84499967098236,59.80499589443207,,INVALID,N/A,INVALID_RETRIEVAL,VALID,INVALID_RETRIEVAL,PARTIAL_RAINFALL_ONLY,2025-09-10,0,3B-DAY.MS.MRG.3IMERG.20250910-S000000-E235959.V07B.nc4,SMAP_L3_SM_P_20250910_R19240_002.h5,mm/day,cm^3/cm^3,8.55,LOW,"[""Low overall dynamic environmental triggering pressure""]",PROTOTYPE OPERATIONAL TRIGGER PARAMETERS — REQUIRES REGIONAL SCIENTIFIC CALIBRATION
NER_PILOT_05,"Kohima, Nagaland",Nagaland,25.67,94.11,2025-09-10,0.33000001311302185,2.339999943971634,27.225000888109207,,INVALID,N/A,INVALID_RETRIEVAL,VALID,INVALID_RETRIEVAL,PARTIAL_RAINFALL_ONLY,2025-09-10,0,3B-DAY.MS.MRG.3IMERG.20250910-S000000-E235959.V07B.nc4,SMAP_L3_SM_P_20250910_R19240_002.h5,mm/day,cm^3/cm^3,3.43,LOW,"[""Low overall dynamic environmental triggering pressure""]",PROTOTYPE OPERATIONAL TRIGGER PARAMETERS — REQUIRES REGIONAL SCIENTIFIC CALIBRATION
NER_PILOT_06,"Imphal, Manipur",Manipur,24.81,93.94,2025-09-10,12.32499885559082,38.410000801086426,59.735000133514404,,INVALID,N/A,INVALID_RETRIEVAL,VALID,INVALID_RETRIEVAL,PARTIAL_RAINFALL_ONLY,2025-09-10,0,3B-DAY.MS.MRG.3IMERG.20250910-S000000-E235959.V07B.nc4,SMAP_L3_SM_P_20250910_R19240_002.h5,mm/day,cm^3/cm^3,20.2,LOW,"[""Low overall dynamic environmental triggering pressure""]",PROTOTYPE OPERATIONAL TRIGGER PARAMETERS — REQUIRES REGIONAL SCIENTIFIC CALIBRATION
NER_PILOT_07,"Itanagar, Arunachal Pradesh",Arunachal Pradesh,27.08,93.61,2025-09-10,10.840001106262207,78.67000484466553,161.42000341415405,,INVALID,N/A,INVALID_RETRIEVAL,VALID,INVALID_RETRIEVAL,PARTIAL_RAINFALL_ONLY,2025-09-10,0,3B-DAY.MS.MRG.3IMERG.20250910-S000000-E235959.V07B.nc4,SMAP_L3_SM_P_20250910_R19240_002.h5,mm/day,cm^3/cm^3,39.87,LOW,"[""Low overall dynamic environmental triggering pressure""]",PROTOTYPE OPERATIONAL TRIGGER PARAMETERS — REQUIRES REGIONAL SCIENTIFIC CALIBRATION
NER_PILOT_08,"Agartala, Tripura",Tripura,23.83,91.28,2025-09-10,5.525000095367432,14.005000829696655,107.73999655246735,0.3761054128408432,HIGH,AM_PM_MEAN,AM_PM_RECOMMENDED_MEAN,VALID,VALID,COMPLETE,2025-09-10,0,3B-DAY.MS.MRG.3IMERG.20250910-S000000-E235959.V07B.nc4,SMAP_L3_SM_P_20250910_R19240_002.h5,mm/day,cm^3/cm^3,29.79,LOW,"[""High volumetric soil moisture saturation (0.376 cm\u00b3/cm\u00b3)""]",PROTOTYPE OPERATIONAL TRIGGER PARAMETERS — REQUIRES REGIONAL SCIENTIFIC CALIBRATION
GSI_SITE_01,Kukinala slide (Hailakandi),Assam,24.27,92.5,2025-09-10,9.57499885559082,23.104997754096985,108.14499613642693,0.3761054128408432,HIGH,AM_PM_MEAN,AM_PM_RECOMMENDED_MEAN,VALID,VALID,COMPLETE,2025-09-10,0,3B-DAY.MS.MRG.3IMERG.20250910-S000000-E235959.V07B.nc4,SMAP_L3_SM_P_20250910_R19240_002.h5,mm/day,cm^3/cm^3,32.86,LOW,"[""High volumetric soil moisture saturation (0.376 cm\u00b3/cm\u00b3)""]",PROTOTYPE OPERATIONAL TRIGGER PARAMETERS — REQUIRES REGIONAL SCIENTIFIC CALIBRATION
GSI_SITE_02,Jalnachaura slide (Hailakandi),Assam,24.31,92.56,2025-09-10,10.295001029968262,25.88000202178955,114.78500044345856,0.3761054128408432,HIGH,AM_PM_MEAN,AM_PM_RECOMMENDED_MEAN,VALID,VALID,COMPLETE,2025-09-10,0,3B-DAY.MS.MRG.3IMERG.20250910-S000000-E235959.V07B.nc4,SMAP_L3_SM_P_20250910_R19240_002.h5,mm/day,cm^3/cm^3,34.16,LOW,"[""High volumetric soil moisture saturation (0.376 cm\u00b3/cm\u00b3)""]",PROTOTYPE OPERATIONAL TRIGGER PARAMETERS — REQUIRES REGIONAL SCIENTIFIC CALIBRATION
GSI_SITE_03,Nandagram slide (Hailakandi),Assam,24.32,92.51,2025-09-10,10.295001029968262,25.88000202178955,114.78500044345856,0.3761054128408432,HIGH,AM_PM_MEAN,AM_PM_RECOMMENDED_MEAN,VALID,VALID,COMPLETE,2025-09-10,0,3B-DAY.MS.MRG.3IMERG.20250910-S000000-E235959.V07B.nc4,SMAP_L3_SM_P_20250910_R19240_002.h5,mm/day,cm^3/cm^3,34.16,LOW,"[""High volumetric soil moisture saturation (0.376 cm\u00b3/cm\u00b3)""]",PROTOTYPE OPERATIONAL TRIGGER PARAMETERS — REQUIRES REGIONAL SCIENTIFIC CALIBRATION
GSI_SITE_04,Nishkar slide (Hailakandi),Assam,24.43,92.55,2025-09-10,13.224998474121094,45.79499626159668,99.34499442577362,0.3761054128408432,HIGH,AM_PM_MEAN,AM_PM_RECOMMENDED_MEAN,VALID,VALID,COMPLETE,2025-09-10,0,3B-DAY.MS.MRG.3IMERG.20250910-S000000-E235959.V07B.nc4,SMAP_L3_SM_P_20250910_R19240_002.h5,mm/day,cm^3/cm^3,37.79,LOW,"[""High volumetric soil moisture saturation (0.376 cm\u00b3/cm\u00b3)""]",PROTOTYPE OPERATIONAL TRIGGER PARAMETERS — REQUIRES REGIONAL SCIENTIFIC CALIBRATION
GSI_SITE_05,Paglacherra slide (Karimganj),Assam,24.44,92.5,2025-09-10,8.024999618530273,39.8799991607666,96.36499810218811,0.3761054128408432,HIGH,AM_PM_MEAN,AM_PM_RECOMMENDED_MEAN,VALID,VALID,COMPLETE,2025-09-10,0,3B-DAY.MS.MRG.3IMERG.20250910-S000000-E235959.V07B.nc4,SMAP_L3_SM_P_20250910_R19240_002.h5,mm/day,cm^3/cm^3,34.81,LOW,"[""High volumetric soil moisture saturation (0.376 cm\u00b3/cm\u00b3)""]",PROTOTYPE OPERATIONAL TRIGGER PARAMETERS — REQUIRES REGIONAL SCIENTIFIC CALIBRATION
GSI_SITE_06,Lalpani slide (Hailakandi),Assam,24.44,92.56,2025-09-10,13.224998474121094,45.79499626159668,99.34499442577362,0.3761054128408432,HIGH,AM_PM_MEAN,AM_PM_RECOMMENDED_MEAN,VALID,VALID,COMPLETE,2025-09-10,0,3B-DAY.MS.MRG.3IMERG.20250910-S000000-E235959.V07B.nc4,SMAP_L3_SM_P_20250910_R19240_002.h5,mm/day,cm^3/cm^3,37.79,LOW,"[""High volumetric soil moisture saturation (0.376 cm\u00b3/cm\u00b3)""]",PROTOTYPE OPERATIONAL TRIGGER PARAMETERS — REQUIRES REGIONAL SCIENTIFIC CALIBRATION
GSI_SITE_07,Garapunjislide (Hailakandi),Assam,24.46,92.52,2025-09-10,13.224998474121094,45.79499626159668,99.34499442577362,0.3344396650791168,HIGH,AM_PM_MEAN,AM_PM_RECOMMENDED_MEAN,VALID,VALID,COMPLETE,2025-09-10,0,3B-DAY.MS.MRG.3IMERG.20250910-S000000-E235959.V07B.nc4,SMAP_L3_SM_P_20250910_R19240_002.h5,mm/day,cm^3/cm^3,35.94,LOW,"[""High volumetric soil moisture saturation (0.334 cm\u00b3/cm\u00b3)""]",PROTOTYPE OPERATIONAL TRIGGER PARAMETERS — REQUIRES REGIONAL SCIENTIFIC CALIBRATION
NER_PILOT_01,"Gangtok, Sikkim",Sikkim,27.33,88.61,2025-09-11,5.644999980926514,30.019999980926514,71.65500259399414,,INVALID,N/A,INVALID_RETRIEVAL,VALID,INVALID_RETRIEVAL,PARTIAL_RAINFALL_ONLY,2025-09-11,0,3B-DAY.MS.MRG.3IMERG.20250911-S000000-E235959.V07B.nc4,SMAP_L3_SM_P_20250911_R19240_001.h5,mm/day,cm^3/cm^3,16.79,LOW,"[""Low overall dynamic environmental triggering pressure""]",PROTOTYPE OPERATIONAL TRIGGER PARAMETERS — REQUIRES REGIONAL SCIENTIFIC CALIBRATION
NER_PILOT_02,"Guwahati, Assam",Assam,26.14,91.73,2025-09-11,13.454998970031738,32.4599986076355,52.14499831199646,,INVALID,N/A,INVALID_RETRIEVAL,VALID,INVALID_RETRIEVAL,PARTIAL_RAINFALL_ONLY,2025-09-11,0,3B-DAY.MS.MRG.3IMERG.20250911-S000000-E235959.V07B.nc4,SMAP_L3_SM_P_20250911_R19240_001.h5,mm/day,cm^3/cm^3,18.38,LOW,"[""Low overall dynamic environmental triggering pressure""]",PROTOTYPE OPERATIONAL TRIGGER PARAMETERS — REQUIRES REGIONAL SCIENTIFIC CALIBRATION
NER_PILOT_03,"Shillong, Meghalaya",Meghalaya,25.57,91.88,2025-09-11,31.894989013671875,49.22998762130737,131.33998823165894,,INVALID,N/A,INVALID_RETRIEVAL,VALID,INVALID_RETRIEVAL,PARTIAL_RAINFALL_ONLY,2025-09-11,0,3B-DAY.MS.MRG.3IMERG.20250911-S000000-E235959.V07B.nc4,SMAP_L3_SM_P_20250911_R19240_001.h5,mm/day,cm^3/cm^3,37.4,LOW,"[""Low overall dynamic environmental triggering pressure""]",PROTOTYPE OPERATIONAL TRIGGER PARAMETERS — REQUIRES REGIONAL SCIENTIFIC CALIBRATION
NER_PILOT_04,"Aizawl, Mizoram",Mizoram,23.73,92.71,2025-09-11,17.219999313354492,20.53999936580658,70.3199952840805,,INVALID,N/A,INVALID_RETRIEVAL,VALID,INVALID_RETRIEVAL,PARTIAL_RAINFALL_ONLY,2025-09-11,0,3B-DAY.MS.MRG.3IMERG.20250911-S000000-E235959.V07B.nc4,SMAP_L3_SM_P_20250911_R19240_001.h5,mm/day,cm^3/cm^3,18.62,LOW,"[""Low overall dynamic environmental triggering pressure""]",PROTOTYPE OPERATIONAL TRIGGER PARAMETERS — REQUIRES REGIONAL SCIENTIFIC CALIBRATION
NER_PILOT_05,"Kohima, Nagaland",Nagaland,25.67,94.11,2025-09-11,7.005000114440918,7.765000134706497,28.260001212358475,,INVALID,N/A,INVALID_RETRIEVAL,VALID,INVALID_RETRIEVAL,PARTIAL_RAINFALL_ONLY,2025-09-11,0,3B-DAY.MS.MRG.3IMERG.20250911-S000000-E235959.V07B.nc4,SMAP_L3_SM_P_20250911_R19240_001.h5,mm/day,cm^3/cm^3,7.39,LOW,"[""Low overall dynamic environmental triggering pressure""]",PROTOTYPE OPERATIONAL TRIGGER PARAMETERS — REQUIRES REGIONAL SCIENTIFIC CALIBRATION
NER_PILOT_06,"Imphal, Manipur",Manipur,24.81,93.94,2025-09-11,5.510000228881836,38.78000068664551,63.47000026702881,,INVALID,N/A,INVALID_RETRIEVAL,VALID,INVALID_RETRIEVAL,PARTIAL_RAINFALL_ONLY,2025-09-11,0,3B-DAY.MS.MRG.3IMERG.20250911-S000000-E235959.V07B.nc4,SMAP_L3_SM_P_20250911_R19240_001.h5,mm/day,cm^3/cm^3,18.11,LOW,"[""Low overall dynamic environmental triggering pressure""]",PROTOTYPE OPERATIONAL TRIGGER PARAMETERS — REQUIRES REGIONAL SCIENTIFIC CALIBRATION
NER_PILOT_07,"Itanagar, Arunachal Pradesh",Arunachal Pradesh,27.08,93.61,2025-09-11,7.159999847412109,67.52000522613525,149.3700041770935,,INVALID,N/A,INVALID_RETRIEVAL,VALID,INVALID_RETRIEVAL,PARTIAL_RAINFALL_ONLY,2025-09-11,0,3B-DAY.MS.MRG.3IMERG.20250911-S000000-E235959.V07B.nc4,SMAP_L3_SM_P_20250911_R19240_001.h5,mm/day,cm^3/cm^3,34.5,LOW,"[""Low overall dynamic environmental triggering pressure""]",PROTOTYPE OPERATIONAL TRIGGER PARAMETERS — REQUIRES REGIONAL SCIENTIFIC CALIBRATION
NER_PILOT_08,"Agartala, Tripura",Tripura,23.83,91.28,2025-09-11,13.14999771118164,21.124997854232788,107.68499433994293,,INVALID,N/A,INVALID_RETRIEVAL,VALID,INVALID_RETRIEVAL,PARTIAL_RAINFALL_ONLY,2025-09-11,0,3B-DAY.MS.MRG.3IMERG.20250911-S000000-E235959.V07B.nc4,SMAP_L3_SM_P_20250911_R19240_001.h5,mm/day,cm^3/cm^3,20.98,LOW,"[""Low overall dynamic environmental triggering pressure""]",PROTOTYPE OPERATIONAL TRIGGER PARAMETERS — REQUIRES REGIONAL SCIENTIFIC CALIBRATION
GSI_SITE_01,Kukinala slide (Hailakandi),Assam,24.27,92.5,2025-09-11,32.04500198364258,53.69499969482422,96.98000285029411,,INVALID,N/A,INVALID_RETRIEVAL,VALID,INVALID_RETRIEVAL,PARTIAL_RAINFALL_ONLY,2025-09-11,0,3B-DAY.MS.MRG.3IMERG.20250911-S000000-E235959.V07B.nc4,SMAP_L3_SM_P_20250911_R19240_001.h5,mm/day,cm^3/cm^3,35.14,LOW,"[""Low overall dynamic environmental triggering pressure""]",PROTOTYPE OPERATIONAL TRIGGER PARAMETERS — REQUIRES REGIONAL SCIENTIFIC CALIBRATION
GSI_SITE_02,Jalnachaura slide (Hailakandi),Assam,24.31,92.56,2025-09-11,26.30999755859375,47.34999942779541,104.299999833107,,INVALID,N/A,INVALID_RETRIEVAL,VALID,INVALID_RETRIEVAL,PARTIAL_RAINFALL_ONLY,2025-09-11,0,3B-DAY.MS.MRG.3IMERG.20250911-S000000-E235959.V07B.nc4,SMAP_L3_SM_P_20250911_R19240_001.h5,mm/day,cm^3/cm^3,32.13,LOW,"[""Low overall dynamic environmental triggering pressure""]",PROTOTYPE OPERATIONAL TRIGGER PARAMETERS — REQUIRES REGIONAL SCIENTIFIC CALIBRATION
GSI_SITE_03,Nandagram slide (Hailakandi),Assam,24.32,92.51,2025-09-11,26.30999755859375,47.34999942779541,104.299999833107,,INVALID,N/A,INVALID_RETRIEVAL,VALID,INVALID_RETRIEVAL,PARTIAL_RAINFALL_ONLY,2025-09-11,0,3B-DAY.MS.MRG.3IMERG.20250911-S000000-E235959.V07B.nc4,SMAP_L3_SM_P_20250911_R19240_001.h5,mm/day,cm^3/cm^3,32.13,LOW,"[""Low overall dynamic environmental triggering pressure""]",PROTOTYPE OPERATIONAL TRIGGER PARAMETERS — REQUIRES REGIONAL SCIENTIFIC CALIBRATION
GSI_SITE_04,Nishkar slide (Hailakandi),Assam,24.43,92.55,2025-09-11,24.319995880126953,63.10999298095703,98.36499106884003,,INVALID,N/A,INVALID_RETRIEVAL,VALID,INVALID_RETRIEVAL,PARTIAL_RAINFALL_ONLY,2025-09-11,0,3B-DAY.MS.MRG.3IMERG.20250911-S000000-E235959.V07B.nc4,SMAP_L3_SM_P_20250911_R19240_001.h5,mm/day,cm^3/cm^3,34.73,LOW,"[""Low overall dynamic environmental triggering pressure""]",PROTOTYPE OPERATIONAL TRIGGER PARAMETERS — REQUIRES REGIONAL SCIENTIFIC CALIBRATION
GSI_SITE_05,Paglacherra slide (Karimganj),Assam,24.44,92.5,2025-09-11,19.729999542236328,54.724998474121094,88.52999711036682,,INVALID,N/A,INVALID_RETRIEVAL,VALID,INVALID_RETRIEVAL,PARTIAL_RAINFALL_ONLY,2025-09-11,0,3B-DAY.MS.MRG.3IMERG.20250911-S000000-E235959.V07B.nc4,SMAP_L3_SM_P_20250911_R19240_001.h5,mm/day,cm^3/cm^3,29.93,LOW,"[""Low overall dynamic environmental triggering pressure""]",PROTOTYPE OPERATIONAL TRIGGER PARAMETERS — REQUIRES REGIONAL SCIENTIFIC CALIBRATION
GSI_SITE_06,Lalpani slide (Hailakandi),Assam,24.44,92.56,2025-09-11,24.319995880126953,63.10999298095703,98.36499106884003,,INVALID,N/A,INVALID_RETRIEVAL,VALID,INVALID_RETRIEVAL,PARTIAL_RAINFALL_ONLY,2025-09-11,0,3B-DAY.MS.MRG.3IMERG.20250911-S000000-E235959.V07B.nc4,SMAP_L3_SM_P_20250911_R19240_001.h5,mm/day,cm^3/cm^3,34.73,LOW,"[""Low overall dynamic environmental triggering pressure""]",PROTOTYPE OPERATIONAL TRIGGER PARAMETERS — REQUIRES REGIONAL SCIENTIFIC CALIBRATION
GSI_SITE_07,Garapunjislide (Hailakandi),Assam,24.46,92.52,2025-09-11,24.319995880126953,63.10999298095703,98.36499106884003,,INVALID,N/A,INVALID_RETRIEVAL,VALID,INVALID_RETRIEVAL,PARTIAL_RAINFALL_ONLY,2025-09-11,0,3B-DAY.MS.MRG.3IMERG.20250911-S000000-E235959.V07B.nc4,SMAP_L3_SM_P_20250911_R19240_001.h5,mm/day,cm^3/cm^3,34.73,LOW,"[""Low overall dynamic environmental triggering pressure""]",PROTOTYPE OPERATIONAL TRIGGER PARAMETERS — REQUIRES REGIONAL SCIENTIFIC CALIBRATION
NER_PILOT_01,"Gangtok, Sikkim",Sikkim,27.33,88.61,2025-09-12,16.174999237060547,28.524999141693115,75.08500099182129,0.26232118159532547,WARNING,AM_PM_MEAN,AM_PM_NON_RECOMMENDED_MEAN,VALID,VALID,COMPLETE,2025-09-12,0,3B-DAY.MS.MRG.3IMERG.20250912-S000000-E235959.V07B.nc4,SMAP_L3_SM_P_20250912_R19240_001.h5,mm/day,cm^3/cm^3,28.22,LOW,"[""Low overall dynamic environmental triggering pressure""]",PROTOTYPE OPERATIONAL TRIGGER PARAMETERS — REQUIRES REGIONAL SCIENTIFIC CALIBRATION
NER_PILOT_02,"Guwahati, Assam",Assam,26.14,91.73,2025-09-12,17.199996948242188,33.80499601364136,61.44999575614929,0.30929360538721085,WARNING,AM_PM_MEAN,AM_PM_NON_RECOMMENDED_MEAN,VALID,VALID,COMPLETE,2025-09-12,0,3B-DAY.MS.MRG.3IMERG.20250912-S000000-E235959.V07B.nc4,SMAP_L3_SM_P_20250912_R19240_001.h5,mm/day,cm^3/cm^3,30.58,LOW,"[""High volumetric soil moisture saturation (0.309 cm\u00b3/cm\u00b3)""]",PROTOTYPE OPERATIONAL TRIGGER PARAMETERS — REQUIRES REGIONAL SCIENTIFIC CALIBRATION
NER_PILOT_03,"Shillong, Meghalaya",Meghalaya,25.57,91.88,2025-09-12,22.264997482299805,59.45498609542847,139.56498670578003,0.23725759238004684,HIGH,AM_PM_MEAN,AM_PM_RECOMMENDED_MEAN,VALID,VALID,COMPLETE,2025-09-12,0,3B-DAY.MS.MRG.3IMERG.20250912-S000000-E235959.V07B.nc4,SMAP_L3_SM_P_20250912_R19240_001.h5,mm/day,cm^3/cm^3,40.28,MODERATE,"[""Low overall dynamic environmental triggering pressure""]",PROTOTYPE OPERATIONAL TRIGGER PARAMETERS — REQUIRES REGIONAL SCIENTIFIC CALIBRATION
NER_PILOT_04,"Aizawl, Mizoram",Mizoram,23.73,92.71,2025-09-12,18.229999542236328,36.404998898506165,83.9749950170517,,INVALID,N/A,INVALID_RETRIEVAL,VALID,INVALID_RETRIEVAL,PARTIAL_RAINFALL_ONLY,2025-09-12,0,3B-DAY.MS.MRG.3IMERG.20250912-S000000-E235959.V07B.nc4,SMAP_L3_SM_P_20250912_R19240_001.h5,mm/day,cm^3/cm^3,24.33,LOW,"[""Low overall dynamic environmental triggering pressure""]",PROTOTYPE OPERATIONAL TRIGGER PARAMETERS — REQUIRES REGIONAL SCIENTIFIC CALIBRATION
NER_PILOT_05,"Kohima, Nagaland",Nagaland,25.67,94.11,2025-09-12,9.835000038146973,17.170000165700912,24.329999953508377,,INVALID,N/A,INVALID_RETRIEVAL,VALID,INVALID_RETRIEVAL,PARTIAL_RAINFALL_ONLY,2025-09-12,0,3B-DAY.MS.MRG.3IMERG.20250912-S000000-E235959.V07B.nc4,SMAP_L3_SM_P_20250912_R19240_001.h5,mm/day,cm^3/cm^3,10.41,LOW,"[""Low overall dynamic environmental triggering pressure""]",PROTOTYPE OPERATIONAL TRIGGER PARAMETERS — REQUIRES REGIONAL SCIENTIFIC CALIBRATION
NER_PILOT_06,"Imphal, Manipur",Manipur,24.81,93.94,2025-09-12,18.010000228881836,35.84499931335449,73.6950011253357,,INVALID,N/A,INVALID_RETRIEVAL,VALID,INVALID_RETRIEVAL,PARTIAL_RAINFALL_ONLY,2025-09-12,0,3B-DAY.MS.MRG.3IMERG.20250912-S000000-E235959.V07B.nc4,SMAP_L3_SM_P_20250912_R19240_001.h5,mm/day,cm^3/cm^3,23.08,LOW,"[""Low overall dynamic environmental triggering pressure""]",PROTOTYPE OPERATIONAL TRIGGER PARAMETERS — REQUIRES REGIONAL SCIENTIFIC CALIBRATION
NER_PILOT_07,"Itanagar, Arunachal Pradesh",Arunachal Pradesh,27.08,93.61,2025-09-12,4.884999752044678,22.885000705718994,107.79500484466553,0.08986910432577133,WARNING,AM_PM_MEAN,AM_PM_NON_RECOMMENDED_MEAN,VALID,VALID,COMPLETE,2025-09-12,0,3B-DAY.MS.MRG.3IMERG.20250912-S000000-E235959.V07B.nc4,SMAP_L3_SM_P_20250912_R19240_001.h5,mm/day,cm^3/cm^3,18.66,LOW,"[""Low overall dynamic environmental triggering pressure""]",PROTOTYPE OPERATIONAL TRIGGER PARAMETERS — REQUIRES REGIONAL SCIENTIFIC CALIBRATION
NER_PILOT_08,"Agartala, Tripura",Tripura,23.83,91.28,2025-09-12,9.105000495910645,27.779998302459717,115.99499487876892,0.33749811351299286,HIGH,AM_PM_MEAN,AM_PM_RECOMMENDED_MEAN,VALID,VALID,COMPLETE,2025-09-12,0,3B-DAY.MS.MRG.3IMERG.20250912-S000000-E235959.V07B.nc4,SMAP_L3_SM_P_20250912_R19240_001.h5,mm/day,cm^3/cm^3,32.57,LOW,"[""High volumetric soil moisture saturation (0.337 cm\u00b3/cm\u00b3)""]",PROTOTYPE OPERATIONAL TRIGGER PARAMETERS — REQUIRES REGIONAL SCIENTIFIC CALIBRATION
GSI_SITE_01,Kukinala slide (Hailakandi),Assam,24.27,92.5,2025-09-12,42.55500030517578,84.17500114440918,139.0500031709671,0.33749811351299286,HIGH,AM_PM_MEAN,AM_PM_RECOMMENDED_MEAN,VALID,VALID,COMPLETE,2025-09-12,0,3B-DAY.MS.MRG.3IMERG.20250912-S000000-E235959.V07B.nc4,SMAP_L3_SM_P_20250912_R19240_001.h5,mm/day,cm^3/cm^3,55.73,MODERATE,"[""High volumetric soil moisture saturation (0.337 cm\u00b3/cm\u00b3)""]",PROTOTYPE OPERATIONAL TRIGGER PARAMETERS — REQUIRES REGIONAL SCIENTIFIC CALIBRATION
GSI_SITE_02,Jalnachaura slide (Hailakandi),Assam,24.31,92.56,2025-09-12,42.61499786376953,79.21999645233154,146.06499767303467,0.33749811351299286,HIGH,AM_PM_MEAN,AM_PM_RECOMMENDED_MEAN,VALID,VALID,COMPLETE,2025-09-12,0,3B-DAY.MS.MRG.3IMERG.20250912-S000000-E235959.V07B.nc4,SMAP_L3_SM_P_20250912_R19240_001.h5,mm/day,cm^3/cm^3,55.31,MODERATE,"[""High volumetric soil moisture saturation (0.337 cm\u00b3/cm\u00b3)""]",PROTOTYPE OPERATIONAL TRIGGER PARAMETERS — REQUIRES REGIONAL SCIENTIFIC CALIBRATION
GSI_SITE_03,Nandagram slide (Hailakandi),Assam,24.32,92.51,2025-09-12,42.61499786376953,79.21999645233154,146.06499767303467,0.33749811351299286,HIGH,AM_PM_MEAN,AM_PM_RECOMMENDED_MEAN,VALID,VALID,COMPLETE,2025-09-12,0,3B-DAY.MS.MRG.3IMERG.20250912-S000000-E235959.V07B.nc4,SMAP_L3_SM_P_20250912_R19240_001.h5,mm/day,cm^3/cm^3,55.31,MODERATE,"[""High volumetric soil moisture saturation (0.337 cm\u00b3/cm\u00b3)""]",PROTOTYPE OPERATIONAL TRIGGER PARAMETERS — REQUIRES REGIONAL SCIENTIFIC CALIBRATION
GSI_SITE_04,Nishkar slide (Hailakandi),Assam,24.43,92.55,2025-09-12,56.03499984741211,93.57999420166016,153.06499099731445,0.33749811351299286,HIGH,AM_PM_MEAN,AM_PM_RECOMMENDED_MEAN,VALID,VALID,COMPLETE,2025-09-12,0,3B-DAY.MS.MRG.3IMERG.20250912-S000000-E235959.V07B.nc4,SMAP_L3_SM_P_20250912_R19240_001.h5,mm/day,cm^3/cm^3,62.77,MODERATE,"[""Heavy 1-day rainfall accumulation (56.0 mm/day)"", ""High volumetric soil moisture saturation (0.337 cm\u00b3/cm\u00b3)""]",PROTOTYPE OPERATIONAL TRIGGER PARAMETERS — REQUIRES REGIONAL SCIENTIFIC CALIBRATION
GSI_SITE_05,Paglacherra slide (Karimganj),Assam,24.44,92.5,2025-09-12,51.87999725341797,79.63499641418457,139.16999435424805,0.33749811351299286,HIGH,AM_PM_MEAN,AM_PM_RECOMMENDED_MEAN,VALID,VALID,COMPLETE,2025-09-12,0,3B-DAY.MS.MRG.3IMERG.20250912-S000000-E235959.V07B.nc4,SMAP_L3_SM_P_20250912_R19240_001.h5,mm/day,cm^3/cm^3,57.62,MODERATE,"[""Heavy 1-day rainfall accumulation (51.9 mm/day)"", ""High volumetric soil moisture saturation (0.337 cm\u00b3/cm\u00b3)""]",PROTOTYPE OPERATIONAL TRIGGER PARAMETERS — REQUIRES REGIONAL SCIENTIFIC CALIBRATION
GSI_SITE_06,Lalpani slide (Hailakandi),Assam,24.44,92.56,2025-09-12,56.03499984741211,93.57999420166016,153.06499099731445,0.33749811351299286,HIGH,AM_PM_MEAN,AM_PM_RECOMMENDED_MEAN,VALID,VALID,COMPLETE,2025-09-12,0,3B-DAY.MS.MRG.3IMERG.20250912-S000000-E235959.V07B.nc4,SMAP_L3_SM_P_20250912_R19240_001.h5,mm/day,cm^3/cm^3,62.77,MODERATE,"[""Heavy 1-day rainfall accumulation (56.0 mm/day)"", ""High volumetric soil moisture saturation (0.337 cm\u00b3/cm\u00b3)""]",PROTOTYPE OPERATIONAL TRIGGER PARAMETERS — REQUIRES REGIONAL SCIENTIFIC CALIBRATION
GSI_SITE_07,Garapunjislide (Hailakandi),Assam,24.46,92.52,2025-09-12,56.03499984741211,93.57999420166016,153.06499099731445,0.30438269674777985,HIGH,AM_PM_MEAN,AM_PM_RECOMMENDED_MEAN,VALID,VALID,COMPLETE,2025-09-12,0,3B-DAY.MS.MRG.3IMERG.20250912-S000000-E235959.V07B.nc4,SMAP_L3_SM_P_20250912_R19240_001.h5,mm/day,cm^3/cm^3,61.3,MODERATE,"[""Heavy 1-day rainfall accumulation (56.0 mm/day)"", ""High volumetric soil moisture saturation (0.304 cm\u00b3/cm\u00b3)""]",PROTOTYPE OPERATIONAL TRIGGER PARAMETERS — REQUIRES REGIONAL SCIENTIFIC CALIBRATION
NER_PILOT_01,"Gangtok, Sikkim",Sikkim,27.33,88.61,2025-09-13,50.179996490478516,71.99999570846558,112.77999496459961,0.25522324442863464,WARNING,PM_6PM,PM_NON_RECOMMENDED,VALID,VALID,COMPLETE,2025-09-13,0,3B-DAY.MS.MRG.3IMERG.20250913-S000000-E235959.V07B.nc4,SMAP_L3_SM_P_20250913_R19240_001.h5,mm/day,cm^3/cm^3,49.82,MODERATE,"[""Heavy 1-day rainfall accumulation (50.2 mm/day)""]",PROTOTYPE OPERATIONAL TRIGGER PARAMETERS — REQUIRES REGIONAL SCIENTIFIC CALIBRATION
NER_PILOT_02,"Guwahati, Assam",Assam,26.14,91.73,2025-09-13,50.14500045776367,80.7999963760376,108.66999650001526,,INVALID,N/A,INVALID_RETRIEVAL,VALID,INVALID_RETRIEVAL,PARTIAL_RAINFALL_ONLY,2025-09-13,0,3B-DAY.MS.MRG.3IMERG.20250913-S000000-E235959.V07B.nc4,SMAP_L3_SM_P_20250913_R19240_001.h5,mm/day,cm^3/cm^3,49.87,MODERATE,"[""Heavy 1-day rainfall accumulation (50.1 mm/day)""]",PROTOTYPE OPERATIONAL TRIGGER PARAMETERS — REQUIRES REGIONAL SCIENTIFIC CALIBRATION
NER_PILOT_03,"Shillong, Meghalaya",Meghalaya,25.57,91.88,2025-09-13,31.21500015258789,85.37498664855957,161.25498723983765,,INVALID,N/A,INVALID_RETRIEVAL,VALID,INVALID_RETRIEVAL,PARTIAL_RAINFALL_ONLY,2025-09-13,0,3B-DAY.MS.MRG.3IMERG.20250913-S000000-E235959.V07B.nc4,SMAP_L3_SM_P_20250913_R19240_001.h5,mm/day,cm^3/cm^3,49.17,MODERATE,"[""Low overall dynamic environmental triggering pressure""]",PROTOTYPE OPERATIONAL TRIGGER PARAMETERS — REQUIRES REGIONAL SCIENTIFIC CALIBRATION
NER_PILOT_04,"Aizawl, Mizoram",Mizoram,23.73,92.71,2025-09-13,26.259998321533203,61.70999717712402,90.98999631404877,,INVALID,N/A,INVALID_RETRIEVAL,VALID,INVALID_RETRIEVAL,PARTIAL_RAINFALL_ONLY,2025-09-13,0,3B-DAY.MS.MRG.3IMERG.20250913-S000000-E235959.V07B.nc4,SMAP_L3_SM_P_20250913_R19240_001.h5,mm/day,cm^3/cm^3,34.37,LOW,"[""Low overall dynamic environmental triggering pressure""]",PROTOTYPE OPERATIONAL TRIGGER PARAMETERS — REQUIRES REGIONAL SCIENTIFIC CALIBRATION
NER_PILOT_05,"Kohima, Nagaland",Nagaland,25.67,94.11,2025-09-13,40.66499710083008,57.50499725341797,64.31999710202217,,INVALID,N/A,INVALID_RETRIEVAL,VALID,INVALID_RETRIEVAL,PARTIAL_RAINFALL_ONLY,2025-09-13,0,3B-DAY.MS.MRG.3IMERG.20250913-S000000-E235959.V07B.nc4,SMAP_L3_SM_P_20250913_R19240_001.h5,mm/day,cm^3/cm^3,36.06,LOW,"[""Low overall dynamic environmental triggering pressure""]",PROTOTYPE OPERATIONAL TRIGGER PARAMETERS — REQUIRES REGIONAL SCIENTIFIC CALIBRATION
NER_PILOT_06,"Imphal, Manipur",Manipur,24.81,93.94,2025-09-13,82.7699966430664,106.28999710083008,150.57499742507935,,INVALID,N/A,INVALID_RETRIEVAL,VALID,INVALID_RETRIEVAL,PARTIAL_RAINFALL_ONLY,2025-09-13,0,3B-DAY.MS.MRG.3IMERG.20250913-S000000-E235959.V07B.nc4,SMAP_L3_SM_P_20250913_R19240_001.h5,mm/day,cm^3/cm^3,72.67,HIGH,"[""Heavy 1-day rainfall accumulation (82.8 mm/day)"", ""High 3-day antecedent precipitation (106.3 mm)""]",PROTOTYPE OPERATIONAL TRIGGER PARAMETERS — REQUIRES REGIONAL SCIENTIFIC CALIBRATION
NER_PILOT_07,"Itanagar, Arunachal Pradesh",Arunachal Pradesh,27.08,93.61,2025-09-13,31.94499969482422,43.989999294281006,132.56500387191772,,INVALID,N/A,INVALID_RETRIEVAL,VALID,INVALID_RETRIEVAL,PARTIAL_RAINFALL_ONLY,2025-09-13,0,3B-DAY.MS.MRG.3IMERG.20250913-S000000-E235959.V07B.nc4,SMAP_L3_SM_P_20250913_R19240_001.h5,mm/day,cm^3/cm^3,36.23,LOW,"[""Low overall dynamic environmental triggering pressure""]",PROTOTYPE OPERATIONAL TRIGGER PARAMETERS — REQUIRES REGIONAL SCIENTIFIC CALIBRATION
NER_PILOT_08,"Agartala, Tripura",Tripura,23.83,91.28,2025-09-13,14.40999984741211,36.664998054504395,60.65999960899353,0.3311452567577362,RECOMMENDED,PM_6PM,PM_RECOMMENDED,VALID,VALID,COMPLETE,2025-09-13,0,3B-DAY.MS.MRG.3IMERG.20250913-S000000-E235959.V07B.nc4,SMAP_L3_SM_P_20250913_R19240_001.h5,mm/day,cm^3/cm^3,31.23,LOW,"[""High volumetric soil moisture saturation (0.331 cm\u00b3/cm\u00b3)""]",PROTOTYPE OPERATIONAL TRIGGER PARAMETERS — REQUIRES REGIONAL SCIENTIFIC CALIBRATION
GSI_SITE_01,Kukinala slide (Hailakandi),Assam,24.27,92.5,2025-09-13,25.86499786376953,100.46500015258789,139.7349969148636,0.3311452567577362,RECOMMENDED,PM_6PM,PM_RECOMMENDED,VALID,VALID,COMPLETE,2025-09-13,0,3B-DAY.MS.MRG.3IMERG.20250913-S000000-E235959.V07B.nc4,SMAP_L3_SM_P_20250913_R19240_001.h5,mm/day,cm^3/cm^3,53.75,MODERATE,"[""High 3-day antecedent precipitation (100.5 mm)"", ""High volumetric soil moisture saturation (0.331 cm\u00b3/cm\u00b3)""]",PROTOTYPE OPERATIONAL TRIGGER PARAMETERS — REQUIRES REGIONAL SCIENTIFIC CALIBRATION
GSI_SITE_02,Jalnachaura slide (Hailakandi),Assam,24.31,92.56,2025-09-13,55.1199951171875,124.04499053955078,171.58999156951904,0.3311452567577362,RECOMMENDED,PM_6PM,PM_RECOMMENDED,VALID,VALID,COMPLETE,2025-09-13,0,3B-DAY.MS.MRG.3IMERG.20250913-S000000-E235959.V07B.nc4,SMAP_L3_SM_P_20250913_R19240_001.h5,mm/day,cm^3/cm^3,69.79,MODERATE,"[""Heavy 1-day rainfall accumulation (55.1 mm/day)"", ""High 3-day antecedent precipitation (124.0 mm)"", ""High volumetric soil moisture saturation (0.331 cm\u00b3/cm\u00b3)""]",PROTOTYPE OPERATIONAL TRIGGER PARAMETERS — REQUIRES REGIONAL SCIENTIFIC CALIBRATION
GSI_SITE_03,Nandagram slide (Hailakandi),Assam,24.32,92.51,2025-09-13,55.1199951171875,124.04499053955078,171.58999156951904,0.3311452567577362,RECOMMENDED,PM_6PM,PM_RECOMMENDED,VALID,VALID,COMPLETE,2025-09-13,0,3B-DAY.MS.MRG.3IMERG.20250913-S000000-E235959.V07B.nc4,SMAP_L3_SM_P_20250913_R19240_001.h5,mm/day,cm^3/cm^3,69.79,MODERATE,"[""Heavy 1-day rainfall accumulation (55.1 mm/day)"", ""High 3-day antecedent precipitation (124.0 mm)"", ""High volumetric soil moisture saturation (0.331 cm\u00b3/cm\u00b3)""]",PROTOTYPE OPERATIONAL TRIGGER PARAMETERS — REQUIRES REGIONAL SCIENTIFIC CALIBRATION
GSI_SITE_04,Nishkar slide (Hailakandi),Assam,24.43,92.55,2025-09-13,33.345001220703125,113.69999694824219,177.4799919128418,0.3311452567577362,RECOMMENDED,PM_6PM,PM_RECOMMENDED,VALID,VALID,COMPLETE,2025-09-13,0,3B-DAY.MS.MRG.3IMERG.20250913-S000000-E235959.V07B.nc4,SMAP_L3_SM_P_20250913_R19240_001.h5,mm/day,cm^3/cm^3,61.66,MODERATE,"[""High 3-day antecedent precipitation (113.7 mm)"", ""Sustained 7-day antecedent precipitation (177.5 mm)"", ""High volumetric soil moisture saturation (0.331 cm\u00b3/cm\u00b3)""]",PROTOTYPE OPERATIONAL TRIGGER PARAMETERS — REQUIRES REGIONAL SCIENTIFIC CALIBRATION
GSI_SITE_05,Paglacherra slide (Karimganj),Assam,24.44,92.5,2025-09-13,31.610000610351562,103.21999740600586,157.27999687194824,0.3311452567577362,RECOMMENDED,PM_6PM,PM_RECOMMENDED,VALID,VALID,COMPLETE,2025-09-13,0,3B-DAY.MS.MRG.3IMERG.20250913-S000000-E235959.V07B.nc4,SMAP_L3_SM_P_20250913_R19240_001.h5,mm/day,cm^3/cm^3,57.43,MODERATE,"[""High 3-day antecedent precipitation (103.2 mm)"", ""High volumetric soil moisture saturation (0.331 cm\u00b3/cm\u00b3)""]",PROTOTYPE OPERATIONAL TRIGGER PARAMETERS — REQUIRES REGIONAL SCIENTIFIC CALIBRATION
GSI_SITE_06,Lalpani slide (Hailakandi),Assam,24.44,92.56,2025-09-13,33.345001220703125,113.69999694824219,177.4799919128418,0.3311452567577362,RECOMMENDED,PM_6PM,PM_RECOMMENDED,VALID,VALID,COMPLETE,2025-09-13,0,3B-DAY.MS.MRG.3IMERG.20250913-S000000-E235959.V07B.nc4,SMAP_L3_SM_P_20250913_R19240_001.h5,mm/day,cm^3/cm^3,61.66,MODERATE,"[""High 3-day antecedent precipitation (113.7 mm)"", ""Sustained 7-day antecedent precipitation (177.5 mm)"", ""High volumetric soil moisture saturation (0.331 cm\u00b3/cm\u00b3)""]",PROTOTYPE OPERATIONAL TRIGGER PARAMETERS — REQUIRES REGIONAL SCIENTIFIC CALIBRATION
GSI_SITE_07,Garapunjislide (Hailakandi),Assam,24.46,92.52,2025-09-13,33.345001220703125,113.69999694824219,177.4799919128418,0.2914513647556305,RECOMMENDED,PM_6PM,PM_RECOMMENDED,VALID,VALID,COMPLETE,2025-09-13,0,3B-DAY.MS.MRG.3IMERG.20250913-S000000-E235959.V07B.nc4,SMAP_L3_SM_P_20250913_R19240_001.h5,mm/day,cm^3/cm^3,59.9,MODERATE,"[""High 3-day antecedent precipitation (113.7 mm)"", ""Sustained 7-day antecedent precipitation (177.5 mm)""]",PROTOTYPE OPERATIONAL TRIGGER PARAMETERS — REQUIRES REGIONAL SCIENTIFIC CALIBRATION
NER_PILOT_01,"Gangtok, Sikkim",Sikkim,27.33,88.61,2025-09-14,5.87000036239624,72.2249960899353,107.65499544143677,,INVALID,N/A,INVALID_RETRIEVAL,VALID,INVALID_RETRIEVAL,PARTIAL_RAINFALL_ONLY,2025-09-14,0,3B-DAY.MS.MRG.3IMERG.20250914-S000000-E235959.V07B.nc4,SMAP_L3_SM_P_20250914_R19240_001.h5,mm/day,cm^3/cm^3,31.02,LOW,"[""Low overall dynamic environmental triggering pressure""]",PROTOTYPE OPERATIONAL TRIGGER PARAMETERS — REQUIRES REGIONAL SCIENTIFIC CALIBRATION
NER_PILOT_02,"Guwahati, Assam",Assam,26.14,91.73,2025-09-14,18.18999671936035,85.53499412536621,121.33499312400818,0.4475790560245514,WARNING,AM_6AM,AM_NON_RECOMMENDED,VALID,VALID,COMPLETE,2025-09-14,0,3B-DAY.MS.MRG.3IMERG.20250914-S000000-E235959.V07B.nc4,SMAP_L3_SM_P_20250914_R19240_001.h5,mm/day,cm^3/cm^3,52.16,MODERATE,"[""High volumetric soil moisture saturation (0.448 cm\u00b3/cm\u00b3)""]",PROTOTYPE OPERATIONAL TRIGGER PARAMETERS — REQUIRES REGIONAL SCIENTIFIC CALIBRATION
NER_PILOT_03,"Shillong, Meghalaya",Meghalaya,25.57,91.88,2025-09-14,9.349998474121094,62.82999610900879,144.8499846458435,0.2284371554851532,WARNING,AM_6AM,AM_NON_RECOMMENDED,VALID,VALID,COMPLETE,2025-09-14,0,3B-DAY.MS.MRG.3IMERG.20250914-S000000-E235959.V07B.nc4,SMAP_L3_SM_P_20250914_R19240_001.h5,mm/day,cm^3/cm^3,37.11,LOW,"[""Low overall dynamic environmental triggering pressure""]",PROTOTYPE OPERATIONAL TRIGGER PARAMETERS — REQUIRES REGIONAL SCIENTIFIC CALIBRATION
NER_PILOT_04,"Aizawl, Mizoram",Mizoram,23.73,92.71,2025-09-14,38.099998474121094,82.58999633789062,108.65499532222748,,INVALID,N/A,INVALID_RETRIEVAL,VALID,INVALID_RETRIEVAL,PARTIAL_RAINFALL_ONLY,2025-09-14,0,3B-DAY.MS.MRG.3IMERG.20250914-S000000-E235959.V07B.nc4,SMAP_L3_SM_P_20250914_R19240_001.h5,mm/day,cm^3/cm^3,45.8,MODERATE,"[""Low overall dynamic environmental triggering pressure""]",PROTOTYPE OPERATIONAL TRIGGER PARAMETERS — REQUIRES REGIONAL SCIENTIFIC CALIBRATION
NER_PILOT_05,"Kohima, Nagaland",Nagaland,25.67,94.11,2025-09-14,24.559999465942383,75.05999660491943,84.40499666333199,,INVALID,N/A,INVALID_RETRIEVAL,VALID,INVALID_RETRIEVAL,PARTIAL_RAINFALL_ONLY,2025-09-14,0,3B-DAY.MS.MRG.3IMERG.20250914-S000000-E235959.V07B.nc4,SMAP_L3_SM_P_20250914_R19240_001.h5,mm/day,cm^3/cm^3,36.42,LOW,"[""Low overall dynamic environmental triggering pressure""]",PROTOTYPE OPERATIONAL TRIGGER PARAMETERS — REQUIRES REGIONAL SCIENTIFIC CALIBRATION
NER_PILOT_06,"Imphal, Manipur",Manipur,24.81,93.94,2025-09-14,11.510001182556152,112.2899980545044,156.20999908447266,,INVALID,N/A,INVALID_RETRIEVAL,VALID,INVALID_RETRIEVAL,PARTIAL_RAINFALL_ONLY,2025-09-14,0,3B-DAY.MS.MRG.3IMERG.20250914-S000000-E235959.V07B.nc4,SMAP_L3_SM_P_20250914_R19240_001.h5,mm/day,cm^3/cm^3,48.01,MODERATE,"[""High 3-day antecedent precipitation (112.3 mm)""]",PROTOTYPE OPERATIONAL TRIGGER PARAMETERS — REQUIRES REGIONAL SCIENTIFIC CALIBRATION
NER_PILOT_07,"Itanagar, Arunachal Pradesh",Arunachal Pradesh,27.08,93.61,2025-09-14,81.19499969482422,118.02499914169312,203.85500383377075,0.10057346895337105,WARNING,AM_PM_MEAN,AM_PM_NON_RECOMMENDED_MEAN,VALID,VALID,COMPLETE,2025-09-14,0,3B-DAY.MS.MRG.3IMERG.20250914-S000000-E235959.V07B.nc4,SMAP_L3_SM_P_20250914_R19240_001.h5,mm/day,cm^3/cm^3,68.74,MODERATE,"[""Heavy 1-day rainfall accumulation (81.2 mm/day)"", ""High 3-day antecedent precipitation (118.0 mm)"", ""Sustained 7-day antecedent precipitation (203.9 mm)""]",PROTOTYPE OPERATIONAL TRIGGER PARAMETERS — REQUIRES REGIONAL SCIENTIFIC CALIBRATION
NER_PILOT_08,"Agartala, Tripura",Tripura,23.83,91.28,2025-09-14,30.605003356933594,54.12000370025635,81.27500224113464,0.3829568028450012,RECOMMENDED,AM_6AM,AM_RECOMMENDED,VALID,VALID,COMPLETE,2025-09-14,0,3B-DAY.MS.MRG.3IMERG.20250914-S000000-E235959.V07B.nc4,SMAP_L3_SM_P_20250914_R19240_001.h5,mm/day,cm^3/cm^3,43.53,MODERATE,"[""High volumetric soil moisture saturation (0.383 cm\u00b3/cm\u00b3)""]",PROTOTYPE OPERATIONAL TRIGGER PARAMETERS — REQUIRES REGIONAL SCIENTIFIC CALIBRATION
GSI_SITE_01,Kukinala slide (Hailakandi),Assam,24.27,92.5,2025-09-14,43.2650032043457,111.68500137329102,166.83500111103058,0.3829568028450012,RECOMMENDED,AM_6AM,AM_RECOMMENDED,VALID,VALID,COMPLETE,2025-09-14,0,3B-DAY.MS.MRG.3IMERG.20250914-S000000-E235959.V07B.nc4,SMAP_L3_SM_P_20250914_R19240_001.h5,mm/day,cm^3/cm^3,65.68,MODERATE,"[""High 3-day antecedent precipitation (111.7 mm)"", ""High volumetric soil moisture saturation (0.383 cm\u00b3/cm\u00b3)""]",PROTOTYPE OPERATIONAL TRIGGER PARAMETERS — REQUIRES REGIONAL SCIENTIFIC CALIBRATION
GSI_SITE_02,Jalnachaura slide (Hailakandi),Assam,24.31,92.56,2025-09-14,37.13500213623047,134.8699951171875,187.0599946975708,0.3829568028450012,RECOMMENDED,AM_6AM,AM_RECOMMENDED,VALID,VALID,COMPLETE,2025-09-14,0,3B-DAY.MS.MRG.3IMERG.20250914-S000000-E235959.V07B.nc4,SMAP_L3_SM_P_20250914_R19240_001.h5,mm/day,cm^3/cm^3,70.1,HIGH,"[""High 3-day antecedent precipitation (134.9 mm)"", ""Sustained 7-day antecedent precipitation (187.1 mm)"", ""High volumetric soil moisture saturation (0.383 cm\u00b3/cm\u00b3)""]",PROTOTYPE OPERATIONAL TRIGGER PARAMETERS — REQUIRES REGIONAL SCIENTIFIC CALIBRATION
GSI_SITE_03,Nandagram slide (Hailakandi),Assam,24.32,92.51,2025-09-14,37.13500213623047,134.8699951171875,187.0599946975708,0.3829568028450012,RECOMMENDED,AM_6AM,AM_RECOMMENDED,VALID,VALID,COMPLETE,2025-09-14,0,3B-DAY.MS.MRG.3IMERG.20250914-S000000-E235959.V07B.nc4,SMAP_L3_SM_P_20250914_R19240_001.h5,mm/day,cm^3/cm^3,70.1,HIGH,"[""High 3-day antecedent precipitation (134.9 mm)"", ""Sustained 7-day antecedent precipitation (187.1 mm)"", ""High volumetric soil moisture saturation (0.383 cm\u00b3/cm\u00b3)""]",PROTOTYPE OPERATIONAL TRIGGER PARAMETERS — REQUIRES REGIONAL SCIENTIFIC CALIBRATION
GSI_SITE_04,Nishkar slide (Hailakandi),Assam,24.43,92.55,2025-09-14,36.14500045776367,125.5250015258789,195.63999366760254,0.3829568028450012,RECOMMENDED,AM_6AM,AM_RECOMMENDED,VALID,VALID,COMPLETE,2025-09-14,0,3B-DAY.MS.MRG.3IMERG.20250914-S000000-E235959.V07B.nc4,SMAP_L3_SM_P_20250914_R19240_001.h5,mm/day,cm^3/cm^3,68.62,MODERATE,"[""High 3-day antecedent precipitation (125.5 mm)"", ""Sustained 7-day antecedent precipitation (195.6 mm)"", ""High volumetric soil moisture saturation (0.383 cm\u00b3/cm\u00b3)""]",PROTOTYPE OPERATIONAL TRIGGER PARAMETERS — REQUIRES REGIONAL SCIENTIFIC CALIBRATION
GSI_SITE_05,Paglacherra slide (Karimganj),Assam,24.44,92.5,2025-09-14,43.429996490478516,126.91999435424805,186.52999305725098,0.3829568028450012,RECOMMENDED,AM_6AM,AM_RECOMMENDED,VALID,VALID,COMPLETE,2025-09-14,0,3B-DAY.MS.MRG.3IMERG.20250914-S000000-E235959.V07B.nc4,SMAP_L3_SM_P_20250914_R19240_001.h5,mm/day,cm^3/cm^3,70.36,HIGH,"[""High 3-day antecedent precipitation (126.9 mm)"", ""Sustained 7-day antecedent precipitation (186.5 mm)"", ""High volumetric soil moisture saturation (0.383 cm\u00b3/cm\u00b3)""]",PROTOTYPE OPERATIONAL TRIGGER PARAMETERS — REQUIRES REGIONAL SCIENTIFIC CALIBRATION
GSI_SITE_06,Lalpani slide (Hailakandi),Assam,24.44,92.56,2025-09-14,36.14500045776367,125.5250015258789,195.63999366760254,0.3829568028450012,RECOMMENDED,AM_6AM,AM_RECOMMENDED,VALID,VALID,COMPLETE,2025-09-14,0,3B-DAY.MS.MRG.3IMERG.20250914-S000000-E235959.V07B.nc4,SMAP_L3_SM_P_20250914_R19240_001.h5,mm/day,cm^3/cm^3,68.62,MODERATE,"[""High 3-day antecedent precipitation (125.5 mm)"", ""Sustained 7-day antecedent precipitation (195.6 mm)"", ""High volumetric soil moisture saturation (0.383 cm\u00b3/cm\u00b3)""]",PROTOTYPE OPERATIONAL TRIGGER PARAMETERS — REQUIRES REGIONAL SCIENTIFIC CALIBRATION
GSI_SITE_07,Garapunjislide (Hailakandi),Assam,24.46,92.52,2025-09-14,36.14500045776367,125.5250015258789,195.63999366760254,0.3635476529598236,RECOMMENDED,AM_6AM,AM_RECOMMENDED,VALID,VALID,COMPLETE,2025-09-14,0,3B-DAY.MS.MRG.3IMERG.20250914-S000000-E235959.V07B.nc4,SMAP_L3_SM_P_20250914_R19240_001.h5,mm/day,cm^3/cm^3,67.76,MODERATE,"[""High 3-day antecedent precipitation (125.5 mm)"", ""Sustained 7-day antecedent precipitation (195.6 mm)"", ""High volumetric soil moisture saturation (0.364 cm\u00b3/cm\u00b3)""]",PROTOTYPE OPERATIONAL TRIGGER PARAMETERS — REQUIRES REGIONAL SCIENTIFIC CALIBRATION
NER_PILOT_01,"Gangtok, Sikkim",Sikkim,27.33,88.61,2025-09-15,54.19499588012695,110.24499273300171,156.43999195098877,0.26936373114585876,WARNING,PM_6PM,PM_NON_RECOMMENDED,VALID,VALID,COMPLETE,2025-09-15,0,3B-DAY.MS.MRG.3IMERG.20250915-S000000-E235959.V07B.nc4,SMAP_L3_SM_P_20250915_R19240_001.h5,mm/day,cm^3/cm^3,62.79,MODERATE,"[""Heavy 1-day rainfall accumulation (54.2 mm/day)"", ""High 3-day antecedent precipitation (110.2 mm)""]",PROTOTYPE OPERATIONAL TRIGGER PARAMETERS — REQUIRES REGIONAL SCIENTIFIC CALIBRATION
NER_PILOT_02,"Guwahati, Assam",Assam,26.14,91.73,2025-09-15,3.2699999809265137,71.60499715805054,121.26499271392822,0.16826099157333374,WARNING,PM_6PM,PM_NON_RECOMMENDED,VALID,VALID,COMPLETE,2025-09-15,0,3B-DAY.MS.MRG.3IMERG.20250915-S000000-E235959.V07B.nc4,SMAP_L3_SM_P_20250915_R19240_001.h5,mm/day,cm^3/cm^3,32.48,LOW,"[""Low overall dynamic environmental triggering pressure""]",PROTOTYPE OPERATIONAL TRIGGER PARAMETERS — REQUIRES REGIONAL SCIENTIFIC CALIBRATION
NER_PILOT_03,"Shillong, Meghalaya",Meghalaya,25.57,91.88,2025-09-15,10.190000534057617,50.7549991607666,122.24998426437378,0.31718605756759644,RECOMMENDED,PM_6PM,PM_RECOMMENDED,VALID,VALID,COMPLETE,2025-09-15,0,3B-DAY.MS.MRG.3IMERG.20250915-S000000-E235959.V07B.nc4,SMAP_L3_SM_P_20250915_R19240_001.h5,mm/day,cm^3/cm^3,37.09,LOW,"[""High volumetric soil moisture saturation (0.317 cm\u00b3/cm\u00b3)""]",PROTOTYPE OPERATIONAL TRIGGER PARAMETERS — REQUIRES REGIONAL SCIENTIFIC CALIBRATION
NER_PILOT_04,"Aizawl, Mizoram",Mizoram,23.73,92.71,2025-09-15,13.34000015258789,77.69999694824219,116.4699958562851,,INVALID,N/A,INVALID_RETRIEVAL,VALID,INVALID_RETRIEVAL,PARTIAL_RAINFALL_ONLY,2025-09-15,0,3B-DAY.MS.MRG.3IMERG.20250915-S000000-E235959.V07B.nc4,SMAP_L3_SM_P_20250915_R19240_001.h5,mm/day,cm^3/cm^3,36.07,LOW,"[""Low overall dynamic environmental triggering pressure""]",PROTOTYPE OPERATIONAL TRIGGER PARAMETERS — REQUIRES REGIONAL SCIENTIFIC CALIBRATION
NER_PILOT_05,"Kohima, Nagaland",Nagaland,25.67,94.11,2025-09-15,18.290000915527344,83.5149974822998,101.11499765515327,,INVALID,N/A,INVALID_RETRIEVAL,VALID,INVALID_RETRIEVAL,PARTIAL_RAINFALL_ONLY,2025-09-15,0,3B-DAY.MS.MRG.3IMERG.20250915-S000000-E235959.V07B.nc4,SMAP_L3_SM_P_20250915_R19240_001.h5,mm/day,cm^3/cm^3,37.85,LOW,"[""Low overall dynamic environmental triggering pressure""]",PROTOTYPE OPERATIONAL TRIGGER PARAMETERS — REQUIRES REGIONAL SCIENTIFIC CALIBRATION
NER_PILOT_06,"Imphal, Manipur",Manipur,24.81,93.94,2025-09-15,47.34999465942383,141.6299924850464,198.41999340057373,,INVALID,N/A,INVALID_RETRIEVAL,VALID,INVALID_RETRIEVAL,PARTIAL_RAINFALL_ONLY,2025-09-15,0,3B-DAY.MS.MRG.3IMERG.20250915-S000000-E235959.V07B.nc4,SMAP_L3_SM_P_20250915_R19240_001.h5,mm/day,cm^3/cm^3,73.01,HIGH,"[""High 3-day antecedent precipitation (141.6 mm)"", ""Sustained 7-day antecedent precipitation (198.4 mm)""]",PROTOTYPE OPERATIONAL TRIGGER PARAMETERS — REQUIRES REGIONAL SCIENTIFIC CALIBRATION
NER_PILOT_07,"Itanagar, Arunachal Pradesh",Arunachal Pradesh,27.08,93.61,2025-09-15,25.669998168945312,138.80999755859375,211.21500253677368,0.13057548832148314,WARNING,AM_PM_MEAN,AM_PM_NON_RECOMMENDED_MEAN,VALID,VALID,COMPLETE,2025-09-15,0,3B-DAY.MS.MRG.3IMERG.20250915-S000000-E235959.V07B.nc4,SMAP_L3_SM_P_20250915_R19240_001.h5,mm/day,cm^3/cm^3,58.16,MODERATE,"[""High 3-day antecedent precipitation (138.8 mm)"", ""Sustained 7-day antecedent precipitation (211.2 mm)""]",PROTOTYPE OPERATIONAL TRIGGER PARAMETERS — REQUIRES REGIONAL SCIENTIFIC CALIBRATION
NER_PILOT_08,"Agartala, Tripura",Tripura,23.83,91.28,2025-09-15,17.91499900817871,62.930002212524414,93.16000056266785,0.4997934401035309,WARNING,PM_6PM,PM_NON_RECOMMENDED,VALID,VALID,COMPLETE,2025-09-15,0,3B-DAY.MS.MRG.3IMERG.20250915-S000000-E235959.V07B.nc4,SMAP_L3_SM_P_20250915_R19240_001.h5,mm/day,cm^3/cm^3,45.41,MODERATE,"[""High volumetric soil moisture saturation (0.500 cm\u00b3/cm\u00b3)""]",PROTOTYPE OPERATIONAL TRIGGER PARAMETERS — REQUIRES REGIONAL SCIENTIFIC CALIBRATION
GSI_SITE_01,Kukinala slide (Hailakandi),Assam,24.27,92.5,2025-09-15,17.16499900817871,86.29500007629395,182.54500007629395,0.4997934401035309,WARNING,PM_6PM,PM_NON_RECOMMENDED,VALID,VALID,COMPLETE,2025-09-15,0,3B-DAY.MS.MRG.3IMERG.20250915-S000000-E235959.V07B.nc4,SMAP_L3_SM_P_20250915_R19240_001.h5,mm/day,cm^3/cm^3,57.01,MODERATE,"[""Sustained 7-day antecedent precipitation (182.5 mm)"", ""High volumetric soil moisture saturation (0.500 cm\u00b3/cm\u00b3)""]",PROTOTYPE OPERATIONAL TRIGGER PARAMETERS — REQUIRES REGIONAL SCIENTIFIC CALIBRATION
GSI_SITE_02,Jalnachaura slide (Hailakandi),Assam,24.31,92.56,2025-09-15,20.630001068115234,112.8849983215332,202.84999561309814,0.4997934401035309,WARNING,PM_6PM,PM_NON_RECOMMENDED,VALID,VALID,COMPLETE,2025-09-15,0,3B-DAY.MS.MRG.3IMERG.20250915-S000000-E235959.V07B.nc4,SMAP_L3_SM_P_20250915_R19240_001.h5,mm/day,cm^3/cm^3,64.99,MODERATE,"[""High 3-day antecedent precipitation (112.9 mm)"", ""Sustained 7-day antecedent precipitation (202.8 mm)"", ""High volumetric soil moisture saturation (0.500 cm\u00b3/cm\u00b3)""]",PROTOTYPE OPERATIONAL TRIGGER PARAMETERS — REQUIRES REGIONAL SCIENTIFIC CALIBRATION
GSI_SITE_03,Nandagram slide (Hailakandi),Assam,24.32,92.51,2025-09-15,20.630001068115234,112.8849983215332,202.84999561309814,0.4997934401035309,WARNING,PM_6PM,PM_NON_RECOMMENDED,VALID,VALID,COMPLETE,2025-09-15,0,3B-DAY.MS.MRG.3IMERG.20250915-S000000-E235959.V07B.nc4,SMAP_L3_SM_P_20250915_R19240_001.h5,mm/day,cm^3/cm^3,64.99,MODERATE,"[""High 3-day antecedent precipitation (112.9 mm)"", ""Sustained 7-day antecedent precipitation (202.8 mm)"", ""High volumetric soil moisture saturation (0.500 cm\u00b3/cm\u00b3)""]",PROTOTYPE OPERATIONAL TRIGGER PARAMETERS — REQUIRES REGIONAL SCIENTIFIC CALIBRATION
GSI_SITE_04,Nishkar slide (Hailakandi),Assam,24.43,92.55,2025-09-15,24.924999237060547,94.41500091552734,213.55999374389648,0.4997934401035309,WARNING,PM_6PM,PM_NON_RECOMMENDED,VALID,VALID,COMPLETE,2025-09-15,0,3B-DAY.MS.MRG.3IMERG.20250915-S000000-E235959.V07B.nc4,SMAP_L3_SM_P_20250915_R19240_001.h5,mm/day,cm^3/cm^3,63.45,MODERATE,"[""Sustained 7-day antecedent precipitation (213.6 mm)"", ""High volumetric soil moisture saturation (0.500 cm\u00b3/cm\u00b3)""]",PROTOTYPE OPERATIONAL TRIGGER PARAMETERS — REQUIRES REGIONAL SCIENTIFIC CALIBRATION
GSI_SITE_05,Paglacherra slide (Karimganj),Assam,24.44,92.5,2025-09-15,21.28999900817871,96.32999610900879,202.93499183654785,0.4997934401035309,WARNING,PM_6PM,PM_NON_RECOMMENDED,VALID,VALID,COMPLETE,2025-09-15,0,3B-DAY.MS.MRG.3IMERG.20250915-S000000-E235959.V07B.nc4,SMAP_L3_SM_P_20250915_R19240_001.h5,mm/day,cm^3/cm^3,61.89,MODERATE,"[""Sustained 7-day antecedent precipitation (202.9 mm)"", ""High volumetric soil moisture saturation (0.500 cm\u00b3/cm\u00b3)""]",PROTOTYPE OPERATIONAL TRIGGER PARAMETERS — REQUIRES REGIONAL SCIENTIFIC CALIBRATION
GSI_SITE_06,Lalpani slide (Hailakandi),Assam,24.44,92.56,2025-09-15,24.924999237060547,94.41500091552734,213.55999374389648,0.4997934401035309,WARNING,PM_6PM,PM_NON_RECOMMENDED,VALID,VALID,COMPLETE,2025-09-15,0,3B-DAY.MS.MRG.3IMERG.20250915-S000000-E235959.V07B.nc4,SMAP_L3_SM_P_20250915_R19240_001.h5,mm/day,cm^3/cm^3,63.45,MODERATE,"[""Sustained 7-day antecedent precipitation (213.6 mm)"", ""High volumetric soil moisture saturation (0.500 cm\u00b3/cm\u00b3)""]",PROTOTYPE OPERATIONAL TRIGGER PARAMETERS — REQUIRES REGIONAL SCIENTIFIC CALIBRATION
GSI_SITE_07,Garapunjislide (Hailakandi),Assam,24.46,92.52,2025-09-15,24.924999237060547,94.41500091552734,213.55999374389648,0.46295082569122314,WARNING,PM_6PM,PM_NON_RECOMMENDED,VALID,VALID,COMPLETE,2025-09-15,0,3B-DAY.MS.MRG.3IMERG.20250915-S000000-E235959.V07B.nc4,SMAP_L3_SM_P_20250915_R19240_001.h5,mm/day,cm^3/cm^3,63.45,MODERATE,"[""Sustained 7-day antecedent precipitation (213.6 mm)"", ""High volumetric soil moisture saturation (0.463 cm\u00b3/cm\u00b3)""]",PROTOTYPE OPERATIONAL TRIGGER PARAMETERS — REQUIRES REGIONAL SCIENTIFIC CALIBRATION
NER_PILOT_01,"Gangtok, Sikkim",Sikkim,27.33,88.61,2025-09-16,7.6050004959106445,67.66999673843384,146.37499237060547,,INVALID,N/A,INVALID_RETRIEVAL,VALID,INVALID_RETRIEVAL,PARTIAL_RAINFALL_ONLY,2025-09-16,0,3B-DAY.MS.MRG.3IMERG.20250916-S000000-E235959.V07B.nc4,SMAP_L3_SM_P_20250916_R19240_001.h5,mm/day,cm^3/cm^3,34.41,LOW,"[""Low overall dynamic environmental triggering pressure""]",PROTOTYPE OPERATIONAL TRIGGER PARAMETERS — REQUIRES REGIONAL SCIENTIFIC CALIBRATION
NER_PILOT_02,"Guwahati, Assam",Assam,26.14,91.73,2025-09-16,29.689998626708984,51.14999532699585,135.09999179840088,,INVALID,N/A,INVALID_RETRIEVAL,VALID,INVALID_RETRIEVAL,PARTIAL_RAINFALL_ONLY,2025-09-16,0,3B-DAY.MS.MRG.3IMERG.20250916-S000000-E235959.V07B.nc4,SMAP_L3_SM_P_20250916_R19240_001.h5,mm/day,cm^3/cm^3,37.43,LOW,"[""Low overall dynamic environmental triggering pressure""]",PROTOTYPE OPERATIONAL TRIGGER PARAMETERS — REQUIRES REGIONAL SCIENTIFIC CALIBRATION
NER_PILOT_03,"Shillong, Meghalaya",Meghalaya,25.57,91.88,2025-09-16,8.495000839233398,28.03499984741211,118.70498609542847,,INVALID,N/A,INVALID_RETRIEVAL,VALID,INVALID_RETRIEVAL,PARTIAL_RAINFALL_ONLY,2025-09-16,0,3B-DAY.MS.MRG.3IMERG.20250916-S000000-E235959.V07B.nc4,SMAP_L3_SM_P_20250916_R19240_001.h5,mm/day,cm^3/cm^3,22.06,LOW,"[""Low overall dynamic environmental triggering pressure""]",PROTOTYPE OPERATIONAL TRIGGER PARAMETERS — REQUIRES REGIONAL SCIENTIFIC CALIBRATION
NER_PILOT_04,"Aizawl, Mizoram",Mizoram,23.73,92.71,2025-09-16,0.5399999618530273,51.97999858856201,114.64499580860138,,INVALID,N/A,INVALID_RETRIEVAL,VALID,INVALID_RETRIEVAL,PARTIAL_RAINFALL_ONLY,2025-09-16,0,3B-DAY.MS.MRG.3IMERG.20250916-S000000-E235959.V07B.nc4,SMAP_L3_SM_P_20250916_R19240_001.h5,mm/day,cm^3/cm^3,24.66,LOW,"[""Low overall dynamic environmental triggering pressure""]",PROTOTYPE OPERATIONAL TRIGGER PARAMETERS — REQUIRES REGIONAL SCIENTIFIC CALIBRATION
NER_PILOT_05,"Kohima, Nagaland",Nagaland,25.67,94.11,2025-09-16,19.335004806518555,62.18500518798828,120.02000245451927,,INVALID,N/A,INVALID_RETRIEVAL,VALID,INVALID_RETRIEVAL,PARTIAL_RAINFALL_ONLY,2025-09-16,0,3B-DAY.MS.MRG.3IMERG.20250916-S000000-E235959.V07B.nc4,SMAP_L3_SM_P_20250916_R19240_001.h5,mm/day,cm^3/cm^3,34.8,LOW,"[""Low overall dynamic environmental triggering pressure""]",PROTOTYPE OPERATIONAL TRIGGER PARAMETERS — REQUIRES REGIONAL SCIENTIFIC CALIBRATION
NER_PILOT_06,"Imphal, Manipur",Manipur,24.81,93.94,2025-09-16,12.879999160766602,71.73999500274658,190.35499095916748,,INVALID,N/A,INVALID_RETRIEVAL,VALID,INVALID_RETRIEVAL,PARTIAL_RAINFALL_ONLY,2025-09-16,0,3B-DAY.MS.MRG.3IMERG.20250916-S000000-E235959.V07B.nc4,SMAP_L3_SM_P_20250916_R19240_001.h5,mm/day,cm^3/cm^3,41.8,MODERATE,"[""Sustained 7-day antecedent precipitation (190.4 mm)""]",PROTOTYPE OPERATIONAL TRIGGER PARAMETERS — REQUIRES REGIONAL SCIENTIFIC CALIBRATION
NER_PILOT_07,"Itanagar, Arunachal Pradesh",Arunachal Pradesh,27.08,93.61,2025-09-16,66.55998992919922,173.42498779296875,228.25498819351196,,INVALID,N/A,INVALID_RETRIEVAL,VALID,INVALID_RETRIEVAL,PARTIAL_RAINFALL_ONLY,2025-09-16,0,3B-DAY.MS.MRG.3IMERG.20250916-S000000-E235959.V07B.nc4,SMAP_L3_SM_P_20250916_R19240_001.h5,mm/day,cm^3/cm^3,85.29,HIGH,"[""Heavy 1-day rainfall accumulation (66.6 mm/day)"", ""High 3-day antecedent precipitation (173.4 mm)"", ""Sustained 7-day antecedent precipitation (228.3 mm)""]",PROTOTYPE OPERATIONAL TRIGGER PARAMETERS — REQUIRES REGIONAL SCIENTIFIC CALIBRATION
NER_PILOT_08,"Agartala, Tripura",Tripura,23.83,91.28,2025-09-16,2.504999876022339,51.025002241134644,93.21500039100647,,INVALID,N/A,INVALID_RETRIEVAL,VALID,INVALID_RETRIEVAL,PARTIAL_RAINFALL_ONLY,2025-09-16,0,3B-DAY.MS.MRG.3IMERG.20250916-S000000-E235959.V07B.nc4,SMAP_L3_SM_P_20250916_R19240_001.h5,mm/day,cm^3/cm^3,23.02,LOW,"[""Low overall dynamic environmental triggering pressure""]",PROTOTYPE OPERATIONAL TRIGGER PARAMETERS — REQUIRES REGIONAL SCIENTIFIC CALIBRATION
GSI_SITE_01,Kukinala slide (Hailakandi),Assam,24.27,92.5,2025-09-16,10.400001525878906,70.83000373840332,180.87000274658203,,INVALID,N/A,INVALID_RETRIEVAL,VALID,INVALID_RETRIEVAL,PARTIAL_RAINFALL_ONLY,2025-09-16,0,3B-DAY.MS.MRG.3IMERG.20250916-S000000-E235959.V07B.nc4,SMAP_L3_SM_P_20250916_R19240_001.h5,mm/day,cm^3/cm^3,39.69,LOW,"[""Sustained 7-day antecedent precipitation (180.9 mm)""]",PROTOTYPE OPERATIONAL TRIGGER PARAMETERS — REQUIRES REGIONAL SCIENTIFIC CALIBRATION
GSI_SITE_02,Jalnachaura slide (Hailakandi),Assam,24.31,92.56,2025-09-16,8.0,65.7650032043457,200.10499477386475,,INVALID,N/A,INVALID_RETRIEVAL,VALID,INVALID_RETRIEVAL,PARTIAL_RAINFALL_ONLY,2025-09-16,0,3B-DAY.MS.MRG.3IMERG.20250916-S000000-E235959.V07B.nc4,SMAP_L3_SM_P_20250916_R19240_001.h5,mm/day,cm^3/cm^3,39.45,LOW,"[""Sustained 7-day antecedent precipitation (200.1 mm)""]",PROTOTYPE OPERATIONAL TRIGGER PARAMETERS — REQUIRES REGIONAL SCIENTIFIC CALIBRATION
GSI_SITE_03,Nandagram slide (Hailakandi),Assam,24.32,92.51,2025-09-16,8.0,65.7650032043457,200.10499477386475,,INVALID,N/A,INVALID_RETRIEVAL,VALID,INVALID_RETRIEVAL,PARTIAL_RAINFALL_ONLY,2025-09-16,0,3B-DAY.MS.MRG.3IMERG.20250916-S000000-E235959.V07B.nc4,SMAP_L3_SM_P_20250916_R19240_001.h5,mm/day,cm^3/cm^3,39.45,LOW,"[""Sustained 7-day antecedent precipitation (200.1 mm)""]",PROTOTYPE OPERATIONAL TRIGGER PARAMETERS — REQUIRES REGIONAL SCIENTIFIC CALIBRATION
GSI_SITE_04,Nishkar slide (Hailakandi),Assam,24.43,92.55,2025-09-16,5.749999523162842,66.81999921798706,193.74499464035034,,INVALID,N/A,INVALID_RETRIEVAL,VALID,INVALID_RETRIEVAL,PARTIAL_RAINFALL_ONLY,2025-09-16,0,3B-DAY.MS.MRG.3IMERG.20250916-S000000-E235959.V07B.nc4,SMAP_L3_SM_P_20250916_R19240_001.h5,mm/day,cm^3/cm^3,38.24,LOW,"[""Sustained 7-day antecedent precipitation (193.7 mm)""]",PROTOTYPE OPERATIONAL TRIGGER PARAMETERS — REQUIRES REGIONAL SCIENTIFIC CALIBRATION
GSI_SITE_05,Paglacherra slide (Karimganj),Assam,24.44,92.5,2025-09-16,4.3299994468688965,69.04999494552612,180.29499197006226,,INVALID,N/A,INVALID_RETRIEVAL,VALID,INVALID_RETRIEVAL,PARTIAL_RAINFALL_ONLY,2025-09-16,0,3B-DAY.MS.MRG.3IMERG.20250916-S000000-E235959.V07B.nc4,SMAP_L3_SM_P_20250916_R19240_001.h5,mm/day,cm^3/cm^3,36.92,LOW,"[""Sustained 7-day antecedent precipitation (180.3 mm)""]",PROTOTYPE OPERATIONAL TRIGGER PARAMETERS — REQUIRES REGIONAL SCIENTIFIC CALIBRATION
GSI_SITE_06,Lalpani slide (Hailakandi),Assam,24.44,92.56,2025-09-16,5.749999523162842,66.81999921798706,193.74499464035034,,INVALID,N/A,INVALID_RETRIEVAL,VALID,INVALID_RETRIEVAL,PARTIAL_RAINFALL_ONLY,2025-09-16,0,3B-DAY.MS.MRG.3IMERG.20250916-S000000-E235959.V07B.nc4,SMAP_L3_SM_P_20250916_R19240_001.h5,mm/day,cm^3/cm^3,38.24,LOW,"[""Sustained 7-day antecedent precipitation (193.7 mm)""]",PROTOTYPE OPERATIONAL TRIGGER PARAMETERS — REQUIRES REGIONAL SCIENTIFIC CALIBRATION
GSI_SITE_07,Garapunjislide (Hailakandi),Assam,24.46,92.52,2025-09-16,5.749999523162842,66.81999921798706,193.74499464035034,,INVALID,N/A,INVALID_RETRIEVAL,VALID,INVALID_RETRIEVAL,PARTIAL_RAINFALL_ONLY,2025-09-16,0,3B-DAY.MS.MRG.3IMERG.20250916-S000000-E235959.V07B.nc4,SMAP_L3_SM_P_20250916_R19240_001.h5,mm/day,cm^3/cm^3,38.24,LOW,"[""Sustained 7-day antecedent precipitation (193.7 mm)""]",PROTOTYPE OPERATIONAL TRIGGER PARAMETERS — REQUIRES REGIONAL SCIENTIFIC CALIBRATION
NER_PILOT_01,"Gangtok, Sikkim",Sikkim,27.33,88.61,2025-09-17,4.889999866485596,66.6899962425232,144.559992313385,,INVALID,N/A,INVALID_RETRIEVAL,VALID,INVALID_RETRIEVAL,PARTIAL_RAINFALL_ONLY,2025-09-17,0,3B-DAY.MS.MRG.3IMERG.20250917-S000000-E235959.V07B.nc4,SMAP_L3_SM_P_20250917_R19240_004.h5,mm/day,cm^3/cm^3,32.96,LOW,"[""Low overall dynamic environmental triggering pressure""]",PROTOTYPE OPERATIONAL TRIGGER PARAMETERS — REQUIRES REGIONAL SCIENTIFIC CALIBRATION
NER_PILOT_02,"Guwahati, Assam",Assam,26.14,91.73,2025-09-17,4.259999752044678,37.219998359680176,136.20999145507812,0.3392530381679535,WARNING,AM_6AM,AM_NON_RECOMMENDED,VALID,VALID,COMPLETE,2025-09-17,0,3B-DAY.MS.MRG.3IMERG.20250917-S000000-E235959.V07B.nc4,SMAP_L3_SM_P_20250917_R19240_004.h5,mm/day,cm^3/cm^3,34.7,LOW,"[""High volumetric soil moisture saturation (0.339 cm\u00b3/cm\u00b3)""]",PROTOTYPE OPERATIONAL TRIGGER PARAMETERS — REQUIRES REGIONAL SCIENTIFIC CALIBRATION
NER_PILOT_03,"Shillong, Meghalaya",Meghalaya,25.57,91.88,2025-09-17,5.934999465942383,24.6200008392334,119.34498596191406,0.20617063343524933,RECOMMENDED,AM_6AM,AM_RECOMMENDED,VALID,VALID,COMPLETE,2025-09-17,0,3B-DAY.MS.MRG.3IMERG.20250917-S000000-E235959.V07B.nc4,SMAP_L3_SM_P_20250917_R19240_004.h5,mm/day,cm^3/cm^3,25.42,LOW,"[""Low overall dynamic environmental triggering pressure""]",PROTOTYPE OPERATIONAL TRIGGER PARAMETERS — REQUIRES REGIONAL SCIENTIFIC CALIBRATION
NER_PILOT_04,"Aizawl, Mizoram",Mizoram,23.73,92.71,2025-09-17,1.7949998378753662,15.674999952316284,115.4849956035614,,INVALID,N/A,INVALID_RETRIEVAL,VALID,INVALID_RETRIEVAL,PARTIAL_RAINFALL_ONLY,2025-09-17,0,3B-DAY.MS.MRG.3IMERG.20250917-S000000-E235959.V07B.nc4,SMAP_L3_SM_P_20250917_R19240_004.h5,mm/day,cm^3/cm^3,16.14,LOW,"[""Low overall dynamic environmental triggering pressure""]",PROTOTYPE OPERATIONAL TRIGGER PARAMETERS — REQUIRES REGIONAL SCIENTIFIC CALIBRATION
NER_PILOT_05,"Kohima, Nagaland",Nagaland,25.67,94.11,2025-09-17,4.010000228881836,41.635005950927734,123.70000267028809,,INVALID,N/A,INVALID_RETRIEVAL,VALID,INVALID_RETRIEVAL,PARTIAL_RAINFALL_ONLY,2025-09-17,0,3B-DAY.MS.MRG.3IMERG.20250917-S000000-E235959.V07B.nc4,SMAP_L3_SM_P_20250917_R19240_004.h5,mm/day,cm^3/cm^3,24.28,LOW,"[""Low overall dynamic environmental triggering pressure""]",PROTOTYPE OPERATIONAL TRIGGER PARAMETERS — REQUIRES REGIONAL SCIENTIFIC CALIBRATION
NER_PILOT_06,"Imphal, Manipur",Manipur,24.81,93.94,2025-09-17,1.1099998950958252,61.339993715286255,179.13999199867249,,INVALID,N/A,INVALID_RETRIEVAL,VALID,INVALID_RETRIEVAL,PARTIAL_RAINFALL_ONLY,2025-09-17,0,3B-DAY.MS.MRG.3IMERG.20250917-S000000-E235959.V07B.nc4,SMAP_L3_SM_P_20250917_R19240_004.h5,mm/day,cm^3/cm^3,33.67,LOW,"[""Sustained 7-day antecedent precipitation (179.1 mm)""]",PROTOTYPE OPERATIONAL TRIGGER PARAMETERS — REQUIRES REGIONAL SCIENTIFIC CALIBRATION
NER_PILOT_07,"Itanagar, Arunachal Pradesh",Arunachal Pradesh,27.08,93.61,2025-09-17,17.315000534057617,109.54498863220215,234.72998762130737,,INVALID,N/A,INVALID_RETRIEVAL,VALID,INVALID_RETRIEVAL,PARTIAL_RAINFALL_ONLY,2025-09-17,0,3B-DAY.MS.MRG.3IMERG.20250917-S000000-E235959.V07B.nc4,SMAP_L3_SM_P_20250917_R19240_004.h5,mm/day,cm^3/cm^3,57.35,MODERATE,"[""High 3-day antecedent precipitation (109.5 mm)"", ""Sustained 7-day antecedent precipitation (234.7 mm)""]",PROTOTYPE OPERATIONAL TRIGGER PARAMETERS — REQUIRES REGIONAL SCIENTIFIC CALIBRATION
NER_PILOT_08,"Agartala, Tripura",Tripura,23.83,91.28,2025-09-17,2.3499999046325684,22.769998788833618,90.0400002002716,0.4288240671157837,RECOMMENDED,AM_6AM,AM_RECOMMENDED,VALID,VALID,COMPLETE,2025-09-17,0,3B-DAY.MS.MRG.3IMERG.20250917-S000000-E235959.V07B.nc4,SMAP_L3_SM_P_20250917_R19240_004.h5,mm/day,cm^3/cm^3,31.52,LOW,"[""High volumetric soil moisture saturation (0.429 cm\u00b3/cm\u00b3)""]",PROTOTYPE OPERATIONAL TRIGGER PARAMETERS — REQUIRES REGIONAL SCIENTIFIC CALIBRATION
GSI_SITE_01,Kukinala slide (Hailakandi),Assam,24.27,92.5,2025-09-17,25.92499542236328,53.4899959564209,197.2199993133545,0.4288240671157837,RECOMMENDED,AM_6AM,AM_RECOMMENDED,VALID,VALID,COMPLETE,2025-09-17,0,3B-DAY.MS.MRG.3IMERG.20250917-S000000-E235959.V07B.nc4,SMAP_L3_SM_P_20250917_R19240_004.h5,mm/day,cm^3/cm^3,53.31,MODERATE,"[""Sustained 7-day antecedent precipitation (197.2 mm)"", ""High volumetric soil moisture saturation (0.429 cm\u00b3/cm\u00b3)""]",PROTOTYPE OPERATIONAL TRIGGER PARAMETERS — REQUIRES REGIONAL SCIENTIFIC CALIBRATION
GSI_SITE_02,Jalnachaura slide (Hailakandi),Assam,24.31,92.56,2025-09-17,19.354999542236328,47.98500061035156,209.1649932861328,0.4288240671157837,RECOMMENDED,AM_6AM,AM_RECOMMENDED,VALID,VALID,COMPLETE,2025-09-17,0,3B-DAY.MS.MRG.3IMERG.20250917-S000000-E235959.V07B.nc4,SMAP_L3_SM_P_20250917_R19240_004.h5,mm/day,cm^3/cm^3,51.2,MODERATE,"[""Sustained 7-day antecedent precipitation (209.2 mm)"", ""High volumetric soil moisture saturation (0.429 cm\u00b3/cm\u00b3)""]",PROTOTYPE OPERATIONAL TRIGGER PARAMETERS — REQUIRES REGIONAL SCIENTIFIC CALIBRATION
GSI_SITE_03,Nandagram slide (Hailakandi),Assam,24.32,92.51,2025-09-17,19.354999542236328,47.98500061035156,209.1649932861328,0.4288240671157837,RECOMMENDED,AM_6AM,AM_RECOMMENDED,VALID,VALID,COMPLETE,2025-09-17,0,3B-DAY.MS.MRG.3IMERG.20250917-S000000-E235959.V07B.nc4,SMAP_L3_SM_P_20250917_R19240_004.h5,mm/day,cm^3/cm^3,51.2,MODERATE,"[""Sustained 7-day antecedent precipitation (209.2 mm)"", ""High volumetric soil moisture saturation (0.429 cm\u00b3/cm\u00b3)""]",PROTOTYPE OPERATIONAL TRIGGER PARAMETERS — REQUIRES REGIONAL SCIENTIFIC CALIBRATION
GSI_SITE_04,Nishkar slide (Hailakandi),Assam,24.43,92.55,2025-09-17,17.68499755859375,48.35999631881714,198.204993724823,0.4288240671157837,RECOMMENDED,AM_6AM,AM_RECOMMENDED,VALID,VALID,COMPLETE,2025-09-17,0,3B-DAY.MS.MRG.3IMERG.20250917-S000000-E235959.V07B.nc4,SMAP_L3_SM_P_20250917_R19240_004.h5,mm/day,cm^3/cm^3,49.89,MODERATE,"[""Sustained 7-day antecedent precipitation (198.2 mm)"", ""High volumetric soil moisture saturation (0.429 cm\u00b3/cm\u00b3)""]",PROTOTYPE OPERATIONAL TRIGGER PARAMETERS — REQUIRES REGIONAL SCIENTIFIC CALIBRATION
GSI_SITE_05,Paglacherra slide (Karimganj),Assam,24.44,92.5,2025-09-17,18.410001754760742,44.03000020980835,190.67999410629272,0.4288240671157837,RECOMMENDED,AM_6AM,AM_RECOMMENDED,VALID,VALID,COMPLETE,2025-09-17,0,3B-DAY.MS.MRG.3IMERG.20250917-S000000-E235959.V07B.nc4,SMAP_L3_SM_P_20250917_R19240_004.h5,mm/day,cm^3/cm^3,48.64,MODERATE,"[""Sustained 7-day antecedent precipitation (190.7 mm)"", ""High volumetric soil moisture saturation (0.429 cm\u00b3/cm\u00b3)""]",PROTOTYPE OPERATIONAL TRIGGER PARAMETERS — REQUIRES REGIONAL SCIENTIFIC CALIBRATION
GSI_SITE_06,Lalpani slide (Hailakandi),Assam,24.44,92.56,2025-09-17,17.68499755859375,48.35999631881714,198.204993724823,0.4288240671157837,RECOMMENDED,AM_6AM,AM_RECOMMENDED,VALID,VALID,COMPLETE,2025-09-17,0,3B-DAY.MS.MRG.3IMERG.20250917-S000000-E235959.V07B.nc4,SMAP_L3_SM_P_20250917_R19240_004.h5,mm/day,cm^3/cm^3,49.89,MODERATE,"[""Sustained 7-day antecedent precipitation (198.2 mm)"", ""High volumetric soil moisture saturation (0.429 cm\u00b3/cm\u00b3)""]",PROTOTYPE OPERATIONAL TRIGGER PARAMETERS — REQUIRES REGIONAL SCIENTIFIC CALIBRATION
GSI_SITE_07,Garapunjislide (Hailakandi),Assam,24.46,92.52,2025-09-17,17.68499755859375,48.35999631881714,198.204993724823,0.22695137560367584,RECOMMENDED,AM_6AM,AM_RECOMMENDED,VALID,VALID,COMPLETE,2025-09-17,0,3B-DAY.MS.MRG.3IMERG.20250917-S000000-E235959.V07B.nc4,SMAP_L3_SM_P_20250917_R19240_004.h5,mm/day,cm^3/cm^3,40.92,MODERATE,"[""Sustained 7-day antecedent precipitation (198.2 mm)""]",PROTOTYPE OPERATIONAL TRIGGER PARAMETERS — REQUIRES REGIONAL SCIENTIFIC CALIBRATION
NER_PILOT_01,"Gangtok, Sikkim",Sikkim,27.33,88.61,2025-09-18,4.445000171661377,16.940000534057617,143.35999250411987,0.2559526860713959,WARNING,PM_6PM,PM_NON_RECOMMENDED,VALID,VALID,COMPLETE,2025-09-18,0,3B-DAY.MS.MRG.3IMERG.20250918-S000000-E235959.V07B.nc4,SMAP_L3_SM_P_20250918_R19240_002.h5,mm/day,cm^3/cm^3,27.57,LOW,"[""Low overall dynamic environmental triggering pressure""]",PROTOTYPE OPERATIONAL TRIGGER PARAMETERS — REQUIRES REGIONAL SCIENTIFIC CALIBRATION
NER_PILOT_02,"Guwahati, Assam",Assam,26.14,91.73,2025-09-18,3.5749993324279785,37.52499771118164,126.32999181747437,0.335338294506073,WARNING,AM_PM_MEAN,AM_PM_NON_RECOMMENDED_MEAN,VALID,VALID,COMPLETE,2025-09-18,0,3B-DAY.MS.MRG.3IMERG.20250918-S000000-E235959.V07B.nc4,SMAP_L3_SM_P_20250918_R19240_002.h5,mm/day,cm^3/cm^3,33.59,LOW,"[""High volumetric soil moisture saturation (0.335 cm\u00b3/cm\u00b3)""]",PROTOTYPE OPERATIONAL TRIGGER PARAMETERS — REQUIRES REGIONAL SCIENTIFIC CALIBRATION
NER_PILOT_03,"Shillong, Meghalaya",Meghalaya,25.57,91.88,2025-09-18,4.360000133514404,18.790000438690186,91.80999708175659,0.3506689816713333,HIGH,AM_PM_MEAN,AM_PM_RECOMMENDED_MEAN,VALID,VALID,COMPLETE,2025-09-18,0,3B-DAY.MS.MRG.3IMERG.20250918-S000000-E235959.V07B.nc4,SMAP_L3_SM_P_20250918_R19240_002.h5,mm/day,cm^3/cm^3,28.0,LOW,"[""High volumetric soil moisture saturation (0.351 cm\u00b3/cm\u00b3)""]",PROTOTYPE OPERATIONAL TRIGGER PARAMETERS — REQUIRES REGIONAL SCIENTIFIC CALIBRATION
NER_PILOT_04,"Aizawl, Mizoram",Mizoram,23.73,92.71,2025-09-18,2.0299999713897705,4.364999771118164,100.29499626159668,,INVALID,N/A,INVALID_RETRIEVAL,VALID,INVALID_RETRIEVAL,PARTIAL_RAINFALL_ONLY,2025-09-18,0,3B-DAY.MS.MRG.3IMERG.20250918-S000000-E235959.V07B.nc4,SMAP_L3_SM_P_20250918_R19240_002.h5,mm/day,cm^3/cm^3,11.88,LOW,"[""Low overall dynamic environmental triggering pressure""]",PROTOTYPE OPERATIONAL TRIGGER PARAMETERS — REQUIRES REGIONAL SCIENTIFIC CALIBRATION
NER_PILOT_05,"Kohima, Nagaland",Nagaland,25.67,94.11,2025-09-18,4.549999713897705,27.895004749298096,121.24500226974487,,INVALID,N/A,INVALID_RETRIEVAL,VALID,INVALID_RETRIEVAL,PARTIAL_RAINFALL_ONLY,2025-09-18,0,3B-DAY.MS.MRG.3IMERG.20250918-S000000-E235959.V07B.nc4,SMAP_L3_SM_P_20250918_R19240_002.h5,mm/day,cm^3/cm^3,20.8,LOW,"[""Low overall dynamic environmental triggering pressure""]",PROTOTYPE OPERATIONAL TRIGGER PARAMETERS — REQUIRES REGIONAL SCIENTIFIC CALIBRATION
NER_PILOT_06,"Imphal, Manipur",Manipur,24.81,93.94,2025-09-18,2.234999656677246,16.224998712539673,175.8649914264679,,INVALID,N/A,INVALID_RETRIEVAL,VALID,INVALID_RETRIEVAL,PARTIAL_RAINFALL_ONLY,2025-09-18,0,3B-DAY.MS.MRG.3IMERG.20250918-S000000-E235959.V07B.nc4,SMAP_L3_SM_P_20250918_R19240_002.h5,mm/day,cm^3/cm^3,22.48,LOW,"[""Sustained 7-day antecedent precipitation (175.9 mm)""]",PROTOTYPE OPERATIONAL TRIGGER PARAMETERS — REQUIRES REGIONAL SCIENTIFIC CALIBRATION
NER_PILOT_07,"Itanagar, Arunachal Pradesh",Arunachal Pradesh,27.08,93.61,2025-09-18,13.024999618530273,96.89999008178711,240.59498739242554,,INVALID,N/A,INVALID_RETRIEVAL,VALID,INVALID_RETRIEVAL,PARTIAL_RAINFALL_ONLY,2025-09-18,0,3B-DAY.MS.MRG.3IMERG.20250918-S000000-E235959.V07B.nc4,SMAP_L3_SM_P_20250918_R19240_002.h5,mm/day,cm^3/cm^3,53.17,MODERATE,"[""Sustained 7-day antecedent precipitation (240.6 mm)""]",PROTOTYPE OPERATIONAL TRIGGER PARAMETERS — REQUIRES REGIONAL SCIENTIFIC CALIBRATION
NER_PILOT_08,"Agartala, Tripura",Tripura,23.83,91.28,2025-09-18,0.7450000047683716,5.599999785423279,77.63500249385834,0.460231751203537,RECOMMENDED,PM_6PM,PM_RECOMMENDED,VALID,VALID,COMPLETE,2025-09-18,0,3B-DAY.MS.MRG.3IMERG.20250918-S000000-E235959.V07B.nc4,SMAP_L3_SM_P_20250918_R19240_002.h5,mm/day,cm^3/cm^3,27.55,LOW,"[""High volumetric soil moisture saturation (0.460 cm\u00b3/cm\u00b3)""]",PROTOTYPE OPERATIONAL TRIGGER PARAMETERS — REQUIRES REGIONAL SCIENTIFIC CALIBRATION
GSI_SITE_01,Kukinala slide (Hailakandi),Assam,24.27,92.5,2025-09-18,9.329999923706055,45.65499687194824,174.50499725341797,0.460231751203537,RECOMMENDED,PM_6PM,PM_RECOMMENDED,VALID,VALID,COMPLETE,2025-09-18,0,3B-DAY.MS.MRG.3IMERG.20250918-S000000-E235959.V07B.nc4,SMAP_L3_SM_P_20250918_R19240_002.h5,mm/day,cm^3/cm^3,45.89,MODERATE,"[""High volumetric soil moisture saturation (0.460 cm\u00b3/cm\u00b3)""]",PROTOTYPE OPERATIONAL TRIGGER PARAMETERS — REQUIRES REGIONAL SCIENTIFIC CALIBRATION
GSI_SITE_02,Jalnachaura slide (Hailakandi),Assam,24.31,92.56,2025-09-18,7.070000648498535,34.42500019073486,189.9249963760376,0.460231751203537,RECOMMENDED,PM_6PM,PM_RECOMMENDED,VALID,VALID,COMPLETE,2025-09-18,0,3B-DAY.MS.MRG.3IMERG.20250918-S000000-E235959.V07B.nc4,SMAP_L3_SM_P_20250918_R19240_002.h5,mm/day,cm^3/cm^3,44.2,MODERATE,"[""Sustained 7-day antecedent precipitation (189.9 mm)"", ""High volumetric soil moisture saturation (0.460 cm\u00b3/cm\u00b3)""]",PROTOTYPE OPERATIONAL TRIGGER PARAMETERS — REQUIRES REGIONAL SCIENTIFIC CALIBRATION
GSI_SITE_03,Nandagram slide (Hailakandi),Assam,24.32,92.51,2025-09-18,7.070000648498535,34.42500019073486,189.9249963760376,0.460231751203537,RECOMMENDED,PM_6PM,PM_RECOMMENDED,VALID,VALID,COMPLETE,2025-09-18,0,3B-DAY.MS.MRG.3IMERG.20250918-S000000-E235959.V07B.nc4,SMAP_L3_SM_P_20250918_R19240_002.h5,mm/day,cm^3/cm^3,44.2,MODERATE,"[""Sustained 7-day antecedent precipitation (189.9 mm)"", ""High volumetric soil moisture saturation (0.460 cm\u00b3/cm\u00b3)""]",PROTOTYPE OPERATIONAL TRIGGER PARAMETERS — REQUIRES REGIONAL SCIENTIFIC CALIBRATION
GSI_SITE_04,Nishkar slide (Hailakandi),Assam,24.43,92.55,2025-09-18,12.260000228881836,35.69499731063843,186.14499807357788,0.460231751203537,RECOMMENDED,PM_6PM,PM_RECOMMENDED,VALID,VALID,COMPLETE,2025-09-18,0,3B-DAY.MS.MRG.3IMERG.20250918-S000000-E235959.V07B.nc4,SMAP_L3_SM_P_20250918_R19240_002.h5,mm/day,cm^3/cm^3,45.71,MODERATE,"[""Sustained 7-day antecedent precipitation (186.1 mm)"", ""High volumetric soil moisture saturation (0.460 cm\u00b3/cm\u00b3)""]",PROTOTYPE OPERATIONAL TRIGGER PARAMETERS — REQUIRES REGIONAL SCIENTIFIC CALIBRATION
GSI_SITE_05,Paglacherra slide (Karimganj),Assam,24.44,92.5,2025-09-18,14.059999465942383,36.80000066757202,185.00999402999878,0.460231751203537,RECOMMENDED,PM_6PM,PM_RECOMMENDED,VALID,VALID,COMPLETE,2025-09-18,0,3B-DAY.MS.MRG.3IMERG.20250918-S000000-E235959.V07B.nc4,SMAP_L3_SM_P_20250918_R19240_002.h5,mm/day,cm^3/cm^3,46.38,MODERATE,"[""Sustained 7-day antecedent precipitation (185.0 mm)"", ""High volumetric soil moisture saturation (0.460 cm\u00b3/cm\u00b3)""]",PROTOTYPE OPERATIONAL TRIGGER PARAMETERS — REQUIRES REGIONAL SCIENTIFIC CALIBRATION
GSI_SITE_06,Lalpani slide (Hailakandi),Assam,24.44,92.56,2025-09-18,12.260000228881836,35.69499731063843,186.14499807357788,0.460231751203537,RECOMMENDED,PM_6PM,PM_RECOMMENDED,VALID,VALID,COMPLETE,2025-09-18,0,3B-DAY.MS.MRG.3IMERG.20250918-S000000-E235959.V07B.nc4,SMAP_L3_SM_P_20250918_R19240_002.h5,mm/day,cm^3/cm^3,45.71,MODERATE,"[""Sustained 7-day antecedent precipitation (186.1 mm)"", ""High volumetric soil moisture saturation (0.460 cm\u00b3/cm\u00b3)""]",PROTOTYPE OPERATIONAL TRIGGER PARAMETERS — REQUIRES REGIONAL SCIENTIFIC CALIBRATION
GSI_SITE_07,Garapunjislide (Hailakandi),Assam,24.46,92.52,2025-09-18,12.260000228881836,35.69499731063843,186.14499807357788,0.3956702947616577,RECOMMENDED,PM_6PM,PM_RECOMMENDED,VALID,VALID,COMPLETE,2025-09-18,0,3B-DAY.MS.MRG.3IMERG.20250918-S000000-E235959.V07B.nc4,SMAP_L3_SM_P_20250918_R19240_002.h5,mm/day,cm^3/cm^3,43.29,MODERATE,"[""Sustained 7-day antecedent precipitation (186.1 mm)"", ""High volumetric soil moisture saturation (0.396 cm\u00b3/cm\u00b3)""]",PROTOTYPE OPERATIONAL TRIGGER PARAMETERS — REQUIRES REGIONAL SCIENTIFIC CALIBRATION
NER_PILOT_01,"Gangtok, Sikkim",Sikkim,27.33,88.61,2025-09-19,8.25999927520752,17.594999313354492,135.44499254226685,,INVALID,N/A,INVALID_RETRIEVAL,VALID,INVALID_RETRIEVAL,PARTIAL_RAINFALL_ONLY,2025-09-19,0,3B-DAY.MS.MRG.3IMERG.20250919-S000000-E235959.V07B.nc4,SMAP_L3_SM_P_20250919_R19240_001.h5,mm/day,cm^3/cm^3,21.04,LOW,"[""Low overall dynamic environmental triggering pressure""]",PROTOTYPE OPERATIONAL TRIGGER PARAMETERS — REQUIRES REGIONAL SCIENTIFIC CALIBRATION
NER_PILOT_02,"Guwahati, Assam",Assam,26.14,91.73,2025-09-19,26.720001220703125,34.55500030517578,135.8499960899353,,INVALID,N/A,INVALID_RETRIEVAL,VALID,INVALID_RETRIEVAL,PARTIAL_RAINFALL_ONLY,2025-09-19,0,3B-DAY.MS.MRG.3IMERG.20250919-S000000-E235959.V07B.nc4,SMAP_L3_SM_P_20250919_R19240_001.h5,mm/day,cm^3/cm^3,32.24,LOW,"[""Low overall dynamic environmental triggering pressure""]",PROTOTYPE OPERATIONAL TRIGGER PARAMETERS — REQUIRES REGIONAL SCIENTIFIC CALIBRATION
NER_PILOT_03,"Shillong, Meghalaya",Meghalaya,25.57,91.88,2025-09-19,9.005000114440918,19.299999713897705,78.5499997138977,,INVALID,N/A,INVALID_RETRIEVAL,VALID,INVALID_RETRIEVAL,PARTIAL_RAINFALL_ONLY,2025-09-19,0,3B-DAY.MS.MRG.3IMERG.20250919-S000000-E235959.V07B.nc4,SMAP_L3_SM_P_20250919_R19240_001.h5,mm/day,cm^3/cm^3,16.06,LOW,"[""Low overall dynamic environmental triggering pressure""]",PROTOTYPE OPERATIONAL TRIGGER PARAMETERS — REQUIRES REGIONAL SCIENTIFIC CALIBRATION
NER_PILOT_04,"Aizawl, Mizoram",Mizoram,23.73,92.71,2025-09-19,5.729999542236328,9.554999351501465,87.79499626159668,,INVALID,N/A,INVALID_RETRIEVAL,VALID,INVALID_RETRIEVAL,PARTIAL_RAINFALL_ONLY,2025-09-19,0,3B-DAY.MS.MRG.3IMERG.20250919-S000000-E235959.V07B.nc4,SMAP_L3_SM_P_20250919_R19240_001.h5,mm/day,cm^3/cm^3,13.32,LOW,"[""Low overall dynamic environmental triggering pressure""]",PROTOTYPE OPERATIONAL TRIGGER PARAMETERS — REQUIRES REGIONAL SCIENTIFIC CALIBRATION
NER_PILOT_05,"Kohima, Nagaland",Nagaland,25.67,94.11,2025-09-19,10.559999465942383,19.119999408721924,121.97000169754028,,INVALID,N/A,INVALID_RETRIEVAL,VALID,INVALID_RETRIEVAL,PARTIAL_RAINFALL_ONLY,2025-09-19,0,3B-DAY.MS.MRG.3IMERG.20250919-S000000-E235959.V07B.nc4,SMAP_L3_SM_P_20250919_R19240_001.h5,mm/day,cm^3/cm^3,20.94,LOW,"[""Low overall dynamic environmental triggering pressure""]",PROTOTYPE OPERATIONAL TRIGGER PARAMETERS — REQUIRES REGIONAL SCIENTIFIC CALIBRATION
NER_PILOT_06,"Imphal, Manipur",Manipur,24.81,93.94,2025-09-19,7.645000457763672,10.990000009536743,165.49999165534973,,INVALID,N/A,INVALID_RETRIEVAL,VALID,INVALID_RETRIEVAL,PARTIAL_RAINFALL_ONLY,2025-09-19,0,3B-DAY.MS.MRG.3IMERG.20250919-S000000-E235959.V07B.nc4,SMAP_L3_SM_P_20250919_R19240_001.h5,mm/day,cm^3/cm^3,22.16,LOW,"[""Low overall dynamic environmental triggering pressure""]",PROTOTYPE OPERATIONAL TRIGGER PARAMETERS — REQUIRES REGIONAL SCIENTIFIC CALIBRATION
NER_PILOT_07,"Itanagar, Arunachal Pradesh",Arunachal Pradesh,27.08,93.61,2025-09-19,10.810001373291016,41.150001525878906,246.51998901367188,,INVALID,N/A,INVALID_RETRIEVAL,VALID,INVALID_RETRIEVAL,PARTIAL_RAINFALL_ONLY,2025-09-19,0,3B-DAY.MS.MRG.3IMERG.20250919-S000000-E235959.V07B.nc4,SMAP_L3_SM_P_20250919_R19240_001.h5,mm/day,cm^3/cm^3,38.99,LOW,"[""Sustained 7-day antecedent precipitation (246.5 mm)""]",PROTOTYPE OPERATIONAL TRIGGER PARAMETERS — REQUIRES REGIONAL SCIENTIFIC CALIBRATION
NER_PILOT_08,"Agartala, Tripura",Tripura,23.83,91.28,2025-09-19,9.249999046325684,12.344998955726624,77.78000104427338,,INVALID,N/A,INVALID_RETRIEVAL,VALID,INVALID_RETRIEVAL,PARTIAL_RAINFALL_ONLY,2025-09-19,0,3B-DAY.MS.MRG.3IMERG.20250919-S000000-E235959.V07B.nc4,SMAP_L3_SM_P_20250919_R19240_001.h5,mm/day,cm^3/cm^3,14.33,LOW,"[""Low overall dynamic environmental triggering pressure""]",PROTOTYPE OPERATIONAL TRIGGER PARAMETERS — REQUIRES REGIONAL SCIENTIFIC CALIBRATION
GSI_SITE_01,Kukinala slide (Hailakandi),Assam,24.27,92.5,2025-09-19,0.07500000298023224,35.32999534904957,132.02499695122242,,INVALID,N/A,INVALID_RETRIEVAL,VALID,INVALID_RETRIEVAL,PARTIAL_RAINFALL_ONLY,2025-09-19,0,3B-DAY.MS.MRG.3IMERG.20250919-S000000-E235959.V07B.nc4,SMAP_L3_SM_P_20250919_R19240_001.h5,mm/day,cm^3/cm^3,22.06,LOW,"[""Low overall dynamic environmental triggering pressure""]",PROTOTYPE OPERATIONAL TRIGGER PARAMETERS — REQUIRES REGIONAL SCIENTIFIC CALIBRATION
GSI_SITE_02,Jalnachaura slide (Hailakandi),Assam,24.31,92.56,2025-09-19,0.019999999552965164,26.44500019028783,147.32999851182103,,INVALID,N/A,INVALID_RETRIEVAL,VALID,INVALID_RETRIEVAL,PARTIAL_RAINFALL_ONLY,2025-09-19,0,3B-DAY.MS.MRG.3IMERG.20250919-S000000-E235959.V07B.nc4,SMAP_L3_SM_P_20250919_R19240_001.h5,mm/day,cm^3/cm^3,21.35,LOW,"[""Low overall dynamic environmental triggering pressure""]",PROTOTYPE OPERATIONAL TRIGGER PARAMETERS — REQUIRES REGIONAL SCIENTIFIC CALIBRATION
GSI_SITE_03,Nandagram slide (Hailakandi),Assam,24.32,92.51,2025-09-19,0.019999999552965164,26.44500019028783,147.32999851182103,,INVALID,N/A,INVALID_RETRIEVAL,VALID,INVALID_RETRIEVAL,PARTIAL_RAINFALL_ONLY,2025-09-19,0,3B-DAY.MS.MRG.3IMERG.20250919-S000000-E235959.V07B.nc4,SMAP_L3_SM_P_20250919_R19240_001.h5,mm/day,cm^3/cm^3,21.35,LOW,"[""Low overall dynamic environmental triggering pressure""]",PROTOTYPE OPERATIONAL TRIGGER PARAMETERS — REQUIRES REGIONAL SCIENTIFIC CALIBRATION
GSI_SITE_04,Nishkar slide (Hailakandi),Assam,24.43,92.55,2025-09-19,0.0,29.944997787475586,130.10999822616577,,INVALID,N/A,INVALID_RETRIEVAL,VALID,INVALID_RETRIEVAL,PARTIAL_RAINFALL_ONLY,2025-09-19,0,3B-DAY.MS.MRG.3IMERG.20250919-S000000-E235959.V07B.nc4,SMAP_L3_SM_P_20250919_R19240_001.h5,mm/day,cm^3/cm^3,20.5,LOW,"[""Low overall dynamic environmental triggering pressure""]",PROTOTYPE OPERATIONAL TRIGGER PARAMETERS — REQUIRES REGIONAL SCIENTIFIC CALIBRATION
GSI_SITE_05,Paglacherra slide (Karimganj),Assam,24.44,92.5,2025-09-19,0.12999999523162842,32.60000121593475,133.25999677181244,,INVALID,N/A,INVALID_RETRIEVAL,VALID,INVALID_RETRIEVAL,PARTIAL_RAINFALL_ONLY,2025-09-19,0,3B-DAY.MS.MRG.3IMERG.20250919-S000000-E235959.V07B.nc4,SMAP_L3_SM_P_20250919_R19240_001.h5,mm/day,cm^3/cm^3,21.52,LOW,"[""Low overall dynamic environmental triggering pressure""]",PROTOTYPE OPERATIONAL TRIGGER PARAMETERS — REQUIRES REGIONAL SCIENTIFIC CALIBRATION
GSI_SITE_06,Lalpani slide (Hailakandi),Assam,24.44,92.56,2025-09-19,0.0,29.944997787475586,130.10999822616577,,INVALID,N/A,INVALID_RETRIEVAL,VALID,INVALID_RETRIEVAL,PARTIAL_RAINFALL_ONLY,2025-09-19,0,3B-DAY.MS.MRG.3IMERG.20250919-S000000-E235959.V07B.nc4,SMAP_L3_SM_P_20250919_R19240_001.h5,mm/day,cm^3/cm^3,20.5,LOW,"[""Low overall dynamic environmental triggering pressure""]",PROTOTYPE OPERATIONAL TRIGGER PARAMETERS — REQUIRES REGIONAL SCIENTIFIC CALIBRATION
GSI_SITE_07,Garapunjislide (Hailakandi),Assam,24.46,92.52,2025-09-19,0.0,29.944997787475586,130.10999822616577,,INVALID,N/A,INVALID_RETRIEVAL,VALID,INVALID_RETRIEVAL,PARTIAL_RAINFALL_ONLY,2025-09-19,0,3B-DAY.MS.MRG.3IMERG.20250919-S000000-E235959.V07B.nc4,SMAP_L3_SM_P_20250919_R19240_001.h5,mm/day,cm^3/cm^3,20.5,LOW,"[""Low overall dynamic environmental triggering pressure""]",PROTOTYPE OPERATIONAL TRIGGER PARAMETERS — REQUIRES REGIONAL SCIENTIFIC CALIBRATION
NER_PILOT_01,"Gangtok, Sikkim",Sikkim,27.33,88.61,2025-09-20,8.954999923706055,21.65999937057495,94.21999597549438,0.2522626146674156,WARNING,AM_PM_MEAN,AM_PM_NON_RECOMMENDED_MEAN,VALID,VALID,COMPLETE,2025-09-20,0,3B-DAY.MS.MRG.3IMERG.20250920-S000000-E235959.V07B.nc4,SMAP_L3_SM_P_20250920_R19240_001.h5,mm/day,cm^3/cm^3,25.77,LOW,"[""Low overall dynamic environmental triggering pressure""]",PROTOTYPE OPERATIONAL TRIGGER PARAMETERS — REQUIRES REGIONAL SCIENTIFIC CALIBRATION
NER_PILOT_02,"Guwahati, Assam",Assam,26.14,91.73,2025-09-20,16.774999618530273,47.07000017166138,102.4799952507019,0.28151801228523254,WARNING,AM_PM_MEAN,AM_PM_NON_RECOMMENDED_MEAN,VALID,VALID,COMPLETE,2025-09-20,0,3B-DAY.MS.MRG.3IMERG.20250920-S000000-E235959.V07B.nc4,SMAP_L3_SM_P_20250920_R19240_001.h5,mm/day,cm^3/cm^3,35.16,LOW,"[""Low overall dynamic environmental triggering pressure""]",PROTOTYPE OPERATIONAL TRIGGER PARAMETERS — REQUIRES REGIONAL SCIENTIFIC CALIBRATION
NER_PILOT_03,"Shillong, Meghalaya",Meghalaya,25.57,91.88,2025-09-20,31.644996643066406,45.00999689102173,78.97999620437622,0.22432565689086914,HIGH,AM_PM_MEAN,AM_PM_RECOMMENDED_MEAN,VALID,VALID,COMPLETE,2025-09-20,0,3B-DAY.MS.MRG.3IMERG.20250920-S000000-E235959.V07B.nc4,SMAP_L3_SM_P_20250920_R19240_001.h5,mm/day,cm^3/cm^3,34.78,LOW,"[""Low overall dynamic environmental triggering pressure""]",PROTOTYPE OPERATIONAL TRIGGER PARAMETERS — REQUIRES REGIONAL SCIENTIFIC CALIBRATION
NER_PILOT_04,"Aizawl, Mizoram",Mizoram,23.73,92.71,2025-09-20,2.6050000190734863,10.364999532699585,64.13999795913696,,INVALID,N/A,INVALID_RETRIEVAL,VALID,INVALID_RETRIEVAL,PARTIAL_RAINFALL_ONLY,2025-09-20,0,3B-DAY.MS.MRG.3IMERG.20250920-S000000-E235959.V07B.nc4,SMAP_L3_SM_P_20250920_R19240_001.h5,mm/day,cm^3/cm^3,9.98,LOW,"[""Low overall dynamic environmental triggering pressure""]",PROTOTYPE OPERATIONAL TRIGGER PARAMETERS — REQUIRES REGIONAL SCIENTIFIC CALIBRATION
NER_PILOT_05,"Kohima, Nagaland",Nagaland,25.67,94.11,2025-09-20,3.7899999618530273,18.899999141693115,85.09500455856323,,INVALID,N/A,INVALID_RETRIEVAL,VALID,INVALID_RETRIEVAL,PARTIAL_RAINFALL_ONLY,2025-09-20,0,3B-DAY.MS.MRG.3IMERG.20250920-S000000-E235959.V07B.nc4,SMAP_L3_SM_P_20250920_R19240_001.h5,mm/day,cm^3/cm^3,14.66,LOW,"[""Low overall dynamic environmental triggering pressure""]",PROTOTYPE OPERATIONAL TRIGGER PARAMETERS — REQUIRES REGIONAL SCIENTIFIC CALIBRATION
NER_PILOT_06,"Imphal, Manipur",Manipur,24.81,93.94,2025-09-20,0.14499999582767487,10.025000110268593,82.874995008111,,INVALID,N/A,INVALID_RETRIEVAL,VALID,INVALID_RETRIEVAL,PARTIAL_RAINFALL_ONLY,2025-09-20,0,3B-DAY.MS.MRG.3IMERG.20250920-S000000-E235959.V07B.nc4,SMAP_L3_SM_P_20250920_R19240_001.h5,mm/day,cm^3/cm^3,10.85,LOW,"[""Low overall dynamic environmental triggering pressure""]",PROTOTYPE OPERATIONAL TRIGGER PARAMETERS — REQUIRES REGIONAL SCIENTIFIC CALIBRATION
NER_PILOT_07,"Itanagar, Arunachal Pradesh",Arunachal Pradesh,27.08,93.61,2025-09-20,7.9800004959106445,31.815001487731934,222.5549898147583,0.15090271830558777,WARNING,PM_6PM,PM_NON_RECOMMENDED,VALID,VALID,COMPLETE,2025-09-20,0,3B-DAY.MS.MRG.3IMERG.20250920-S000000-E235959.V07B.nc4,SMAP_L3_SM_P_20250920_R19240_001.h5,mm/day,cm^3/cm^3,33.27,LOW,"[""Sustained 7-day antecedent precipitation (222.6 mm)""]",PROTOTYPE OPERATIONAL TRIGGER PARAMETERS — REQUIRES REGIONAL SCIENTIFIC CALIBRATION
NER_PILOT_08,"Agartala, Tripura",Tripura,23.83,91.28,2025-09-20,2.499999761581421,12.494998812675476,65.87000095844269,0.33903734385967255,HIGH,AM_PM_MEAN,AM_PM_RECOMMENDED_MEAN,VALID,VALID,COMPLETE,2025-09-20,0,3B-DAY.MS.MRG.3IMERG.20250920-S000000-E235959.V07B.nc4,SMAP_L3_SM_P_20250920_R19240_001.h5,mm/day,cm^3/cm^3,23.59,LOW,"[""High volumetric soil moisture saturation (0.339 cm\u00b3/cm\u00b3)""]",PROTOTYPE OPERATIONAL TRIGGER PARAMETERS — REQUIRES REGIONAL SCIENTIFIC CALIBRATION
GSI_SITE_01,Kukinala slide (Hailakandi),Assam,24.27,92.5,2025-09-20,0.23499998450279236,9.63999991118908,106.39499907195568,0.33903734385967255,HIGH,AM_PM_MEAN,AM_PM_RECOMMENDED_MEAN,VALID,VALID,COMPLETE,2025-09-20,0,3B-DAY.MS.MRG.3IMERG.20250920-S000000-E235959.V07B.nc4,SMAP_L3_SM_P_20250920_R19240_001.h5,mm/day,cm^3/cm^3,25.58,LOW,"[""High volumetric soil moisture saturation (0.339 cm\u00b3/cm\u00b3)""]",PROTOTYPE OPERATIONAL TRIGGER PARAMETERS — REQUIRES REGIONAL SCIENTIFIC CALIBRATION
GSI_SITE_02,Jalnachaura slide (Hailakandi),Assam,24.31,92.56,2025-09-20,0.3349999785423279,7.425000626593828,92.54500337317586,0.33903734385967255,HIGH,AM_PM_MEAN,AM_PM_RECOMMENDED_MEAN,VALID,VALID,COMPLETE,2025-09-20,0,3B-DAY.MS.MRG.3IMERG.20250920-S000000-E235959.V07B.nc4,SMAP_L3_SM_P_20250920_R19240_001.h5,mm/day,cm^3/cm^3,24.06,LOW,"[""High volumetric soil moisture saturation (0.339 cm\u00b3/cm\u00b3)""]",PROTOTYPE OPERATIONAL TRIGGER PARAMETERS — REQUIRES REGIONAL SCIENTIFIC CALIBRATION
GSI_SITE_03,Nandagram slide (Hailakandi),Assam,24.32,92.51,2025-09-20,0.3349999785423279,7.425000626593828,92.54500337317586,0.33903734385967255,HIGH,AM_PM_MEAN,AM_PM_RECOMMENDED_MEAN,VALID,VALID,COMPLETE,2025-09-20,0,3B-DAY.MS.MRG.3IMERG.20250920-S000000-E235959.V07B.nc4,SMAP_L3_SM_P_20250920_R19240_001.h5,mm/day,cm^3/cm^3,24.06,LOW,"[""High volumetric soil moisture saturation (0.339 cm\u00b3/cm\u00b3)""]",PROTOTYPE OPERATIONAL TRIGGER PARAMETERS — REQUIRES REGIONAL SCIENTIFIC CALIBRATION
GSI_SITE_04,Nishkar slide (Hailakandi),Assam,24.43,92.55,2025-09-20,0.125,12.385000228881836,96.88999700546265,0.33903734385967255,HIGH,AM_PM_MEAN,AM_PM_RECOMMENDED_MEAN,VALID,VALID,COMPLETE,2025-09-20,0,3B-DAY.MS.MRG.3IMERG.20250920-S000000-E235959.V07B.nc4,SMAP_L3_SM_P_20250920_R19240_001.h5,mm/day,cm^3/cm^3,25.33,LOW,"[""High volumetric soil moisture saturation (0.339 cm\u00b3/cm\u00b3)""]",PROTOTYPE OPERATIONAL TRIGGER PARAMETERS — REQUIRES REGIONAL SCIENTIFIC CALIBRATION
GSI_SITE_05,Paglacherra slide (Karimganj),Assam,24.44,92.5,2025-09-20,0.125,14.314999461174011,101.77499616146088,0.33903734385967255,HIGH,AM_PM_MEAN,AM_PM_RECOMMENDED_MEAN,VALID,VALID,COMPLETE,2025-09-20,0,3B-DAY.MS.MRG.3IMERG.20250920-S000000-E235959.V07B.nc4,SMAP_L3_SM_P_20250920_R19240_001.h5,mm/day,cm^3/cm^3,26.11,LOW,"[""High volumetric soil moisture saturation (0.339 cm\u00b3/cm\u00b3)""]",PROTOTYPE OPERATIONAL TRIGGER PARAMETERS — REQUIRES REGIONAL SCIENTIFIC CALIBRATION
GSI_SITE_06,Lalpani slide (Hailakandi),Assam,24.44,92.56,2025-09-20,0.125,12.385000228881836,96.88999700546265,0.33903734385967255,HIGH,AM_PM_MEAN,AM_PM_RECOMMENDED_MEAN,VALID,VALID,COMPLETE,2025-09-20,0,3B-DAY.MS.MRG.3IMERG.20250920-S000000-E235959.V07B.nc4,SMAP_L3_SM_P_20250920_R19240_001.h5,mm/day,cm^3/cm^3,25.33,LOW,"[""High volumetric soil moisture saturation (0.339 cm\u00b3/cm\u00b3)""]",PROTOTYPE OPERATIONAL TRIGGER PARAMETERS — REQUIRES REGIONAL SCIENTIFIC CALIBRATION
GSI_SITE_07,Garapunjislide (Hailakandi),Assam,24.46,92.52,2025-09-20,0.125,12.385000228881836,96.88999700546265,0.30723679065704346,HIGH,AM_PM_MEAN,AM_PM_RECOMMENDED_MEAN,VALID,VALID,COMPLETE,2025-09-20,0,3B-DAY.MS.MRG.3IMERG.20250920-S000000-E235959.V07B.nc4,SMAP_L3_SM_P_20250920_R19240_001.h5,mm/day,cm^3/cm^3,23.92,LOW,"[""High volumetric soil moisture saturation (0.307 cm\u00b3/cm\u00b3)""]",PROTOTYPE OPERATIONAL TRIGGER PARAMETERS — REQUIRES REGIONAL SCIENTIFIC CALIBRATION
NER_PILOT_01,"Gangtok, Sikkim",Sikkim,27.33,88.61,2025-09-21,8.13499927520752,25.349998474121094,96.48499488830566,0.2431814968585968,WARNING,PM_6PM,PM_NON_RECOMMENDED,VALID,VALID,COMPLETE,2025-09-21,0,3B-DAY.MS.MRG.3IMERG.20250921-S000000-E235959.V07B.nc4,SMAP_L3_SM_P_20250921_R19240_002.h5,mm/day,cm^3/cm^3,26.04,LOW,"[""Low overall dynamic environmental triggering pressure""]",PROTOTYPE OPERATIONAL TRIGGER PARAMETERS — REQUIRES REGIONAL SCIENTIFIC CALIBRATION
NER_PILOT_02,"Guwahati, Assam",Assam,26.14,91.73,2025-09-21,13.0,56.4950008392334,97.28999853134155,,INVALID,N/A,INVALID_RETRIEVAL,VALID,INVALID_RETRIEVAL,PARTIAL_RAINFALL_ONLY,2025-09-21,0,3B-DAY.MS.MRG.3IMERG.20250921-S000000-E235959.V07B.nc4,SMAP_L3_SM_P_20250921_R19240_002.h5,mm/day,cm^3/cm^3,28.73,LOW,"[""Low overall dynamic environmental triggering pressure""]",PROTOTYPE OPERATIONAL TRIGGER PARAMETERS — REQUIRES REGIONAL SCIENTIFIC CALIBRATION
NER_PILOT_03,"Shillong, Meghalaya",Meghalaya,25.57,91.88,2025-09-21,6.505000114440918,47.15499687194824,76.13499784469604,,INVALID,N/A,INVALID_RETRIEVAL,VALID,INVALID_RETRIEVAL,PARTIAL_RAINFALL_ONLY,2025-09-21,0,3B-DAY.MS.MRG.3IMERG.20250921-S000000-E235959.V07B.nc4,SMAP_L3_SM_P_20250921_R19240_002.h5,mm/day,cm^3/cm^3,21.84,LOW,"[""Low overall dynamic environmental triggering pressure""]",PROTOTYPE OPERATIONAL TRIGGER PARAMETERS — REQUIRES REGIONAL SCIENTIFIC CALIBRATION
NER_PILOT_04,"Aizawl, Mizoram",Mizoram,23.73,92.71,2025-09-21,16.55499839782715,24.889997959136963,42.59499788284302,,INVALID,N/A,INVALID_RETRIEVAL,VALID,INVALID_RETRIEVAL,PARTIAL_RAINFALL_ONLY,2025-09-21,0,3B-DAY.MS.MRG.3IMERG.20250921-S000000-E235959.V07B.nc4,SMAP_L3_SM_P_20250921_R19240_002.h5,mm/day,cm^3/cm^3,16.69,LOW,"[""Low overall dynamic environmental triggering pressure""]",PROTOTYPE OPERATIONAL TRIGGER PARAMETERS — REQUIRES REGIONAL SCIENTIFIC CALIBRATION
NER_PILOT_05,"Kohima, Nagaland",Nagaland,25.67,94.11,2025-09-21,5.195000171661377,19.544999599456787,65.73000526428223,,INVALID,N/A,INVALID_RETRIEVAL,VALID,INVALID_RETRIEVAL,PARTIAL_RAINFALL_ONLY,2025-09-21,0,3B-DAY.MS.MRG.3IMERG.20250921-S000000-E235959.V07B.nc4,SMAP_L3_SM_P_20250921_R19240_002.h5,mm/day,cm^3/cm^3,13.41,LOW,"[""Low overall dynamic environmental triggering pressure""]",PROTOTYPE OPERATIONAL TRIGGER PARAMETERS — REQUIRES REGIONAL SCIENTIFIC CALIBRATION
NER_PILOT_06,"Imphal, Manipur",Manipur,24.81,93.94,2025-09-21,2.0450000762939453,9.835000529885292,73.4099939018488,,INVALID,N/A,INVALID_RETRIEVAL,VALID,INVALID_RETRIEVAL,PARTIAL_RAINFALL_ONLY,2025-09-21,0,3B-DAY.MS.MRG.3IMERG.20250921-S000000-E235959.V07B.nc4,SMAP_L3_SM_P_20250921_R19240_002.h5,mm/day,cm^3/cm^3,10.57,LOW,"[""Low overall dynamic environmental triggering pressure""]",PROTOTYPE OPERATIONAL TRIGGER PARAMETERS — REQUIRES REGIONAL SCIENTIFIC CALIBRATION
NER_PILOT_07,"Itanagar, Arunachal Pradesh",Arunachal Pradesh,27.08,93.61,2025-09-21,1.7300000190734863,20.520001888275146,143.08999013900757,,INVALID,N/A,INVALID_RETRIEVAL,VALID,INVALID_RETRIEVAL,PARTIAL_RAINFALL_ONLY,2025-09-21,0,3B-DAY.MS.MRG.3IMERG.20250921-S000000-E235959.V07B.nc4,SMAP_L3_SM_P_20250921_R19240_002.h5,mm/day,cm^3/cm^3,20.09,LOW,"[""Low overall dynamic environmental triggering pressure""]",PROTOTYPE OPERATIONAL TRIGGER PARAMETERS — REQUIRES REGIONAL SCIENTIFIC CALIBRATION
NER_PILOT_08,"Agartala, Tripura",Tripura,23.83,91.28,2025-09-21,21.604999542236328,33.35499835014343,56.86999714374542,0.3384343385696411,RECOMMENDED,PM_6PM,PM_RECOMMENDED,VALID,VALID,COMPLETE,2025-09-21,0,3B-DAY.MS.MRG.3IMERG.20250921-S000000-E235959.V07B.nc4,SMAP_L3_SM_P_20250921_R19240_002.h5,mm/day,cm^3/cm^3,32.74,LOW,"[""High volumetric soil moisture saturation (0.338 cm\u00b3/cm\u00b3)""]",PROTOTYPE OPERATIONAL TRIGGER PARAMETERS — REQUIRES REGIONAL SCIENTIFIC CALIBRATION
GSI_SITE_01,Kukinala slide (Hailakandi),Assam,24.27,92.5,2025-09-21,5.384999752044678,5.694999739527702,68.51499561965466,0.3384343385696411,RECOMMENDED,PM_6PM,PM_RECOMMENDED,VALID,VALID,COMPLETE,2025-09-21,0,3B-DAY.MS.MRG.3IMERG.20250921-S000000-E235959.V07B.nc4,SMAP_L3_SM_P_20250921_R19240_002.h5,mm/day,cm^3/cm^3,23.28,LOW,"[""High volumetric soil moisture saturation (0.338 cm\u00b3/cm\u00b3)""]",PROTOTYPE OPERATIONAL TRIGGER PARAMETERS — REQUIRES REGIONAL SCIENTIFIC CALIBRATION
GSI_SITE_02,Jalnachaura slide (Hailakandi),Assam,24.31,92.56,2025-09-21,1.9850001335144043,2.3400001116096973,57.395001370459795,0.3384343385696411,RECOMMENDED,PM_6PM,PM_RECOMMENDED,VALID,VALID,COMPLETE,2025-09-21,0,3B-DAY.MS.MRG.3IMERG.20250921-S000000-E235959.V07B.nc4,SMAP_L3_SM_P_20250921_R19240_002.h5,mm/day,cm^3/cm^3,20.7,LOW,"[""High volumetric soil moisture saturation (0.338 cm\u00b3/cm\u00b3)""]",PROTOTYPE OPERATIONAL TRIGGER PARAMETERS — REQUIRES REGIONAL SCIENTIFIC CALIBRATION
GSI_SITE_03,Nandagram slide (Hailakandi),Assam,24.32,92.51,2025-09-21,1.9850001335144043,2.3400001116096973,57.395001370459795,0.3384343385696411,RECOMMENDED,PM_6PM,PM_RECOMMENDED,VALID,VALID,COMPLETE,2025-09-21,0,3B-DAY.MS.MRG.3IMERG.20250921-S000000-E235959.V07B.nc4,SMAP_L3_SM_P_20250921_R19240_002.h5,mm/day,cm^3/cm^3,20.7,LOW,"[""High volumetric soil moisture saturation (0.338 cm\u00b3/cm\u00b3)""]",PROTOTYPE OPERATIONAL TRIGGER PARAMETERS — REQUIRES REGIONAL SCIENTIFIC CALIBRATION
GSI_SITE_04,Nishkar slide (Hailakandi),Assam,24.43,92.55,2025-09-21,2.7099997997283936,2.8349997997283936,63.45499634742737,0.3384343385696411,RECOMMENDED,PM_6PM,PM_RECOMMENDED,VALID,VALID,COMPLETE,2025-09-21,0,3B-DAY.MS.MRG.3IMERG.20250921-S000000-E235959.V07B.nc4,SMAP_L3_SM_P_20250921_R19240_002.h5,mm/day,cm^3/cm^3,21.5,LOW,"[""High volumetric soil moisture saturation (0.338 cm\u00b3/cm\u00b3)""]",PROTOTYPE OPERATIONAL TRIGGER PARAMETERS — REQUIRES REGIONAL SCIENTIFIC CALIBRATION
GSI_SITE_05,Paglacherra slide (Karimganj),Assam,24.44,92.5,2025-09-21,3.8299999237060547,4.084999918937683,62.174999594688416,0.3384343385696411,RECOMMENDED,PM_6PM,PM_RECOMMENDED,VALID,VALID,COMPLETE,2025-09-21,0,3B-DAY.MS.MRG.3IMERG.20250921-S000000-E235959.V07B.nc4,SMAP_L3_SM_P_20250921_R19240_002.h5,mm/day,cm^3/cm^3,21.98,LOW,"[""High volumetric soil moisture saturation (0.338 cm\u00b3/cm\u00b3)""]",PROTOTYPE OPERATIONAL TRIGGER PARAMETERS — REQUIRES REGIONAL SCIENTIFIC CALIBRATION
GSI_SITE_06,Lalpani slide (Hailakandi),Assam,24.44,92.56,2025-09-21,2.7099997997283936,2.8349997997283936,63.45499634742737,0.3384343385696411,RECOMMENDED,PM_6PM,PM_RECOMMENDED,VALID,VALID,COMPLETE,2025-09-21,0,3B-DAY.MS.MRG.3IMERG.20250921-S000000-E235959.V07B.nc4,SMAP_L3_SM_P_20250921_R19240_002.h5,mm/day,cm^3/cm^3,21.5,LOW,"[""High volumetric soil moisture saturation (0.338 cm\u00b3/cm\u00b3)""]",PROTOTYPE OPERATIONAL TRIGGER PARAMETERS — REQUIRES REGIONAL SCIENTIFIC CALIBRATION
GSI_SITE_07,Garapunjislide (Hailakandi),Assam,24.46,92.52,2025-09-21,2.7099997997283936,2.8349997997283936,63.45499634742737,0.2989017069339752,RECOMMENDED,PM_6PM,PM_RECOMMENDED,VALID,VALID,COMPLETE,2025-09-21,0,3B-DAY.MS.MRG.3IMERG.20250921-S000000-E235959.V07B.nc4,SMAP_L3_SM_P_20250921_R19240_002.h5,mm/day,cm^3/cm^3,19.74,LOW,"[""Low overall dynamic environmental triggering pressure""]",PROTOTYPE OPERATIONAL TRIGGER PARAMETERS — REQUIRES REGIONAL SCIENTIFIC CALIBRATION
NER_PILOT_01,"Gangtok, Sikkim",Sikkim,27.33,88.61,2025-09-22,4.474999904632568,21.564999103546143,46.76499891281128,,INVALID,N/A,INVALID_RETRIEVAL,VALID,INVALID_RETRIEVAL,PARTIAL_RAINFALL_ONLY,2025-09-22,0,3B-DAY.MS.MRG.3IMERG.20250922-S000000-E235959.V07B.nc4,SMAP_L3_SM_P_20250922_R19240_001.h5,mm/day,cm^3/cm^3,11.75,LOW,"[""Low overall dynamic environmental triggering pressure""]",PROTOTYPE OPERATIONAL TRIGGER PARAMETERS — REQUIRES REGIONAL SCIENTIFIC CALIBRATION
NER_PILOT_02,"Guwahati, Assam",Assam,26.14,91.73,2025-09-22,5.940000057220459,35.71499967575073,99.9599986076355,0.3931206464767456,WARNING,AM_6AM,AM_NON_RECOMMENDED,VALID,VALID,COMPLETE,2025-09-22,0,3B-DAY.MS.MRG.3IMERG.20250922-S000000-E235959.V07B.nc4,SMAP_L3_SM_P_20250922_R19240_001.h5,mm/day,cm^3/cm^3,34.39,LOW,"[""High volumetric soil moisture saturation (0.393 cm\u00b3/cm\u00b3)""]",PROTOTYPE OPERATIONAL TRIGGER PARAMETERS — REQUIRES REGIONAL SCIENTIFIC CALIBRATION
NER_PILOT_03,"Shillong, Meghalaya",Meghalaya,25.57,91.88,2025-09-22,18.89499855041504,57.04499530792236,84.83999586105347,0.2852972447872162,RECOMMENDED,AM_6AM,AM_RECOMMENDED,VALID,VALID,COMPLETE,2025-09-22,0,3B-DAY.MS.MRG.3IMERG.20250922-S000000-E235959.V07B.nc4,SMAP_L3_SM_P_20250922_R19240_001.h5,mm/day,cm^3/cm^3,36.54,LOW,"[""Low overall dynamic environmental triggering pressure""]",PROTOTYPE OPERATIONAL TRIGGER PARAMETERS — REQUIRES REGIONAL SCIENTIFIC CALIBRATION
NER_PILOT_04,"Aizawl, Mizoram",Mizoram,23.73,92.71,2025-09-22,30.974998474121094,50.13499689102173,60.22999620437622,,INVALID,N/A,INVALID_RETRIEVAL,VALID,INVALID_RETRIEVAL,PARTIAL_RAINFALL_ONLY,2025-09-22,0,3B-DAY.MS.MRG.3IMERG.20250922-S000000-E235959.V07B.nc4,SMAP_L3_SM_P_20250922_R19240_001.h5,mm/day,cm^3/cm^3,30.17,LOW,"[""Low overall dynamic environmental triggering pressure""]",PROTOTYPE OPERATIONAL TRIGGER PARAMETERS — REQUIRES REGIONAL SCIENTIFIC CALIBRATION
NER_PILOT_05,"Kohima, Nagaland",Nagaland,25.67,94.11,2025-09-22,10.479999542236328,19.464999675750732,57.92000389099121,,INVALID,N/A,INVALID_RETRIEVAL,VALID,INVALID_RETRIEVAL,PARTIAL_RAINFALL_ONLY,2025-09-22,0,3B-DAY.MS.MRG.3IMERG.20250922-S000000-E235959.V07B.nc4,SMAP_L3_SM_P_20250922_R19240_001.h5,mm/day,cm^3/cm^3,14.59,LOW,"[""Low overall dynamic environmental triggering pressure""]",PROTOTYPE OPERATIONAL TRIGGER PARAMETERS — REQUIRES REGIONAL SCIENTIFIC CALIBRATION
NER_PILOT_06,"Imphal, Manipur",Manipur,24.81,93.94,2025-09-22,2.3550000190734863,4.5450000911951065,28.41499926149845,,INVALID,N/A,INVALID_RETRIEVAL,VALID,INVALID_RETRIEVAL,PARTIAL_RAINFALL_ONLY,2025-09-22,0,3B-DAY.MS.MRG.3IMERG.20250922-S000000-E235959.V07B.nc4,SMAP_L3_SM_P_20250922_R19240_001.h5,mm/day,cm^3/cm^3,4.86,LOW,"[""Low overall dynamic environmental triggering pressure""]",PROTOTYPE OPERATIONAL TRIGGER PARAMETERS — REQUIRES REGIONAL SCIENTIFIC CALIBRATION
NER_PILOT_07,"Itanagar, Arunachal Pradesh",Arunachal Pradesh,27.08,93.61,2025-09-22,1.034999966621399,10.74500048160553,118.45499193668365,0.10550507344305515,WARNING,AM_PM_MEAN,AM_PM_NON_RECOMMENDED_MEAN,VALID,VALID,COMPLETE,2025-09-22,0,3B-DAY.MS.MRG.3IMERG.20250922-S000000-E235959.V07B.nc4,SMAP_L3_SM_P_20250922_R19240_001.h5,mm/day,cm^3/cm^3,16.63,LOW,"[""Low overall dynamic environmental triggering pressure""]",PROTOTYPE OPERATIONAL TRIGGER PARAMETERS — REQUIRES REGIONAL SCIENTIFIC CALIBRATION
NER_PILOT_08,"Agartala, Tripura",Tripura,23.83,91.28,2025-09-22,8.534998893737793,32.63999819755554,47.489997029304504,0.4006396234035492,RECOMMENDED,AM_6AM,AM_RECOMMENDED,VALID,VALID,COMPLETE,2025-09-22,0,3B-DAY.MS.MRG.3IMERG.20250922-S000000-E235959.V07B.nc4,SMAP_L3_SM_P_20250922_R19240_001.h5,mm/day,cm^3/cm^3,30.69,LOW,"[""High volumetric soil moisture saturation (0.401 cm\u00b3/cm\u00b3)""]",PROTOTYPE OPERATIONAL TRIGGER PARAMETERS — REQUIRES REGIONAL SCIENTIFIC CALIBRATION
GSI_SITE_01,Kukinala slide (Hailakandi),Assam,24.27,92.5,2025-09-22,24.299999237060547,29.919998973608017,75.64999584853649,0.4006396234035492,RECOMMENDED,AM_6AM,AM_RECOMMENDED,VALID,VALID,COMPLETE,2025-09-22,0,3B-DAY.MS.MRG.3IMERG.20250922-S000000-E235959.V07B.nc4,SMAP_L3_SM_P_20250922_R19240_001.h5,mm/day,cm^3/cm^3,37.13,LOW,"[""High volumetric soil moisture saturation (0.401 cm\u00b3/cm\u00b3)""]",PROTOTYPE OPERATIONAL TRIGGER PARAMETERS — REQUIRES REGIONAL SCIENTIFIC CALIBRATION
GSI_SITE_02,Jalnachaura slide (Hailakandi),Assam,24.31,92.56,2025-09-22,31.294998168945312,33.614998281002045,68.05999847128987,0.4006396234035492,RECOMMENDED,AM_6AM,AM_RECOMMENDED,VALID,VALID,COMPLETE,2025-09-22,0,3B-DAY.MS.MRG.3IMERG.20250922-S000000-E235959.V07B.nc4,SMAP_L3_SM_P_20250922_R19240_001.h5,mm/day,cm^3/cm^3,39.36,LOW,"[""High volumetric soil moisture saturation (0.401 cm\u00b3/cm\u00b3)""]",PROTOTYPE OPERATIONAL TRIGGER PARAMETERS — REQUIRES REGIONAL SCIENTIFIC CALIBRATION
GSI_SITE_03,Nandagram slide (Hailakandi),Assam,24.32,92.51,2025-09-22,31.294998168945312,33.614998281002045,68.05999847128987,0.4006396234035492,RECOMMENDED,AM_6AM,AM_RECOMMENDED,VALID,VALID,COMPLETE,2025-09-22,0,3B-DAY.MS.MRG.3IMERG.20250922-S000000-E235959.V07B.nc4,SMAP_L3_SM_P_20250922_R19240_001.h5,mm/day,cm^3/cm^3,39.36,LOW,"[""High volumetric soil moisture saturation (0.401 cm\u00b3/cm\u00b3)""]",PROTOTYPE OPERATIONAL TRIGGER PARAMETERS — REQUIRES REGIONAL SCIENTIFIC CALIBRATION
GSI_SITE_04,Nishkar slide (Hailakandi),Assam,24.43,92.55,2025-09-22,34.084999084472656,36.91999888420105,72.61499619483948,0.4006396234035492,RECOMMENDED,AM_6AM,AM_RECOMMENDED,VALID,VALID,COMPLETE,2025-09-22,0,3B-DAY.MS.MRG.3IMERG.20250922-S000000-E235959.V07B.nc4,SMAP_L3_SM_P_20250922_R19240_001.h5,mm/day,cm^3/cm^3,41.22,MODERATE,"[""High volumetric soil moisture saturation (0.401 cm\u00b3/cm\u00b3)""]",PROTOTYPE OPERATIONAL TRIGGER PARAMETERS — REQUIRES REGIONAL SCIENTIFIC CALIBRATION
GSI_SITE_05,Paglacherra slide (Karimganj),Assam,24.44,92.5,2025-09-22,34.3599967956543,38.31499671936035,75.244997382164,0.4006396234035492,RECOMMENDED,AM_6AM,AM_RECOMMENDED,VALID,VALID,COMPLETE,2025-09-22,0,3B-DAY.MS.MRG.3IMERG.20250922-S000000-E235959.V07B.nc4,SMAP_L3_SM_P_20250922_R19240_001.h5,mm/day,cm^3/cm^3,41.8,MODERATE,"[""High volumetric soil moisture saturation (0.401 cm\u00b3/cm\u00b3)""]",PROTOTYPE OPERATIONAL TRIGGER PARAMETERS — REQUIRES REGIONAL SCIENTIFIC CALIBRATION
GSI_SITE_06,Lalpani slide (Hailakandi),Assam,24.44,92.56,2025-09-22,34.084999084472656,36.91999888420105,72.61499619483948,0.4006396234035492,RECOMMENDED,AM_6AM,AM_RECOMMENDED,VALID,VALID,COMPLETE,2025-09-22,0,3B-DAY.MS.MRG.3IMERG.20250922-S000000-E235959.V07B.nc4,SMAP_L3_SM_P_20250922_R19240_001.h5,mm/day,cm^3/cm^3,41.22,MODERATE,"[""High volumetric soil moisture saturation (0.401 cm\u00b3/cm\u00b3)""]",PROTOTYPE OPERATIONAL TRIGGER PARAMETERS — REQUIRES REGIONAL SCIENTIFIC CALIBRATION
GSI_SITE_07,Garapunjislide (Hailakandi),Assam,24.46,92.52,2025-09-22,34.084999084472656,36.91999888420105,72.61499619483948,,INVALID,N/A,INVALID_RETRIEVAL,VALID,INVALID_RETRIEVAL,PARTIAL_RAINFALL_ONLY,2025-09-22,0,3B-DAY.MS.MRG.3IMERG.20250922-S000000-E235959.V07B.nc4,SMAP_L3_SM_P_20250922_R19240_001.h5,mm/day,cm^3/cm^3,29.27,LOW,"[""Low overall dynamic environmental triggering pressure""]",PROTOTYPE OPERATIONAL TRIGGER PARAMETERS — REQUIRES REGIONAL SCIENTIFIC CALIBRATION
NER_PILOT_01,"Gangtok, Sikkim",Sikkim,27.33,88.61,2025-09-23,1.0799999237060547,13.689999103546143,40.23999834060669,0.25438475608825684,WARNING,PM_6PM,PM_NON_RECOMMENDED,VALID,VALID,COMPLETE,2025-09-23,0,3B-DAY.MS.MRG.3IMERG.20250923-S000000-E235959.V07B.nc4,SMAP_L3_SM_P_20250923_R19240_001.h5,mm/day,cm^3/cm^3,17.59,LOW,"[""Low overall dynamic environmental triggering pressure""]",PROTOTYPE OPERATIONAL TRIGGER PARAMETERS — REQUIRES REGIONAL SCIENTIFIC CALIBRATION
NER_PILOT_02,"Guwahati, Assam",Assam,26.14,91.73,2025-09-23,0.0,18.94000005722046,70.26999998092651,0.295502245426178,WARNING,PM_6PM,PM_NON_RECOMMENDED,VALID,VALID,COMPLETE,2025-09-23,0,3B-DAY.MS.MRG.3IMERG.20250923-S000000-E235959.V07B.nc4,SMAP_L3_SM_P_20250923_R19240_001.h5,mm/day,cm^3/cm^3,22.54,LOW,"[""Low overall dynamic environmental triggering pressure""]",PROTOTYPE OPERATIONAL TRIGGER PARAMETERS — REQUIRES REGIONAL SCIENTIFIC CALIBRATION
NER_PILOT_03,"Shillong, Meghalaya",Meghalaya,25.57,91.88,2025-09-23,0.0,25.399998664855957,76.34499502182007,0.34942883253097534,RECOMMENDED,PM_6PM,PM_RECOMMENDED,VALID,VALID,COMPLETE,2025-09-23,0,3B-DAY.MS.MRG.3IMERG.20250923-S000000-E235959.V07B.nc4,SMAP_L3_SM_P_20250923_R19240_001.h5,mm/day,cm^3/cm^3,26.72,LOW,"[""High volumetric soil moisture saturation (0.349 cm\u00b3/cm\u00b3)""]",PROTOTYPE OPERATIONAL TRIGGER PARAMETERS — REQUIRES REGIONAL SCIENTIFIC CALIBRATION
NER_PILOT_04,"Aizawl, Mizoram",Mizoram,23.73,92.71,2025-09-23,106.65501403808594,154.18501091003418,166.34501028060913,,INVALID,N/A,INVALID_RETRIEVAL,VALID,INVALID_RETRIEVAL,PARTIAL_RAINFALL_ONLY,2025-09-23,0,3B-DAY.MS.MRG.3IMERG.20250923-S000000-E235959.V07B.nc4,SMAP_L3_SM_P_20250923_R19240_001.h5,mm/day,cm^3/cm^3,91.63,HIGH,"[""Heavy 1-day rainfall accumulation (106.7 mm/day)"", ""High 3-day antecedent precipitation (154.2 mm)""]",PROTOTYPE OPERATIONAL TRIGGER PARAMETERS — REQUIRES REGIONAL SCIENTIFIC CALIBRATION
NER_PILOT_05,"Kohima, Nagaland",Nagaland,25.67,94.11,2025-09-23,3.7950000762939453,19.46999979019165,42.3799991607666,,INVALID,N/A,INVALID_RETRIEVAL,VALID,INVALID_RETRIEVAL,PARTIAL_RAINFALL_ONLY,2025-09-23,0,3B-DAY.MS.MRG.3IMERG.20250923-S000000-E235959.V07B.nc4,SMAP_L3_SM_P_20250923_R19240_001.h5,mm/day,cm^3/cm^3,10.53,LOW,"[""Low overall dynamic environmental triggering pressure""]",PROTOTYPE OPERATIONAL TRIGGER PARAMETERS — REQUIRES REGIONAL SCIENTIFIC CALIBRATION
NER_PILOT_06,"Imphal, Manipur",Manipur,24.81,93.94,2025-09-23,0.574999988079071,4.975000083446503,16.11000008881092,,INVALID,N/A,INVALID_RETRIEVAL,VALID,INVALID_RETRIEVAL,PARTIAL_RAINFALL_ONLY,2025-09-23,0,3B-DAY.MS.MRG.3IMERG.20250923-S000000-E235959.V07B.nc4,SMAP_L3_SM_P_20250923_R19240_001.h5,mm/day,cm^3/cm^3,3.07,LOW,"[""Low overall dynamic environmental triggering pressure""]",PROTOTYPE OPERATIONAL TRIGGER PARAMETERS — REQUIRES REGIONAL SCIENTIFIC CALIBRATION
NER_PILOT_07,"Itanagar, Arunachal Pradesh",Arunachal Pradesh,27.08,93.61,2025-09-23,0.7049999833106995,3.4699999690055847,52.600001990795135,0.1720341145992279,WARNING,AM_PM_MEAN,AM_PM_NON_RECOMMENDED_MEAN,VALID,VALID,COMPLETE,2025-09-23,0,3B-DAY.MS.MRG.3IMERG.20250923-S000000-E235959.V07B.nc4,SMAP_L3_SM_P_20250923_R19240_001.h5,mm/day,cm^3/cm^3,12.76,LOW,"[""Low overall dynamic environmental triggering pressure""]",PROTOTYPE OPERATIONAL TRIGGER PARAMETERS — REQUIRES REGIONAL SCIENTIFIC CALIBRATION
NER_PILOT_08,"Agartala, Tripura",Tripura,23.83,91.28,2025-09-23,0.09999999403953552,30.239998430013657,45.0849971473217,0.43723589181900024,RECOMMENDED,PM_6PM,PM_RECOMMENDED,VALID,VALID,COMPLETE,2025-09-23,0,3B-DAY.MS.MRG.3IMERG.20250923-S000000-E235959.V07B.nc4,SMAP_L3_SM_P_20250923_R19240_001.h5,mm/day,cm^3/cm^3,29.12,LOW,"[""High volumetric soil moisture saturation (0.437 cm\u00b3/cm\u00b3)""]",PROTOTYPE OPERATIONAL TRIGGER PARAMETERS — REQUIRES REGIONAL SCIENTIFIC CALIBRATION
GSI_SITE_01,Kukinala slide (Hailakandi),Assam,24.27,92.5,2025-09-23,19.434999465942383,49.11999845504761,84.68499378859997,0.43723589181900024,RECOMMENDED,PM_6PM,PM_RECOMMENDED,VALID,VALID,COMPLETE,2025-09-23,0,3B-DAY.MS.MRG.3IMERG.20250923-S000000-E235959.V07B.nc4,SMAP_L3_SM_P_20250923_R19240_001.h5,mm/day,cm^3/cm^3,41.86,MODERATE,"[""High volumetric soil moisture saturation (0.437 cm\u00b3/cm\u00b3)""]",PROTOTYPE OPERATIONAL TRIGGER PARAMETERS — REQUIRES REGIONAL SCIENTIFIC CALIBRATION
GSI_SITE_02,Jalnachaura slide (Hailakandi),Assam,24.31,92.56,2025-09-23,18.220001220703125,51.49999952316284,78.279999691993,0.43723589181900024,RECOMMENDED,PM_6PM,PM_RECOMMENDED,VALID,VALID,COMPLETE,2025-09-23,0,3B-DAY.MS.MRG.3IMERG.20250923-S000000-E235959.V07B.nc4,SMAP_L3_SM_P_20250923_R19240_001.h5,mm/day,cm^3/cm^3,41.46,MODERATE,"[""High volumetric soil moisture saturation (0.437 cm\u00b3/cm\u00b3)""]",PROTOTYPE OPERATIONAL TRIGGER PARAMETERS — REQUIRES REGIONAL SCIENTIFIC CALIBRATION
GSI_SITE_03,Nandagram slide (Hailakandi),Assam,24.32,92.51,2025-09-23,18.220001220703125,51.49999952316284,78.279999691993,0.43723589181900024,RECOMMENDED,PM_6PM,PM_RECOMMENDED,VALID,VALID,COMPLETE,2025-09-23,0,3B-DAY.MS.MRG.3IMERG.20250923-S000000-E235959.V07B.nc4,SMAP_L3_SM_P_20250923_R19240_001.h5,mm/day,cm^3/cm^3,41.46,MODERATE,"[""High volumetric soil moisture saturation (0.437 cm\u00b3/cm\u00b3)""]",PROTOTYPE OPERATIONAL TRIGGER PARAMETERS — REQUIRES REGIONAL SCIENTIFIC CALIBRATION
GSI_SITE_04,Nishkar slide (Hailakandi),Assam,24.43,92.55,2025-09-23,7.480000019073486,44.274998903274536,74.34499669075012,0.43723589181900024,RECOMMENDED,PM_6PM,PM_RECOMMENDED,VALID,VALID,COMPLETE,2025-09-23,0,3B-DAY.MS.MRG.3IMERG.20250923-S000000-E235959.V07B.nc4,SMAP_L3_SM_P_20250923_R19240_001.h5,mm/day,cm^3/cm^3,36.48,LOW,"[""High volumetric soil moisture saturation (0.437 cm\u00b3/cm\u00b3)""]",PROTOTYPE OPERATIONAL TRIGGER PARAMETERS — REQUIRES REGIONAL SCIENTIFIC CALIBRATION
GSI_SITE_05,Paglacherra slide (Karimganj),Assam,24.44,92.5,2025-09-23,7.045000076293945,45.2349967956543,77.95999801158905,0.43723589181900024,RECOMMENDED,PM_6PM,PM_RECOMMENDED,VALID,VALID,COMPLETE,2025-09-23,0,3B-DAY.MS.MRG.3IMERG.20250923-S000000-E235959.V07B.nc4,SMAP_L3_SM_P_20250923_R19240_001.h5,mm/day,cm^3/cm^3,36.83,LOW,"[""High volumetric soil moisture saturation (0.437 cm\u00b3/cm\u00b3)""]",PROTOTYPE OPERATIONAL TRIGGER PARAMETERS — REQUIRES REGIONAL SCIENTIFIC CALIBRATION
GSI_SITE_06,Lalpani slide (Hailakandi),Assam,24.44,92.56,2025-09-23,7.480000019073486,44.274998903274536,74.34499669075012,0.43723589181900024,RECOMMENDED,PM_6PM,PM_RECOMMENDED,VALID,VALID,COMPLETE,2025-09-23,0,3B-DAY.MS.MRG.3IMERG.20250923-S000000-E235959.V07B.nc4,SMAP_L3_SM_P_20250923_R19240_001.h5,mm/day,cm^3/cm^3,36.48,LOW,"[""High volumetric soil moisture saturation (0.437 cm\u00b3/cm\u00b3)""]",PROTOTYPE OPERATIONAL TRIGGER PARAMETERS — REQUIRES REGIONAL SCIENTIFIC CALIBRATION
GSI_SITE_07,Garapunjislide (Hailakandi),Assam,24.46,92.52,2025-09-23,7.480000019073486,44.274998903274536,74.34499669075012,0.33295395970344543,RECOMMENDED,PM_6PM,PM_RECOMMENDED,VALID,VALID,COMPLETE,2025-09-23,0,3B-DAY.MS.MRG.3IMERG.20250923-S000000-E235959.V07B.nc4,SMAP_L3_SM_P_20250923_R19240_001.h5,mm/day,cm^3/cm^3,31.84,LOW,"[""High volumetric soil moisture saturation (0.333 cm\u00b3/cm\u00b3)""]",PROTOTYPE OPERATIONAL TRIGGER PARAMETERS — REQUIRES REGIONAL SCIENTIFIC CALIBRATION
NER_PILOT_01,"Gangtok, Sikkim",Sikkim,27.33,88.61,2025-09-29,13.950000762939453,,,,INVALID,N/A,INVALID_RETRIEVAL,INSUFFICIENT_HISTORY,INVALID_RETRIEVAL,PARTIAL_RAINFALL_ONLY,2025-09-29,0,3B-DAY.MS.MRG.3IMERG.20250929-S000000-E235959.V07B.nc4,SMAP_L3_SM_P_20250929_R19240_001.h5,mm/day,cm^3/cm^3,,INSUFFICIENT_DATA,"[""Missing or insufficient rainfall history""]",PROTOTYPE OPERATIONAL TRIGGER PARAMETERS — REQUIRES REGIONAL SCIENTIFIC CALIBRATION
NER_PILOT_02,"Guwahati, Assam",Assam,26.14,91.73,2025-09-29,0.0,,,,INVALID,N/A,INVALID_RETRIEVAL,INSUFFICIENT_HISTORY,INVALID_RETRIEVAL,PARTIAL_RAINFALL_ONLY,2025-09-29,0,3B-DAY.MS.MRG.3IMERG.20250929-S000000-E235959.V07B.nc4,SMAP_L3_SM_P_20250929_R19240_001.h5,mm/day,cm^3/cm^3,,INSUFFICIENT_DATA,"[""Missing or insufficient rainfall history""]",PROTOTYPE OPERATIONAL TRIGGER PARAMETERS — REQUIRES REGIONAL SCIENTIFIC CALIBRATION
NER_PILOT_03,"Shillong, Meghalaya",Meghalaya,25.57,91.88,2025-09-29,33.06999969482422,,,,INVALID,N/A,INVALID_RETRIEVAL,INSUFFICIENT_HISTORY,INVALID_RETRIEVAL,PARTIAL_RAINFALL_ONLY,2025-09-29,0,3B-DAY.MS.MRG.3IMERG.20250929-S000000-E235959.V07B.nc4,SMAP_L3_SM_P_20250929_R19240_001.h5,mm/day,cm^3/cm^3,,INSUFFICIENT_DATA,"[""Missing or insufficient rainfall history""]",PROTOTYPE OPERATIONAL TRIGGER PARAMETERS — REQUIRES REGIONAL SCIENTIFIC CALIBRATION
NER_PILOT_04,"Aizawl, Mizoram",Mizoram,23.73,92.71,2025-09-29,0.0,,,,INVALID,N/A,INVALID_RETRIEVAL,INSUFFICIENT_HISTORY,INVALID_RETRIEVAL,PARTIAL_RAINFALL_ONLY,2025-09-29,0,3B-DAY.MS.MRG.3IMERG.20250929-S000000-E235959.V07B.nc4,SMAP_L3_SM_P_20250929_R19240_001.h5,mm/day,cm^3/cm^3,,INSUFFICIENT_DATA,"[""Missing or insufficient rainfall history""]",PROTOTYPE OPERATIONAL TRIGGER PARAMETERS — REQUIRES REGIONAL SCIENTIFIC CALIBRATION
NER_PILOT_05,"Kohima, Nagaland",Nagaland,25.67,94.11,2025-09-29,8.154999732971191,,,,INVALID,N/A,INVALID_RETRIEVAL,INSUFFICIENT_HISTORY,INVALID_RETRIEVAL,PARTIAL_RAINFALL_ONLY,2025-09-29,0,3B-DAY.MS.MRG.3IMERG.20250929-S000000-E235959.V07B.nc4,SMAP_L3_SM_P_20250929_R19240_001.h5,mm/day,cm^3/cm^3,,INSUFFICIENT_DATA,"[""Missing or insufficient rainfall history""]",PROTOTYPE OPERATIONAL TRIGGER PARAMETERS — REQUIRES REGIONAL SCIENTIFIC CALIBRATION
NER_PILOT_06,"Imphal, Manipur",Manipur,24.81,93.94,2025-09-29,2.419999837875366,,,,INVALID,N/A,INVALID_RETRIEVAL,INSUFFICIENT_HISTORY,INVALID_RETRIEVAL,PARTIAL_RAINFALL_ONLY,2025-09-29,0,3B-DAY.MS.MRG.3IMERG.20250929-S000000-E235959.V07B.nc4,SMAP_L3_SM_P_20250929_R19240_001.h5,mm/day,cm^3/cm^3,,INSUFFICIENT_DATA,"[""Missing or insufficient rainfall history""]",PROTOTYPE OPERATIONAL TRIGGER PARAMETERS — REQUIRES REGIONAL SCIENTIFIC CALIBRATION
NER_PILOT_07,"Itanagar, Arunachal Pradesh",Arunachal Pradesh,27.08,93.61,2025-09-29,0.0,,,,INVALID,N/A,INVALID_RETRIEVAL,INSUFFICIENT_HISTORY,INVALID_RETRIEVAL,PARTIAL_RAINFALL_ONLY,2025-09-29,0,3B-DAY.MS.MRG.3IMERG.20250929-S000000-E235959.V07B.nc4,SMAP_L3_SM_P_20250929_R19240_001.h5,mm/day,cm^3/cm^3,,INSUFFICIENT_DATA,"[""Missing or insufficient rainfall history""]",PROTOTYPE OPERATIONAL TRIGGER PARAMETERS — REQUIRES REGIONAL SCIENTIFIC CALIBRATION
NER_PILOT_08,"Agartala, Tripura",Tripura,23.83,91.28,2025-09-29,0.9099999666213989,,,0.2666393220424652,RECOMMENDED,PM_6PM,PM_RECOMMENDED,INSUFFICIENT_HISTORY,VALID,COMPLETE,2025-09-29,0,3B-DAY.MS.MRG.3IMERG.20250929-S000000-E235959.V07B.nc4,SMAP_L3_SM_P_20250929_R19240_001.h5,mm/day,cm^3/cm^3,,INSUFFICIENT_DATA,"[""Missing or insufficient rainfall history""]",PROTOTYPE OPERATIONAL TRIGGER PARAMETERS — REQUIRES REGIONAL SCIENTIFIC CALIBRATION
GSI_SITE_01,Kukinala slide (Hailakandi),Assam,24.27,92.5,2025-09-29,0.9700000286102295,,,0.2666393220424652,RECOMMENDED,PM_6PM,PM_RECOMMENDED,INSUFFICIENT_HISTORY,VALID,COMPLETE,2025-09-29,0,3B-DAY.MS.MRG.3IMERG.20250929-S000000-E235959.V07B.nc4,SMAP_L3_SM_P_20250929_R19240_001.h5,mm/day,cm^3/cm^3,,INSUFFICIENT_DATA,"[""Missing or insufficient rainfall history""]",PROTOTYPE OPERATIONAL TRIGGER PARAMETERS — REQUIRES REGIONAL SCIENTIFIC CALIBRATION
GSI_SITE_02,Jalnachaura slide (Hailakandi),Assam,24.31,92.56,2025-09-29,1.945000171661377,,,0.2666393220424652,RECOMMENDED,PM_6PM,PM_RECOMMENDED,INSUFFICIENT_HISTORY,VALID,COMPLETE,2025-09-29,0,3B-DAY.MS.MRG.3IMERG.20250929-S000000-E235959.V07B.nc4,SMAP_L3_SM_P_20250929_R19240_001.h5,mm/day,cm^3/cm^3,,INSUFFICIENT_DATA,"[""Missing or insufficient rainfall history""]",PROTOTYPE OPERATIONAL TRIGGER PARAMETERS — REQUIRES REGIONAL SCIENTIFIC CALIBRATION
GSI_SITE_03,Nandagram slide (Hailakandi),Assam,24.32,92.51,2025-09-29,1.945000171661377,,,0.2666393220424652,RECOMMENDED,PM_6PM,PM_RECOMMENDED,INSUFFICIENT_HISTORY,VALID,COMPLETE,2025-09-29,0,3B-DAY.MS.MRG.3IMERG.20250929-S000000-E235959.V07B.nc4,SMAP_L3_SM_P_20250929_R19240_001.h5,mm/day,cm^3/cm^3,,INSUFFICIENT_DATA,"[""Missing or insufficient rainfall history""]",PROTOTYPE OPERATIONAL TRIGGER PARAMETERS — REQUIRES REGIONAL SCIENTIFIC CALIBRATION
GSI_SITE_04,Nishkar slide (Hailakandi),Assam,24.43,92.55,2025-09-29,2.809999942779541,,,0.2666393220424652,RECOMMENDED,PM_6PM,PM_RECOMMENDED,INSUFFICIENT_HISTORY,VALID,COMPLETE,2025-09-29,0,3B-DAY.MS.MRG.3IMERG.20250929-S000000-E235959.V07B.nc4,SMAP_L3_SM_P_20250929_R19240_001.h5,mm/day,cm^3/cm^3,,INSUFFICIENT_DATA,"[""Missing or insufficient rainfall history""]",PROTOTYPE OPERATIONAL TRIGGER PARAMETERS — REQUIRES REGIONAL SCIENTIFIC CALIBRATION
GSI_SITE_05,Paglacherra slide (Karimganj),Assam,24.44,92.5,2025-09-29,2.2049999237060547,,,0.2666393220424652,RECOMMENDED,PM_6PM,PM_RECOMMENDED,INSUFFICIENT_HISTORY,VALID,COMPLETE,2025-09-29,0,3B-DAY.MS.MRG.3IMERG.20250929-S000000-E235959.V07B.nc4,SMAP_L3_SM_P_20250929_R19240_001.h5,mm/day,cm^3/cm^3,,INSUFFICIENT_DATA,"[""Missing or insufficient rainfall history""]",PROTOTYPE OPERATIONAL TRIGGER PARAMETERS — REQUIRES REGIONAL SCIENTIFIC CALIBRATION
GSI_SITE_06,Lalpani slide (Hailakandi),Assam,24.44,92.56,2025-09-29,2.809999942779541,,,0.2666393220424652,RECOMMENDED,PM_6PM,PM_RECOMMENDED,INSUFFICIENT_HISTORY,VALID,COMPLETE,2025-09-29,0,3B-DAY.MS.MRG.3IMERG.20250929-S000000-E235959.V07B.nc4,SMAP_L3_SM_P_20250929_R19240_001.h5,mm/day,cm^3/cm^3,,INSUFFICIENT_DATA,"[""Missing or insufficient rainfall history""]",PROTOTYPE OPERATIONAL TRIGGER PARAMETERS — REQUIRES REGIONAL SCIENTIFIC CALIBRATION
GSI_SITE_07,Garapunjislide (Hailakandi),Assam,24.46,92.52,2025-09-29,2.809999942779541,,,,INVALID,N/A,INVALID_RETRIEVAL,INSUFFICIENT_HISTORY,INVALID_RETRIEVAL,PARTIAL_RAINFALL_ONLY,2025-09-29,0,3B-DAY.MS.MRG.3IMERG.20250929-S000000-E235959.V07B.nc4,SMAP_L3_SM_P_20250929_R19240_001.h5,mm/day,cm^3/cm^3,,INSUFFICIENT_DATA,"[""Missing or insufficient rainfall history""]",PROTOTYPE OPERATIONAL TRIGGER PARAMETERS — REQUIRES REGIONAL SCIENTIFIC CALIBRATION
NER_PILOT_01,"Gangtok, Sikkim",Sikkim,27.33,88.61,2025-09-30,5.4800004959106445,,,0.2876344919204712,WARNING,AM_6AM,AM_NON_RECOMMENDED,INSUFFICIENT_HISTORY,VALID,COMPLETE,2025-09-30,0,3B-DAY.MS.MRG.3IMERG.20250930-S000000-E235959.V07B.nc4,SMAP_L3_SM_P_20250930_R19240_001.h5,mm/day,cm^3/cm^3,,INSUFFICIENT_DATA,"[""Missing or insufficient rainfall history""]",PROTOTYPE OPERATIONAL TRIGGER PARAMETERS — REQUIRES REGIONAL SCIENTIFIC CALIBRATION
NER_PILOT_02,"Guwahati, Assam",Assam,26.14,91.73,2025-09-30,9.78499984741211,,,0.30304720997810364,WARNING,AM_6AM,AM_NON_RECOMMENDED,INSUFFICIENT_HISTORY,VALID,COMPLETE,2025-09-30,0,3B-DAY.MS.MRG.3IMERG.20250930-S000000-E235959.V07B.nc4,SMAP_L3_SM_P_20250930_R19240_001.h5,mm/day,cm^3/cm^3,,INSUFFICIENT_DATA,"[""Missing or insufficient rainfall history""]",PROTOTYPE OPERATIONAL TRIGGER PARAMETERS — REQUIRES REGIONAL SCIENTIFIC CALIBRATION
NER_PILOT_03,"Shillong, Meghalaya",Meghalaya,25.57,91.88,2025-09-30,7.954999923706055,,,0.2726671099662781,RECOMMENDED,AM_6AM,AM_RECOMMENDED,INSUFFICIENT_HISTORY,VALID,COMPLETE,2025-09-30,0,3B-DAY.MS.MRG.3IMERG.20250930-S000000-E235959.V07B.nc4,SMAP_L3_SM_P_20250930_R19240_001.h5,mm/day,cm^3/cm^3,,INSUFFICIENT_DATA,"[""Missing or insufficient rainfall history""]",PROTOTYPE OPERATIONAL TRIGGER PARAMETERS — REQUIRES REGIONAL SCIENTIFIC CALIBRATION
NER_PILOT_04,"Aizawl, Mizoram",Mizoram,23.73,92.71,2025-09-30,20.545000076293945,,,,INVALID,N/A,INVALID_RETRIEVAL,INSUFFICIENT_HISTORY,INVALID_RETRIEVAL,PARTIAL_RAINFALL_ONLY,2025-09-30,0,3B-DAY.MS.MRG.3IMERG.20250930-S000000-E235959.V07B.nc4,SMAP_L3_SM_P_20250930_R19240_001.h5,mm/day,cm^3/cm^3,,INSUFFICIENT_DATA,"[""Missing or insufficient rainfall history""]",PROTOTYPE OPERATIONAL TRIGGER PARAMETERS — REQUIRES REGIONAL SCIENTIFIC CALIBRATION
NER_PILOT_05,"Kohima, Nagaland",Nagaland,25.67,94.11,2025-09-30,7.994999885559082,,,0.029890745878219604,WARNING,PM_6PM,PM_NON_RECOMMENDED,INSUFFICIENT_HISTORY,VALID,COMPLETE,2025-09-30,0,3B-DAY.MS.MRG.3IMERG.20250930-S000000-E235959.V07B.nc4,SMAP_L3_SM_P_20250930_R19240_001.h5,mm/day,cm^3/cm^3,,INSUFFICIENT_DATA,"[""Missing or insufficient rainfall history""]",PROTOTYPE OPERATIONAL TRIGGER PARAMETERS — REQUIRES REGIONAL SCIENTIFIC CALIBRATION
NER_PILOT_06,"Imphal, Manipur",Manipur,24.81,93.94,2025-09-30,14.75500202178955,,,,INVALID,N/A,INVALID_RETRIEVAL,INSUFFICIENT_HISTORY,INVALID_RETRIEVAL,PARTIAL_RAINFALL_ONLY,2025-09-30,0,3B-DAY.MS.MRG.3IMERG.20250930-S000000-E235959.V07B.nc4,SMAP_L3_SM_P_20250930_R19240_001.h5,mm/day,cm^3/cm^3,,INSUFFICIENT_DATA,"[""Missing or insufficient rainfall history""]",PROTOTYPE OPERATIONAL TRIGGER PARAMETERS — REQUIRES REGIONAL SCIENTIFIC CALIBRATION
NER_PILOT_07,"Itanagar, Arunachal Pradesh",Arunachal Pradesh,27.08,93.61,2025-09-30,16.719999313354492,,,0.138066828250885,WARNING,AM_6AM,AM_NON_RECOMMENDED,INSUFFICIENT_HISTORY,VALID,COMPLETE,2025-09-30,0,3B-DAY.MS.MRG.3IMERG.20250930-S000000-E235959.V07B.nc4,SMAP_L3_SM_P_20250930_R19240_001.h5,mm/day,cm^3/cm^3,,INSUFFICIENT_DATA,"[""Missing or insufficient rainfall history""]",PROTOTYPE OPERATIONAL TRIGGER PARAMETERS — REQUIRES REGIONAL SCIENTIFIC CALIBRATION
NER_PILOT_08,"Agartala, Tripura",Tripura,23.83,91.28,2025-09-30,23.559999465942383,,,0.42381229996681213,RECOMMENDED,AM_6AM,AM_RECOMMENDED,INSUFFICIENT_HISTORY,VALID,COMPLETE,2025-09-30,0,3B-DAY.MS.MRG.3IMERG.20250930-S000000-E235959.V07B.nc4,SMAP_L3_SM_P_20250930_R19240_001.h5,mm/day,cm^3/cm^3,,INSUFFICIENT_DATA,"[""Missing or insufficient rainfall history""]",PROTOTYPE OPERATIONAL TRIGGER PARAMETERS — REQUIRES REGIONAL SCIENTIFIC CALIBRATION
GSI_SITE_01,Kukinala slide (Hailakandi),Assam,24.27,92.5,2025-09-30,44.50499725341797,,,0.42381229996681213,RECOMMENDED,AM_6AM,AM_RECOMMENDED,INSUFFICIENT_HISTORY,VALID,COMPLETE,2025-09-30,0,3B-DAY.MS.MRG.3IMERG.20250930-S000000-E235959.V07B.nc4,SMAP_L3_SM_P_20250930_R19240_001.h5,mm/day,cm^3/cm^3,,INSUFFICIENT_DATA,"[""Missing or insufficient rainfall history""]",PROTOTYPE OPERATIONAL TRIGGER PARAMETERS — REQUIRES REGIONAL SCIENTIFIC CALIBRATION
GSI_SITE_02,Jalnachaura slide (Hailakandi),Assam,24.31,92.56,2025-09-30,32.290000915527344,,,0.42381229996681213,RECOMMENDED,AM_6AM,AM_RECOMMENDED,INSUFFICIENT_HISTORY,VALID,COMPLETE,2025-09-30,0,3B-DAY.MS.MRG.3IMERG.20250930-S000000-E235959.V07B.nc4,SMAP_L3_SM_P_20250930_R19240_001.h5,mm/day,cm^3/cm^3,,INSUFFICIENT_DATA,"[""Missing or insufficient rainfall history""]",PROTOTYPE OPERATIONAL TRIGGER PARAMETERS — REQUIRES REGIONAL SCIENTIFIC CALIBRATION
GSI_SITE_03,Nandagram slide (Hailakandi),Assam,24.32,92.51,2025-09-30,32.290000915527344,,,0.42381229996681213,RECOMMENDED,AM_6AM,AM_RECOMMENDED,INSUFFICIENT_HISTORY,VALID,COMPLETE,2025-09-30,0,3B-DAY.MS.MRG.3IMERG.20250930-S000000-E235959.V07B.nc4,SMAP_L3_SM_P_20250930_R19240_001.h5,mm/day,cm^3/cm^3,,INSUFFICIENT_DATA,"[""Missing or insufficient rainfall history""]",PROTOTYPE OPERATIONAL TRIGGER PARAMETERS — REQUIRES REGIONAL SCIENTIFIC CALIBRATION
GSI_SITE_04,Nishkar slide (Hailakandi),Assam,24.43,92.55,2025-09-30,29.049999237060547,,,0.42381229996681213,RECOMMENDED,AM_6AM,AM_RECOMMENDED,INSUFFICIENT_HISTORY,VALID,COMPLETE,2025-09-30,0,3B-DAY.MS.MRG.3IMERG.20250930-S000000-E235959.V07B.nc4,SMAP_L3_SM_P_20250930_R19240_001.h5,mm/day,cm^3/cm^3,,INSUFFICIENT_DATA,"[""Missing or insufficient rainfall history""]",PROTOTYPE OPERATIONAL TRIGGER PARAMETERS — REQUIRES REGIONAL SCIENTIFIC CALIBRATION
GSI_SITE_05,Paglacherra slide (Karimganj),Assam,24.44,92.5,2025-09-30,39.2450065612793,,,0.42381229996681213,RECOMMENDED,AM_6AM,AM_RECOMMENDED,INSUFFICIENT_HISTORY,VALID,COMPLETE,2025-09-30,0,3B-DAY.MS.MRG.3IMERG.20250930-S000000-E235959.V07B.nc4,SMAP_L3_SM_P_20250930_R19240_001.h5,mm/day,cm^3/cm^3,,INSUFFICIENT_DATA,"[""Missing or insufficient rainfall history""]",PROTOTYPE OPERATIONAL TRIGGER PARAMETERS — REQUIRES REGIONAL SCIENTIFIC CALIBRATION
GSI_SITE_06,Lalpani slide (Hailakandi),Assam,24.44,92.56,2025-09-30,29.049999237060547,,,0.42381229996681213,RECOMMENDED,AM_6AM,AM_RECOMMENDED,INSUFFICIENT_HISTORY,VALID,COMPLETE,2025-09-30,0,3B-DAY.MS.MRG.3IMERG.20250930-S000000-E235959.V07B.nc4,SMAP_L3_SM_P_20250930_R19240_001.h5,mm/day,cm^3/cm^3,,INSUFFICIENT_DATA,"[""Missing or insufficient rainfall history""]",PROTOTYPE OPERATIONAL TRIGGER PARAMETERS — REQUIRES REGIONAL SCIENTIFIC CALIBRATION
GSI_SITE_07,Garapunjislide (Hailakandi),Assam,24.46,92.52,2025-09-30,29.049999237060547,,,0.35436344146728516,RECOMMENDED,AM_6AM,AM_RECOMMENDED,INSUFFICIENT_HISTORY,VALID,COMPLETE,2025-09-30,0,3B-DAY.MS.MRG.3IMERG.20250930-S000000-E235959.V07B.nc4,SMAP_L3_SM_P_20250930_R19240_001.h5,mm/day,cm^3/cm^3,,INSUFFICIENT_DATA,"[""Missing or insufficient rainfall history""]",PROTOTYPE OPERATIONAL TRIGGER PARAMETERS — REQUIRES REGIONAL SCIENTIFIC CALIBRATION
